{"type":"FeatureCollection","features":[{"type":"Feature","properties":{"iso":"004","name":"아프가니스탄","en":"Afghanistan"},"geometry":{"type":"Polygon","coordinates":[[[66.5233,37.349],[67.7005,37.2275],[68.0677,36.9497],[68.9101,37.3334],[69.3025,37.1164],[69.4933,37.5539],[70.1881,37.5816],[70.2133,37.9236],[70.8793,38.4566],[71.2573,38.3073],[71.2789,37.9184],[71.5813,37.9097],[71.4337,37.1268],[71.6641,36.6963],[72.6577,37.0296],[72.8953,37.2674],[73.3813,37.4618],[73.7197,37.4184],[73.6549,37.2396],[74.3497,37.4184],[74.8897,37.231],[74.7277,37.29],[74.3713,37.158],[74.5405,37.0226],[74.0401,36.8265],[73.1185,36.8681],[72.2509,36.7345],[71.2321,36.1217],[71.1853,36.0418],[71.5705,35.547],[71.6209,35.1825],[70.9657,34.5297],[71.0953,34.37],[71.0521,34.0489],[70.6525,33.9516],[69.8893,34.0072],[70.2853,33.3683],[69.9217,33.1132],[69.5005,33.0194],[69.2413,32.4344],[69.2809,31.9361],[68.8705,31.6341],[68.5969,31.8025],[68.1613,31.8025],[67.5781,31.5074],[67.7365,31.3442],[67.4521,31.2348],[66.8293,31.2643],[66.3469,30.8025],[66.2389,30.1099],[66.3145,29.9693],[66.1777,29.8356],[65.0941,29.5596],[64.392,29.5439],[64.1004,29.3912],[63.5676,29.4988],[62.4768,29.4085],[60.8424,29.8582],[61.8108,30.9136],[61.6596,31.3824],[60.8208,31.4952],[60.828,32.2486],[60.5616,33.0593],[60.918,33.5055],[60.5112,33.6392],[60.486,34.094],[60.6444,34.3075],[60.8892,34.3197],[60.7272,34.5176],[61.08,34.8561],[61.2636,35.6199],[61.62,35.4325],[61.9836,35.4429],[62.3076,35.1703],[62.6892,35.2554],[63.0564,35.4463],[63.1284,35.8456],[64.0104,36.0123],[64.5108,36.3404],[64.8168,37.132],[65.5549,37.2518],[65.7637,37.5695],[66.5233,37.349]]]}},{"type":"Feature","properties":{"iso":"248","name":"올란드 제도","en":"Åland"},"geometry":{"type":"MultiPolygon","coordinates":[[[[19.9892,60.3511],[20.0864,60.3528],[20.2592,60.2608],[20.1944,60.1931],[20.126,60.2],[20.0432,60.1809],[20.0324,60.0941],[19.7984,60.082],[19.7444,60.0993],[19.6724,60.233],[19.6868,60.2677],[19.7804,60.2851],[19.784,60.2139],[19.8488,60.2209],[19.8704,60.3024],[19.7876,60.3545],[19.8236,60.391],[19.8884,60.4066],[19.946,60.358],[19.9892,60.3511]]],[[[20.612,60.0403],[20.6048,60.0177],[20.522,60.0125],[20.486,60.0334],[20.4104,60.0299],[20.3996,60.0403],[20.4284,60.0611],[20.4896,60.075],[20.5688,60.0698],[20.612,60.0403]]],[[[19.6616,60.1879],[19.6688,60.1653],[19.6292,60.1705],[19.6004,60.1636],[19.5788,60.1358],[19.5356,60.1445],[19.5176,60.1844],[19.55,60.2434],[19.6292,60.2469],[19.6616,60.1879]]]]}},{"type":"Feature","properties":{"iso":"008","name":"알바니아","en":"Albania"},"geometry":{"type":"Polygon","coordinates":[[[19.3412,41.8696],[19.3628,42.0692],[19.28,42.1734],[19.7048,42.6473],[19.7876,42.4754],[20.0648,42.5466],[20.522,42.1716],[20.5832,41.9182],[20.45,41.5206],[20.4896,41.2724],[20.7092,40.9286],[20.9324,40.9026],[21.0296,40.6231],[20.8064,40.446],[20.6588,40.1179],[20.3096,39.9791],[20.3816,39.802],[20.2052,39.6527],[20,39.71],[19.8524,40.0433],[19.4852,40.2099],[19.3232,40.4078],[19.46,40.4061],[19.3376,40.663],[19.46,40.9339],[19.442,41.4251],[19.5788,41.788],[19.3412,41.8696]]]}},{"type":"Feature","properties":{"iso":"012","name":"알제리","en":"Algeria"},"geometry":{"type":"Polygon","coordinates":[[[8.5771,36.9376],[8.6023,36.8334],[8.2063,36.5192],[8.3503,36.3682],[8.2459,35.8022],[8.3935,35.2033],[8.2459,34.7346],[7.5151,34.0801],[7.5007,33.8319],[7.7311,33.2677],[8.1127,33.0559],[8.3323,32.5437],[9.0451,32.0716],[9.5203,30.2297],[9.3115,30.1151],[9.8047,29.1776],[9.9163,27.7854],[9.7471,27.3305],[9.8839,26.6309],[9.4231,26.1466],[9.9991,25.3324],[10.2547,24.5911],[11.5075,24.3151],[11.9683,23.5183],[7.4827,20.8726],[5.8375,19.4786],[3.2562,19.0133],[3.105,19.1505],[3.2562,19.4109],[3.1302,19.8501],[1.755,20.331],[1.611,20.5549],[1.1646,20.817],[1.1466,21.1017],[-4.5162,24.8046],[-8.6851,27.2854],[-8.6779,28.6898],[-8.2639,28.9797],[-7.1407,29.6203],[-6.6367,29.5682],[-6.4783,29.82],[-5.4487,29.9571],[-4.9698,30.4658],[-3.6666,30.964],[-3.6234,31.0664],[-3.8322,31.1983],[-3.7674,31.6896],[-3.0186,31.8337],[-2.8638,32.075],[-1.2258,32.108],[-1.2402,32.3372],[-1.0638,32.4691],[-1.449,32.7851],[-1.6794,33.318],[-1.7946,34.7519],[-2.2194,35.1044],[-1.6722,35.1825],[-0.4266,35.8613],[-0.0486,35.8335],[0.3114,36.1616],[1.2582,36.5192],[2.5938,36.6008],[2.9718,36.7848],[3.7782,36.8959],[4.7574,36.8959],[5.2939,36.6477],[6.4855,37.0851],[6.9283,36.9202],[7.2379,36.9688],[7.2055,37.0921],[7.9111,36.856],[8.5771,36.9376]]]}},{"type":"Feature","properties":{"iso":"016","name":"아메리칸사모아","en":"American Samoa"},"geometry":{"type":"Polygon","coordinates":[[[-170.7263,-14.3509],[-170.7695,-14.3596],[-170.8199,-14.3127],[-170.7191,-14.2763],[-170.6903,-14.2572],[-170.5679,-14.2676],[-170.6399,-14.2815],[-170.7263,-14.3509]]]}},{"type":"Feature","properties":{"iso":"020","name":"안도라","en":"Andorra"},"geometry":{"type":"Polygon","coordinates":[[[1.7046,42.5032],[1.5354,42.4424],[1.449,42.4372],[1.4274,42.4615],[1.431,42.498],[1.4166,42.5483],[1.4274,42.5952],[1.503,42.6421],[1.7082,42.6039],[1.7406,42.5761],[1.7406,42.557],[1.7046,42.5032]]]}},{"type":"Feature","properties":{"iso":"024","name":"앙골라","en":"Angola"},"geometry":{"type":"MultiPolygon","coordinates":[[[[23.9672,-10.872],[24.0464,-11.4049],[23.8808,-12.7989],[23.9636,-12.9882],[21.98,-13.0003],[22.0412,-16.2623],[22.1492,-16.5973],[23.3804,-17.6406],[20.7452,-18.0191],[20.1944,-17.8628],[18.956,-17.8038],[18.398,-17.3993],[14.0167,-17.4098],[13.4767,-17.04],[13.1023,-16.9671],[12.5479,-17.2118],[11.7415,-17.25],[11.7523,-15.8317],[12.0151,-15.514],[12.5515,-13.4378],[12.9835,-12.7764],[13.5991,-12.2868],[13.7863,-11.8129],[13.8475,-11.0542],[12.9979,-9.0474],[13.3579,-8.6881],[13.3795,-8.3704],[12.8251,-6.9555],[12.3031,-6.0927],[13.1851,-5.8566],[16.4324,-5.9],[16.6988,-6.1639],[16.9832,-7.2576],[17.5808,-8.0996],[18.5636,-7.9364],[19.3412,-7.9659],[19.5284,-7.1448],[19.874,-6.9868],[20.5904,-6.9191],[20.6084,-7.2784],[21.782,-7.3149],[21.9044,-8.6933],[21.8144,-9.4693],[22.2752,-10.2592],[22.2248,-11.1219],[22.3148,-11.1983],[22.5596,-11.056],[23.834,-11.0143],[23.9672,-10.872]]],[[[13.0735,-4.6345],[12.8287,-4.7369],[12.4507,-5.072],[12.5227,-5.1484],[12.5047,-5.6952],[12.2131,-5.7594],[12.1555,-5.6327],[12.2059,-5.4678],[12.1771,-5.3254],[12.0187,-5.0043],[12.2059,-4.7786],[12.3463,-4.7248],[12.3859,-4.6189],[12.7999,-4.4314],[12.8827,-4.4453],[13.0735,-4.6345]]]]}},{"type":"Feature","properties":{"iso":"660","name":"앵귈라","en":"Anguilla"},"geometry":{"type":"Polygon","coordinates":[[[-63.0024,18.2217],[-63.1608,18.1714],[-63.1536,18.2009],[-63.0276,18.2703],[-62.9808,18.2651],[-63.0024,18.2217]]]}},{"type":"Feature","properties":{"iso":"028","name":"앤티가 바부다","en":"Antigua and Barb."},"geometry":{"type":"MultiPolygon","coordinates":[[[[-61.7172,17.0378],[-61.7496,16.9978],[-61.8612,17.0135],[-61.8828,17.0638],[-61.8864,17.0985],[-61.818,17.1697],[-61.7388,17.1385],[-61.7064,17.1055],[-61.6848,17.0985],[-61.6848,17.069],[-61.6956,17.0482],[-61.7172,17.0378]]],[[[-61.746,17.5742],[-61.7604,17.5481],[-61.8432,17.5968],[-61.8684,17.6853],[-61.8648,17.7044],[-61.854,17.7148],[-61.8216,17.6974],[-61.7784,17.6905],[-61.7496,17.661],[-61.746,17.5742]]]]}},{"type":"Feature","properties":{"iso":"032","name":"아르헨티나","en":"Argentina"},"geometry":{"type":"MultiPolygon","coordinates":[[[[-57.6096,-30.1885],[-57.8724,-30.5912],[-57.8112,-30.8586],[-58.0344,-31.4158],[-57.9876,-31.6207],[-58.1892,-31.9245],[-58.1712,-32.9591],[-58.4232,-33.1119],[-58.5456,-33.664],[-58.3908,-34.1934],[-58.524,-34.2959],[-58.2828,-34.683],[-57.5484,-35.0198],[-57.1704,-35.3618],[-57.3756,-35.8999],[-57.0768,-36.2975],[-56.7168,-36.3895],[-56.7276,-36.9572],[-57.5484,-38.0856],[-58.1784,-38.4362],[-59.8272,-38.839],[-61.1124,-38.9935],[-61.8468,-38.9622],[-62.3364,-38.8008],[-62.2968,-39.2435],[-62.052,-39.3737],[-62.178,-39.3806],[-62.0772,-39.4622],[-62.1312,-39.825],[-62.286,-39.8945],[-62.4012,-40.1965],[-62.2464,-40.6739],[-62.394,-40.8909],[-62.9592,-41.1097],[-63.6216,-41.16],[-64.8708,-40.7364],[-65.0689,-40.8059],[-65.1553,-41.1062],[-64.986,-42.1027],[-64.536,-42.2554],[-64.572,-42.4169],[-64.4208,-42.4342],[-64.1004,-42.3943],[-64.0608,-42.2658],[-64.23,-42.219],[-63.7944,-42.1131],[-63.6288,-42.2832],[-63.618,-42.6964],[-64.0356,-42.8804],[-64.4892,-42.5141],[-64.9716,-42.6669],[-65.0257,-42.7589],[-64.32,-42.9689],[-64.8384,-43.1894],[-65.2525,-43.5713],[-65.2885,-44.3612],[-65.6485,-44.6615],[-65.6377,-45.007],[-66.1885,-44.9653],[-66.9409,-45.257],[-67.5997,-46.0521],[-67.5061,-46.4427],[-66.7753,-47.0051],[-65.8537,-47.1562],[-65.7745,-47.5676],[-66.2245,-47.8263],[-65.8105,-47.9408],[-67.4665,-48.9512],[-67.6861,-49.2463],[-67.7833,-49.8591],[-67.9129,-49.9841],[-68.2585,-50.1039],[-68.6689,-49.7532],[-68.6617,-49.9355],[-68.9785,-50.0032],[-68.5969,-50.0102],[-68.4205,-50.1577],[-68.9389,-50.3817],[-69.1549,-50.8643],[-69.3601,-51.0275],[-69.2017,-50.9945],[-69.0577,-51.5465],[-69.4645,-51.5847],[-68.9641,-51.6767],[-68.3953,-52.3069],[-69.9613,-52.0083],[-71.9701,-51.9649],[-72.4093,-51.5413],[-72.3049,-51.2983],[-72.3409,-50.682],[-72.5101,-50.6073],[-73.1545,-50.7375],[-73.5001,-50.1247],[-73.5757,-49.5831],[-73.4605,-49.314],[-73.1365,-49.3001],[-73.0321,-49.0137],[-72.6145,-48.7932],[-72.6073,-48.5189],[-72.2941,-48.229],[-72.5173,-47.8766],[-72.3445,-47.493],[-71.9053,-47.2013],[-71.9413,-46.8315],[-71.7001,-46.651],[-71.8765,-46.1597],[-71.6317,-45.9531],[-71.7469,-45.5781],[-71.5093,-45.5122],[-71.3545,-45.2309],[-71.5957,-44.9792],[-72.0421,-44.9046],[-72.0637,-44.7726],[-71.2609,-44.7622],[-71.1601,-44.5608],[-71.2141,-44.4411],[-71.8189,-44.3838],[-71.6785,-43.9289],[-71.9053,-43.3474],[-71.7505,-43.238],[-72.1465,-42.9898],[-72.1069,-42.252],[-71.7505,-42.0471],[-71.9125,-41.6496],[-71.9305,-40.6913],[-71.7073,-40.3823],[-71.8189,-40.1774],[-71.6605,-40.0212],[-71.7217,-39.6358],[-71.5381,-39.6028],[-71.4013,-38.9345],[-70.8577,-38.6046],[-71.1673,-37.7627],[-71.1925,-36.8443],[-71.0557,-36.5231],[-70.4041,-36.0614],[-70.4149,-35.5232],[-70.5553,-35.2472],[-70.3933,-35.1465],[-70.0513,-34.3011],[-69.8533,-34.2247],[-69.8209,-33.2838],[-70.0837,-33.2022],[-70.0225,-32.8845],[-70.3645,-32.0842],[-70.2529,-31.9575],[-70.5841,-31.5686],[-70.5553,-31.3169],[-70.5193,-31.1485],[-70.3105,-31.0235],[-70.1701,-30.3864],[-69.9577,-30.3586],[-69.8425,-30.1746],[-69.9613,-30.0791],[-70.0261,-29.3239],[-69.8281,-29.1035],[-69.6553,-28.4143],[-69.1729,-27.9247],[-68.8453,-27.1539],[-68.3197,-26.9734],[-68.5933,-26.47],[-68.4133,-26.154],[-68.6005,-25.4856],[-68.3845,-25.0916],[-68.5609,-24.8381],[-68.5069,-24.6298],[-68.2513,-24.392],[-67.3549,-24.0343],[-67.0093,-23.0014],[-67.1965,-22.8209],[-66.7105,-22.2167],[-66.3649,-22.1143],[-66.2209,-21.8018],[-65.7709,-22.1004],[-64.6044,-22.2289],[-64.3236,-22.8278],[-63.9204,-22.0293],[-62.844,-21.998],[-61.9296,-23.0587],[-61.0332,-23.7548],[-59.892,-24.0934],[-59.1864,-24.5621],[-57.9588,-25.0499],[-57.6456,-25.3277],[-57.57,-25.5342],[-58.11,-26.18],[-58.1928,-26.6297],[-58.6176,-27.1314],[-58.6032,-27.3137],[-58.1676,-27.2737],[-56.436,-27.5532],[-56.1624,-27.3223],[-55.716,-27.4143],[-55.428,-27.0099],[-55.1364,-26.9317],[-54.7547,-26.5324],[-54.6143,-25.5759],[-54.1535,-25.5238],[-53.8907,-25.6697],[-53.6675,-26.2877],[-53.8367,-27.121],[-54.3263,-27.423],[-54.8303,-27.5497],[-55.1004,-27.8674],[-55.7268,-28.2042],[-55.6872,-28.3813],[-55.8888,-28.3709],[-57.6096,-30.1885]]],[[[-68.6545,-54.8536],[-68.6293,-52.6524],[-68.2405,-53.0812],[-68.4313,-53.0551],[-68.4889,-53.2617],[-68.1613,-53.3068],[-68.0101,-53.5638],[-67.2937,-54.0498],[-66.2353,-54.5342],[-65.1805,-54.6783],[-65.4721,-54.9144],[-66.5125,-55.0324],[-67.1281,-54.904],[-68.6545,-54.8536]]],[[[-64.5504,-54.7165],[-64.4388,-54.739],[-63.816,-54.7251],[-63.834,-54.7685],[-63.9708,-54.8102],[-64.3236,-54.7963],[-64.6368,-54.9022],[-64.7556,-54.8258],[-64.5504,-54.7165]]],[[[-61.8756,-39.1723],[-61.8648,-39.2348],[-61.9188,-39.2278],[-62.0412,-39.1671],[-62.0844,-39.1098],[-62.0916,-39.0855],[-61.9656,-39.1115],[-61.908,-39.1358],[-61.8756,-39.1723]]]]}},{"type":"Feature","properties":{"iso":"051","name":"아르메니아","en":"Armenia"},"geometry":{"type":"MultiPolygon","coordinates":[[[[44.7682,39.703],[44.2894,40.0398],[43.9402,40.0225],[43.6666,40.1266],[43.5694,40.4825],[43.7242,40.7203],[43.4398,41.1075],[45.0023,41.2915],[45.1895,41.1474],[45.0707,41.0762],[45.5891,40.8471],[45.3803,40.6735],[45.4559,40.5328],[45.9635,40.2342],[45.8843,40.0242],[45.5783,39.9773],[46.2011,39.5937],[46.4819,39.5555],[46.3667,39.4027],[46.5863,39.2239],[46.3991,39.1926],[46.4891,38.9062],[46.1147,38.8784],[45.9779,39.2447],[45.7655,39.3784],[45.7511,39.5624],[45.4559,39.4947],[45.1715,39.5711],[45.0311,39.7655],[44.7682,39.703]],[[45.0239,41.0276],[45.0275,41.0536],[45.0203,41.0779],[44.995,41.0849],[44.9626,41.0797],[44.959,41.0519],[44.9698,41.0276],[45.0023,41.0154],[45.0239,41.0276]]],[[[45.5531,40.6162],[45.5135,40.5988],[45.4775,40.6075],[45.4775,40.6491],[45.5063,40.6648],[45.5351,40.6648],[45.5639,40.6491],[45.5531,40.6162]]]]}},{"type":"Feature","properties":{"iso":"533","name":"아루바","en":"Aruba"},"geometry":{"type":"Polygon","coordinates":[[[-69.9001,12.4512],[-69.8965,12.4235],[-69.9433,12.4391],[-70.0045,12.4999],[-70.0657,12.5467],[-70.0513,12.5971],[-70.0369,12.6144],[-69.9721,12.5676],[-69.9109,12.4808],[-69.9001,12.4512]]]}},{"type":"Feature","properties":{"iso":"036","name":"호주","en":"Australia"},"geometry":{"type":"MultiPolygon","coordinates":[[[[143.1788,-11.9552],[143.1104,-12.3042],[143.402,-12.6392],[143.7548,-14.3492],[143.96,-14.4638],[144.4748,-14.2311],[144.6476,-14.4933],[145.2885,-14.9429],[145.4253,-16.4063],[145.7565,-16.8803],[145.9113,-16.9133],[146.1273,-17.6354],[146.0337,-18.2725],[146.3325,-18.5538],[146.3829,-18.9774],[147.1389,-19.394],[147.4197,-19.3784],[147.7437,-19.7707],[148.7589,-20.2898],[148.8849,-20.4807],[148.6833,-20.5797],[149.2053,-21.1248],[149.7057,-22.4407],[149.8209,-22.3903],[149.9757,-22.5501],[149.9433,-22.3088],[150.0765,-22.1647],[150.5409,-22.5587],[150.5697,-22.3834],[150.6741,-22.4181],[150.8433,-23.458],[151.1529,-23.7844],[151.8333,-24.1229],[152.9133,-25.4318],[152.9205,-25.6888],[153.1653,-25.9648],[153.1185,-27.1939],[153.5757,-28.2407],[153.6153,-28.6729],[153.0321,-30.5634],[152.9457,-31.4349],[152.5605,-32.046],[152.4705,-32.4383],[152.1645,-32.7578],[151.8117,-32.9018],[151.2933,-33.5806],[151.2789,-33.9261],[151.1241,-34.0059],[151.2321,-34.0302],[150.8721,-34.499],[150.8037,-35.0128],[150.1953,-35.834],[149.9325,-37.5283],[149.4825,-37.7713],[147.8769,-37.9345],[146.8581,-38.6636],[146.2173,-38.7279],[146.3361,-38.8945],[146.4657,-38.8407],[146.4009,-39.1463],[146.1597,-38.865],[145.9365,-38.9015],[145.7925,-38.6671],[145.3965,-38.5352],[145.5405,-38.3946],[145.4757,-38.2435],[145.2921,-38.2383],[144.9608,-38.5005],[144.716,-38.3407],[144.9104,-38.3442],[145.1193,-38.0908],[144.8924,-37.8998],[144.3956,-38.1376],[144.6656,-38.2105],[143.5388,-38.8216],[142.4552,-38.3859],[141.7244,-38.2713],[141.4256,-38.3633],[141.0116,-38.0769],[140.3888,-37.8963],[139.784,-37.2453],[139.856,-36.662],[139.73,-36.3721],[138.9704,-35.5805],[139.2908,-35.6117],[139.2836,-35.3757],[138.5204,-35.643],[138.1856,-35.6135],[138.5096,-35.025],[138.4916,-34.7628],[138.0884,-34.1691],[137.6924,-35.143],[136.8824,-35.2402],[137.0156,-34.9156],[137.39,-34.9139],[137.4944,-34.1604],[137.9336,-33.5789],[137.8508,-33.2004],[137.9912,-33.0945],[137.7824,-32.5789],[137.7896,-32.8237],[137.2388,-33.6292],[136.4324,-34.0302],[135.8924,-34.6604],[135.968,-34.9816],[135.7916,-34.8635],[135.6476,-34.9399],[135.122,-34.5858],[135.2156,-34.4868],[135.4496,-34.5806],[135.2192,-33.9591],[134.7187,-33.256],[134.3011,-33.1657],[134.0995,-32.7491],[134.2255,-32.73],[134.2327,-32.5477],[133.6639,-32.2074],[133.2103,-32.1831],[132.7567,-31.9557],[132.2131,-32.0078],[131.1439,-31.4957],[128.9479,-31.7023],[127.3207,-32.2647],[125.9167,-32.2977],[124.7574,-32.8828],[124.2426,-33.0147],[123.5082,-33.9157],[122.151,-33.9921],[122.061,-33.874],[121.4058,-33.8271],[119.8542,-33.9747],[119.451,-34.3688],[118.8966,-34.4799],[117.8634,-35.0545],[116.517,-34.9885],[115.9878,-34.7958],[115.5666,-34.4261],[115.0086,-34.2559],[114.9941,-33.5147],[115.3578,-33.6396],[115.6818,-33.1935],[115.6998,-31.6953],[115.077,-30.56],[114.8573,-29.1434],[114.1661,-28.081],[114.0293,-27.3466],[113.1833,-26.1818],[113.3237,-26.2443],[113.3561,-26.0811],[113.5829,-26.5585],[113.8349,-26.5012],[113.8529,-26.3328],[113.3957,-25.7131],[113.4497,-25.5985],[113.7125,-25.8311],[113.7233,-26.1297],[113.8529,-26.0151],[113.9933,-26.3207],[114.0905,-26.3936],[114.2165,-26.2894],[114.2129,-25.8519],[113.4173,-24.4354],[113.4893,-23.8694],[113.7557,-23.4181],[113.7953,-22.9146],[113.6837,-22.6386],[114.0221,-21.8817],[114.1229,-21.8279],[114.1409,-22.4824],[114.3785,-22.3417],[114.7097,-21.8227],[115.455,-21.4911],[116.7078,-20.6543],[117.4062,-20.722],[118.7526,-20.262],[119.1054,-19.9947],[119.5842,-20.0381],[120.999,-19.6041],[121.3374,-19.3194],[121.8342,-18.4774],[122.3454,-18.1111],[122.1438,-17.4288],[122.331,-17.0591],[122.9718,-16.4376],[123.5622,-17.5209],[123.5946,-17.0296],[123.8322,-17.1216],[123.8754,-16.9185],[123.4902,-16.4914],[123.627,-16.4168],[123.6054,-16.2241],[123.7278,-16.1928],[123.8574,-16.382],[124.0446,-16.2657],[124.7718,-16.4029],[124.4046,-16.2987],[124.6494,-15.8699],[124.5054,-15.9723],[124.383,-15.7588],[124.4406,-15.4932],[124.563,-15.4967],[124.6926,-15.2745],[125.0635,-15.4429],[125.0743,-15.3075],[124.9086,-15.3109],[124.8402,-15.1599],[125.0383,-15.0037],[125.3551,-15.12],[125.1787,-14.7155],[125.5783,-14.4828],[125.6287,-14.2572],[125.6611,-14.5297],[125.8195,-14.469],[125.8915,-14.6183],[126.0211,-14.495],[126.0535,-13.9777],[126.2587,-14.1634],[126.4027,-14.0193],[126.5683,-14.1617],[126.9031,-13.7433],[127.4575,-14.0315],[128.1811,-14.712],[128.0695,-15.33],[128.1559,-15.2259],[128.2531,-15.2988],[128.2171,-14.995],[128.5771,-14.7745],[129.0595,-14.8839],[129.2143,-15.1599],[129.2683,-14.8717],[129.6355,-15.1391],[129.6355,-14.8509],[129.8479,-14.8283],[129.6031,-14.6478],[129.6967,-14.5575],[129.3799,-14.3926],[129.7111,-13.9794],[129.8371,-13.5732],[130.2583,-13.3024],[130.1683,-12.9569],[130.3987,-12.6878],[130.6183,-12.6462],[130.6219,-12.4309],[130.8667,-12.5576],[130.8739,-12.3667],[131.2915,-12.0681],[131.4391,-12.2764],[132.2527,-12.1861],[132.4111,-12.2955],[132.5119,-12.134],[132.7135,-12.1236],[132.6739,-11.6497],[131.8207,-11.3025],[131.9611,-11.181],[132.1555,-11.3112],[132.3355,-11.2244],[132.6811,-11.5056],[132.9619,-11.4067],[133.1851,-11.7052],[134.4163,-12.0524],[134.7295,-11.9847],[135.0284,-12.1931],[135.2192,-12.2208],[135.9212,-11.825],[135.7052,-12.2104],[135.9392,-12.1514],[136.0832,-12.4222],[136.2596,-12.4344],[136.2704,-12.1323],[136.5404,-11.957],[136.9472,-12.3493],[136.5368,-12.785],[136.5944,-13.0038],[136.4612,-13.226],[136.2956,-13.1374],[135.9284,-13.3041],[135.9536,-13.9343],[135.4064,-14.7589],[135.4532,-14.9238],[136.292,-15.5696],[136.706,-15.6859],[136.7852,-15.8942],[137.0012,-15.8786],[137.7032,-16.2327],[138.2468,-16.7188],[139.01,-16.8994],[139.2476,-17.3282],[140.036,-17.7031],[140.5112,-17.625],[140.8316,-17.415],[141.4112,-16.0696],[141.6272,-15.0575],[141.4724,-13.7971],[141.6452,-13.259],[141.6128,-12.943],[141.9296,-12.7399],[141.6776,-12.4917],[141.6884,-12.351],[141.872,-11.9761],[141.962,-12.0542],[142.1672,-10.9466],[142.4552,-10.707],[142.6064,-10.7487],[142.5524,-10.8737],[142.7792,-11.115],[142.8728,-11.8216],[143.1788,-11.9552]]],[[[145.0437,-40.7868],[145.2813,-40.7694],[146.3181,-41.1635],[146.7249,-41.0784],[146.8473,-41.1687],[146.9913,-40.9916],[147.4557,-41.002],[147.6213,-40.8441],[147.9705,-40.7798],[148.2153,-40.8545],[148.3413,-42.2155],[148.2153,-41.9707],[148.0245,-42.2589],[147.9129,-42.6582],[147.9813,-43.1564],[147.7869,-43.2207],[147.6465,-43.021],[147.8013,-42.9273],[147.5745,-42.8457],[147.4521,-43.0332],[147.2973,-42.7901],[147.2433,-43.2154],[146.9985,-43.1564],[147.0777,-43.2762],[146.8725,-43.613],[146.5485,-43.5088],[146.0445,-43.547],[145.9941,-43.3769],[146.2065,-43.3161],[145.8717,-43.2918],[145.4865,-42.9273],[145.1985,-42.2311],[145.4685,-42.4933],[145.5153,-42.3544],[145.3317,-42.1478],[145.2345,-42.1964],[145.2381,-42.0193],[144.7664,-41.3909],[144.6476,-40.9812],[144.7196,-40.6722],[145.0437,-40.7868]]],[[[137.5952,-35.7385],[137.8364,-35.7628],[137.93,-35.7263],[138.0452,-35.7558],[138.1244,-35.8531],[138.0128,-35.9069],[137.8364,-35.8669],[137.6708,-35.8982],[137.5916,-36.0267],[137.4476,-36.0753],[137.21,-35.9833],[137.1488,-36.0388],[136.7564,-36.0336],[136.5404,-35.8895],[136.6376,-35.7489],[137.3324,-35.5927],[137.5844,-35.6204],[137.6348,-35.6569],[137.5952,-35.7385]]],[[[130.6183,-11.3754],[130.7515,-11.3841],[130.9135,-11.3094],[131.0215,-11.3337],[131.2699,-11.1897],[131.5399,-11.4362],[131.4679,-11.5091],[131.4571,-11.5872],[131.3815,-11.582],[131.2915,-11.7105],[130.9495,-11.9257],[130.6435,-11.7417],[130.5103,-11.6184],[130.4239,-11.4466],[130.3843,-11.1914],[130.4275,-11.1827],[130.6183,-11.3754]]],[[[153.0789,-25.7512],[153.0537,-25.779],[153.0069,-25.7287],[152.9781,-25.5516],[153.0609,-25.3016],[153.0393,-25.194],[153.2265,-25.0065],[153.2409,-24.9232],[153.1437,-24.8155],[153.2553,-24.7287],[153.2805,-24.7374],[153.2985,-24.9145],[153.3597,-24.977],[153.3489,-25.0638],[153.1401,-25.5134],[153.0789,-25.7512]]],[[[136.7132,-13.8041],[136.7564,-13.8457],[136.8032,-13.8423],[136.8464,-13.7503],[136.8896,-13.7867],[136.904,-13.8266],[136.814,-13.9065],[136.7456,-14.0732],[136.7492,-14.1148],[136.7888,-14.1582],[136.886,-14.1964],[136.9508,-14.1843],[136.9328,-14.2468],[136.8932,-14.2936],[136.7636,-14.2728],[136.6484,-14.2797],[136.3352,-14.212],[136.4288,-14.127],[136.4108,-14.0107],[136.4252,-13.8648],[136.5332,-13.7937],[136.5836,-13.7207],[136.6556,-13.6756],[136.7024,-13.6808],[136.7132,-13.8041]]],[[[113.1833,-26.0533],[113.1581,-26.095],[112.9637,-25.7825],[112.9097,-25.569],[112.9457,-25.5308],[112.9817,-25.5204],[113.1329,-25.8832],[113.1329,-25.9526],[113.1833,-26.0533]]],[[[130.4599,-11.6792],[130.5427,-11.7035],[130.5787,-11.7365],[130.6039,-11.7729],[130.6075,-11.8163],[130.5031,-11.8354],[130.3159,-11.7712],[130.1323,-11.825],[130.0783,-11.825],[130.0423,-11.7868],[130.0711,-11.6809],[130.1395,-11.6966],[130.1971,-11.6584],[130.1863,-11.5421],[130.1539,-11.4778],[130.2511,-11.3598],[130.2943,-11.3372],[130.3375,-11.3372],[130.3771,-11.4205],[130.3843,-11.5091],[130.4599,-11.6792]]],[[[147.9993,-39.7573],[148.1793,-39.9379],[148.2981,-39.9865],[148.2909,-40.0646],[148.2513,-40.0993],[148.3233,-40.1445],[148.3125,-40.174],[148.2117,-40.233],[148.1073,-40.2625],[148.0461,-40.2122],[147.8913,-40.0143],[147.9057,-39.9709],[147.8769,-39.9049],[147.8121,-39.9101],[147.7689,-39.8702],[147.8409,-39.832],[147.9345,-39.7261],[147.9993,-39.7573]]],[[[139.5068,-16.573],[139.4312,-16.6615],[139.3916,-16.6494],[139.3556,-16.6963],[139.1612,-16.7414],[139.1468,-16.7136],[139.1612,-16.6251],[139.2944,-16.4671],[139.46,-16.4393],[139.5896,-16.3959],[139.6976,-16.5157],[139.5608,-16.5296],[139.5068,-16.573]]],[[[143.9276,-40.1167],[143.8988,-40.1201],[143.8772,-40.0646],[143.888,-39.983],[143.8376,-39.9049],[143.8664,-39.825],[143.8628,-39.7382],[143.8808,-39.7],[143.9384,-39.6584],[143.9492,-39.5837],[143.9996,-39.5803],[144.0896,-39.6375],[144.122,-39.7851],[144.1076,-39.8736],[144.14,-39.9535],[144.1112,-40.0229],[144.0356,-40.0785],[143.9276,-40.1167]]],[[[148.3269,-40.3076],[148.4205,-40.3667],[148.4745,-40.4326],[148.4025,-40.4864],[148.3521,-40.4969],[148.3197,-40.4344],[148.2153,-40.4569],[148.1037,-40.4517],[148.0209,-40.4049],[148.0101,-40.3805],[148.0605,-40.3562],[148.1973,-40.358],[148.3269,-40.3076]]],[[[136.598,-11.3789],[136.526,-11.4396],[136.5224,-11.3945],[136.5584,-11.358],[136.6484,-11.2122],[136.7096,-11.1584],[136.7276,-11.1046],[136.7312,-11.0247],[136.7816,-11.0126],[136.742,-11.1949],[136.598,-11.3789]]],[[[132.5947,-11.3025],[132.5731,-11.3181],[132.4939,-11.1636],[132.5155,-11.1167],[132.4831,-11.0369],[132.5371,-11.0282],[132.5803,-10.9692],[132.5947,-10.997],[132.5983,-11.1063],[132.6307,-11.1688],[132.5947,-11.3025]]],[[[151.1457,-23.491],[151.1817,-23.517],[151.2105,-23.5135],[151.2393,-23.5292],[151.2285,-23.5951],[151.2969,-23.7201],[151.2393,-23.7757],[151.1853,-23.741],[151.0341,-23.5309],[151.0593,-23.4597],[151.1457,-23.491]]],[[[153.5397,-27.4369],[153.4533,-27.7112],[153.4281,-27.706],[153.3957,-27.6643],[153.3993,-27.5063],[153.4353,-27.4057],[153.5217,-27.423],[153.5397,-27.4369]]],[[[153.4425,-27.3154],[153.4209,-27.331],[153.3777,-27.2355],[153.3633,-27.1383],[153.3813,-27.0498],[153.4317,-27.0307],[153.4677,-27.0376],[153.4281,-27.2008],[153.4425,-27.3154]]],[[[136.3388,-11.6028],[136.1804,-11.6775],[136.2668,-11.5768],[136.4792,-11.4657],[136.472,-11.5091],[136.3784,-11.5837],[136.3388,-11.6028]]],[[[158.8786,-54.7095],[158.8462,-54.7494],[158.8354,-54.7043],[158.8966,-54.5064],[158.9578,-54.4717],[158.947,-54.5758],[158.8786,-54.7095]]],[[[146.2785,-18.2309],[146.3001,-18.3264],[146.3433,-18.3993],[146.3253,-18.4479],[146.3001,-18.4843],[146.2353,-18.4514],[146.1921,-18.3628],[146.1165,-18.2916],[146.0985,-18.2517],[146.1885,-18.2552],[146.2317,-18.2413],[146.2497,-18.2257],[146.2785,-18.2309]]],[[[147.3549,-43.3977],[147.3081,-43.5001],[147.2325,-43.4828],[147.1533,-43.5001],[147.1065,-43.4307],[147.1065,-43.4133],[147.1641,-43.4307],[147.2001,-43.3786],[147.2181,-43.3717],[147.2325,-43.33],[147.2829,-43.2797],[147.3117,-43.2797],[147.3441,-43.3456],[147.3549,-43.3977]]],[[[137.0948,-15.7779],[137.0516,-15.8248],[136.9976,-15.7762],[136.9868,-15.7258],[136.9436,-15.7119],[136.9652,-15.6651],[136.9868,-15.6529],[137.0084,-15.5956],[137.066,-15.6633],[137.0696,-15.738],[137.0948,-15.7779]]],[[[145.3137,-38.49],[145.3569,-38.5577],[145.2705,-38.5196],[145.1301,-38.5282],[145.2165,-38.4588],[145.2885,-38.4727],[145.3137,-38.49]]],[[[145.4865,-38.3546],[145.3353,-38.4206],[145.2813,-38.3911],[145.2849,-38.3407],[145.2957,-38.3182],[145.4253,-38.3147],[145.4865,-38.3546]]],[[[115.4478,-20.788],[115.3866,-20.8661],[115.3182,-20.8505],[115.3074,-20.8106],[115.3542,-20.7464],[115.4334,-20.6682],[115.4586,-20.7168],[115.4478,-20.788]]],[[[125.2003,-14.5801],[125.1355,-14.6426],[125.0923,-14.5922],[125.1175,-14.4915],[125.1607,-14.4568],[125.1967,-14.4742],[125.1931,-14.5523],[125.2003,-14.5801]]],[[[149.9289,-22.1924],[149.8929,-22.2237],[149.8713,-22.1508],[149.8749,-22.0744],[149.9109,-22.0484],[149.9289,-22.149],[149.9289,-22.1924]]],[[[142.2752,-10.7053],[142.1924,-10.7626],[142.1384,-10.7313],[142.124,-10.6689],[142.1312,-10.6411],[142.1996,-10.5925],[142.2752,-10.7053]]],[[[136.238,-13.8249],[136.2128,-13.8353],[136.1228,-13.8162],[136.1228,-13.7798],[136.1336,-13.7537],[136.1588,-13.7364],[136.2164,-13.6652],[136.256,-13.7069],[136.274,-13.7919],[136.238,-13.8249]]],[[[124.599,-15.4012],[124.5594,-15.4307],[124.5234,-15.422],[124.5234,-15.3821],[124.4838,-15.3404],[124.5198,-15.2675],[124.5522,-15.271],[124.563,-15.3109],[124.6062,-15.3561],[124.599,-15.4012]]],[[[139.46,-17.1146],[139.4204,-17.132],[139.4096,-17.0903],[139.46,-17.0487],[139.4924,-16.9896],[139.5608,-17.0417],[139.5716,-17.0938],[139.46,-17.1146]]],[[[147.4341,-43.2415],[147.3729,-43.2415],[147.3477,-43.2328],[147.3369,-43.1825],[147.2973,-43.1616],[147.3189,-43.146],[147.3261,-43.1148],[147.3513,-43.08],[147.3981,-43.1182],[147.4341,-43.2415]]],[[[144.7844,-40.5073],[144.7484,-40.5889],[144.7088,-40.4847],[144.752,-40.4708],[144.7844,-40.4344],[144.7916,-40.4396],[144.7844,-40.5073]]],[[[149.0433,-20.2915],[149.0217,-20.3019],[148.9857,-20.3019],[148.9389,-20.2828],[148.9821,-20.1544],[149.0037,-20.2221],[149.0469,-20.2776],[149.0433,-20.2915]]],[[[142.34,-10.1914],[142.2788,-10.2539],[142.2176,-10.2348],[142.196,-10.2001],[142.2176,-10.1498],[142.3004,-10.1411],[142.34,-10.1914]]],[[[148.1037,-42.7103],[148.0497,-42.7189],[148.0281,-42.7155],[148.0317,-42.6634],[148.0245,-42.6408],[148.0713,-42.594],[148.1433,-42.6165],[148.1685,-42.6512],[148.1001,-42.6808],[148.1037,-42.7103]]],[[[142.1672,-10.1533],[142.142,-10.181],[142.0988,-10.122],[142.1492,-10.0526],[142.1924,-10.0856],[142.1672,-10.1533]]],[[[136.8644,-15.6199],[136.8464,-15.6269],[136.8464,-15.5435],[136.8752,-15.5019],[136.8896,-15.5887],[136.8644,-15.6199]]],[[[148.2369,-40.516],[148.1865,-40.5923],[148.1253,-40.5437],[148.1181,-40.5212],[148.1937,-40.5038],[148.2189,-40.5055],[148.2369,-40.516]]],[[[150.5157,-22.3226],[150.4869,-22.3244],[150.4617,-22.307],[150.4833,-22.2671],[150.4869,-22.2115],[150.5229,-22.2289],[150.5481,-22.307],[150.5157,-22.3226]]],[[[148.9353,-20.1492],[148.9137,-20.1544],[148.8885,-20.144],[148.9065,-20.1023],[148.9317,-20.0693],[148.9677,-20.045],[148.9569,-20.1353],[148.9353,-20.1492]]],[[[136.5908,-15.6286],[136.5296,-15.6321],[136.5152,-15.6269],[136.5044,-15.5835],[136.5224,-15.5435],[136.5872,-15.5331],[136.6124,-15.5435],[136.5908,-15.6286]]]]}},{"type":"Feature","properties":{"iso":"040","name":"오스트리아","en":"Austria"},"geometry":{"type":"Polygon","coordinates":[[[9.5275,47.2703],[9.6247,47.4664],[9.5239,47.5237],[9.7507,47.5758],[10.2007,47.364],[10.1827,47.2789],[10.4383,47.5515],[11.0431,47.3935],[12.1843,47.6192],[12.2095,47.7182],[12.6847,47.6695],[13.0159,47.4786],[13.0555,47.6557],[12.8971,47.7216],[12.9547,47.89],[12.7603,48.0758],[12.8143,48.1608],[13.3759,48.3622],[13.4875,48.5827],[13.7251,48.5428],[13.8151,48.7667],[14.0491,48.6018],[14.6899,48.6],[14.9239,48.7719],[14.9923,49.0011],[16.8824,48.7042],[16.8644,48.3865],[17.1488,48.0063],[17.066,47.7077],[16.4216,47.6748],[16.6772,47.5359],[16.4432,47.3987],[16.454,47.0064],[16.0364,46.8449],[15.9572,46.6783],[14.8915,46.6054],[14.5495,46.4005],[12.4795,46.6731],[12.1555,46.9352],[12.1699,47.0828],[11.2447,46.9751],[10.9927,46.7772],[10.4779,46.8554],[10.3483,46.9856],[10.1323,46.8519],[9.5815,47.0567],[9.5275,47.2703]]]}},{"type":"Feature","properties":{"iso":"031","name":"아제르바이잔","en":"Azerbaijan"},"geometry":{"type":"MultiPolygon","coordinates":[[[[48.8687,38.4357],[48.5915,38.4114],[47.9975,38.8541],[48.2927,39.019],[48.1055,39.2412],[48.3215,39.3992],[47.9975,39.6839],[46.4891,38.9062],[46.3991,39.1926],[46.5863,39.2239],[46.3667,39.4027],[46.4819,39.5555],[46.2011,39.5937],[45.5783,39.9773],[45.8843,40.0242],[45.9635,40.2342],[45.4559,40.5328],[45.3803,40.6735],[45.5891,40.8471],[45.0707,41.0762],[45.1895,41.1474],[45.0023,41.2915],[45.2795,41.4494],[46.5359,41.0884],[46.6727,41.2863],[46.1831,41.6578],[46.4315,41.8904],[46.7483,41.8123],[47.3171,41.2828],[47.7923,41.1995],[48.5735,41.8453],[48.6635,41.7862],[49.4555,40.8002],[49.7759,40.5832],[50.1827,40.5051],[50.3663,40.2794],[49.9199,40.3158],[49.5527,40.1943],[49.3259,39.6075],[49.3619,39.3489],[49.1639,39.0295],[49.0127,39.1336],[48.8543,38.8385],[48.8687,38.4357]],[[45.5531,40.6162],[45.5639,40.6491],[45.5351,40.6648],[45.5063,40.6648],[45.4775,40.6491],[45.4775,40.6075],[45.5135,40.5988],[45.5531,40.6162]]],[[[44.8186,39.6509],[44.7682,39.703],[45.0311,39.7655],[45.1247,39.6961],[45.1715,39.5711],[45.2543,39.5954],[45.4559,39.4947],[45.6863,39.5641],[45.7835,39.545],[45.7655,39.3784],[45.9779,39.2447],[45.9527,39.1788],[46.1147,38.8784],[45.4811,39.0069],[45.1427,39.2551],[44.8186,39.6509]]],[[[45.0239,41.0276],[45.0023,41.0154],[44.9698,41.0276],[44.959,41.0519],[44.9626,41.0797],[44.995,41.0849],[45.0203,41.0779],[45.0275,41.0536],[45.0239,41.0276]]]]}},{"type":"Feature","properties":{"iso":"044","name":"바하마","en":"Bahamas"},"geometry":{"type":"MultiPolygon","coordinates":[[[[-78.4934,26.7299],[-78.371,26.6986],[-77.9426,26.7438],[-77.921,26.6917],[-77.9246,26.6639],[-78.2342,26.6379],[-78.7454,26.5007],[-78.9866,26.6899],[-78.7994,26.5823],[-78.6338,26.6587],[-78.5978,26.7976],[-78.4934,26.7299]]],[[[-77.2262,25.9035],[-77.4026,26.0251],[-77.2478,26.157],[-77.2046,26.4886],[-77.237,26.5615],[-77.3306,26.6188],[-77.5106,26.8462],[-77.9426,26.9035],[-77.8634,26.9399],[-77.5322,26.9035],[-77.2658,26.6882],[-77.2586,26.6396],[-77.0678,26.5302],[-77.039,26.3341],[-77.1686,26.2403],[-77.1902,25.9556],[-77.2262,25.9035]]],[[[-77.7446,24.7074],[-77.7446,24.4627],[-78.0434,24.2873],[-78.0758,24.3654],[-78.137,24.4123],[-78.1442,24.4939],[-78.191,24.4661],[-78.2594,24.4835],[-78.3674,24.5442],[-78.4358,24.6276],[-78.3386,24.6415],[-78.3206,24.5894],[-78.2414,24.6536],[-78.299,24.7543],[-78.1838,24.9175],[-78.1586,25.0216],[-78.2126,25.1918],[-78.1622,25.2022],[-78.0326,25.1432],[-77.975,25.0841],[-77.975,25.0043],[-77.8418,24.7942],[-77.7446,24.7074]]],[[[-76.6502,25.4869],[-76.4846,25.3741],[-76.3442,25.3324],[-76.1282,25.1397],[-76.1678,24.6501],[-76.319,24.8185],[-76.2146,24.822],[-76.2038,24.9366],[-76.1534,25.0251],[-76.1606,25.1189],[-76.3694,25.3133],[-76.499,25.3411],[-76.6214,25.4313],[-76.7798,25.4261],[-76.7114,25.565],[-76.6502,25.4869]]],[[[-74.8393,22.895],[-74.8465,22.869],[-74.9725,23.0686],[-75.2246,23.1659],[-75.1418,23.204],[-75.131,23.2683],[-75.311,23.5894],[-75.3146,23.6676],[-75.2174,23.546],[-75.1094,23.3325],[-75.0626,23.1502],[-74.9365,23.0877],[-74.8465,22.9992],[-74.8393,22.895]]],[[[-73.0285,21.192],[-73.0573,21.1191],[-73.1653,20.9785],[-73.3993,20.9438],[-73.6621,20.9368],[-73.6801,20.975],[-73.6801,21.1035],[-73.5865,21.1261],[-73.5217,21.1903],[-73.4245,21.2024],[-73.3021,21.1556],[-73.2337,21.1538],[-73.1365,21.2042],[-73.0573,21.3135],[-73.0105,21.2997],[-73.0285,21.192]]],[[[-75.3074,24.2005],[-75.3002,24.1484],[-75.3686,24.1589],[-75.5018,24.1398],[-75.4802,24.1745],[-75.4118,24.2213],[-75.4082,24.2665],[-75.4946,24.3307],[-75.5918,24.4904],[-75.6386,24.5286],[-75.6602,24.5894],[-75.743,24.6553],[-75.725,24.6901],[-75.653,24.6814],[-75.5198,24.4279],[-75.3074,24.2005]]],[[[-74.2057,22.2145],[-74.2777,22.1833],[-74.2597,22.2354],[-73.9357,22.4784],[-73.9069,22.527],[-73.9141,22.5687],[-73.9753,22.6346],[-73.9753,22.6815],[-73.9537,22.7162],[-73.8493,22.7319],[-73.8781,22.6815],[-73.8349,22.5392],[-73.9753,22.3604],[-74.0941,22.3065],[-74.2057,22.2145]]],[[[-77.6582,24.2491],[-77.6546,24.2266],[-77.7554,24.1641],[-77.6834,24.1189],[-77.615,24.2161],[-77.561,24.1363],[-77.5178,23.8689],[-77.5754,23.7387],[-77.7698,23.7526],[-77.777,23.862],[-77.8058,23.8828],[-77.8526,24.0408],[-77.9138,24.0911],[-78.0002,24.2196],[-77.9498,24.2526],[-77.885,24.2422],[-77.7014,24.2873],[-77.6582,24.2491]]],[[[-73.0393,22.4298],[-72.8305,22.3864],[-72.7477,22.3274],[-72.7837,22.2909],[-72.8881,22.3604],[-73.1113,22.3673],[-73.1617,22.3812],[-73.1257,22.4558],[-73.0393,22.4298]]],[[[-75.6638,23.4506],[-75.707,23.4436],[-75.7826,23.4714],[-75.9554,23.5929],[-76.0382,23.6033],[-76.0094,23.671],[-75.9482,23.6467],[-75.7538,23.4905],[-75.6638,23.4506]]],[[[-77.3486,25.0147],[-77.4602,24.9939],[-77.543,25.013],[-77.561,25.0303],[-77.5286,25.0581],[-77.453,25.0807],[-77.3306,25.0824],[-77.2766,25.0564],[-77.2694,25.0442],[-77.3486,25.0147]]],[[[-74.0581,22.7232],[-74.0365,22.7058],[-74.0977,22.6659],[-74.2417,22.7145],[-74.2741,22.711],[-74.3137,22.803],[-74.3065,22.8395],[-74.2201,22.8117],[-74.1769,22.7596],[-74.0581,22.7232]]],[[[-74.4289,24.0686],[-74.5081,23.9592],[-74.5513,23.9696],[-74.5261,24.105],[-74.4721,24.1259],[-74.4505,24.1259],[-74.4289,24.0686]]],[[[-72.9169,21.5062],[-73.0501,21.4576],[-73.0609,21.5149],[-72.9961,21.5618],[-72.9169,21.5062]]]]}},{"type":"Feature","properties":{"iso":"048","name":"바레인","en":"Bahrain"},"geometry":{"type":"Polygon","coordinates":[[[50.6075,25.8827],[50.5751,25.8063],[50.5427,25.8341],[50.4671,25.966],[50.4887,26.058],[50.4527,26.19],[50.4707,26.2282],[50.5643,26.2473],[50.5859,26.2403],[50.5571,26.1987],[50.6111,26.124],[50.6183,26.0025],[50.6075,25.8827]]]}},{"type":"Feature","properties":{"iso":"050","name":"방글라데시","en":"Bangladesh"},"geometry":{"type":"MultiPolygon","coordinates":[[[[89.0523,22.093],[88.8507,23.0409],[88.9299,23.1867],[88.7247,23.2544],[88.5663,23.6745],[88.7247,24.2752],[88.0227,24.6276],[88.4547,25.1883],[88.9515,25.2595],[88.0839,25.8879],[88.4403,26.3688],[88.3683,26.565],[88.8291,26.2525],[88.9695,26.2507],[88.9227,26.3757],[89.0199,26.4104],[89.3691,26.006],[89.5491,26.006],[89.6715,26.2143],[89.8227,25.9417],[89.8335,25.2925],[90.4383,25.1571],[92.0511,25.1692],[92.4867,24.9036],[92.2275,24.881],[92.1015,24.4088],[91.8783,24.1953],[91.3671,24.0929],[91.1619,23.6606],[91.3167,23.1051],[91.4355,23.2006],[91.6191,22.9801],[91.7523,23.053],[91.9287,23.6867],[92.2455,23.6832],[92.4903,22.685],[92.6307,21.3066],[92.3319,21.4403],[92.2095,21.3587],[92.3247,20.791],[92.0547,21.1747],[91.8639,22.3499],[91.7955,22.2979],[91.4787,22.8846],[91.2159,22.6416],[90.9459,22.5964],[90.6327,23.0947],[90.6039,23.5912],[90.5571,23.421],[90.2691,23.4558],[90.5895,23.2665],[90.4347,22.7527],[90.6147,22.3621],[90.2295,21.8291],[90.0711,21.8864],[90.2079,22.1572],[89.9559,22.0236],[89.9163,22.1156],[89.9847,22.4662],[89.8119,21.9836],[89.5671,21.7666],[89.4843,22.2753],[89.5023,21.9142],[89.3547,21.7215],[89.1675,21.784],[89.0523,22.093]]],[[[90.7767,22.0895],[90.6039,22.0548],[90.5139,22.0652],[90.6795,22.3274],[90.6507,22.5409],[90.5643,22.6173],[90.5031,22.836],[90.5967,22.8638],[90.6723,22.8134],[90.7371,22.6381],[90.8667,22.4853],[90.8307,22.1607],[90.7767,22.0895]]],[[[91.1511,22.1746],[91.0431,22.1052],[91.0791,22.5201],[91.1583,22.3656],[91.1799,22.2822],[91.1511,22.1746]]],[[[91.5579,22.3829],[91.5111,22.3534],[91.4679,22.3777],[91.4103,22.4749],[91.4391,22.5982],[91.4571,22.6173],[91.5219,22.4906],[91.5579,22.3829]]],[[[91.9503,21.508],[91.8891,21.5028],[91.8603,21.5323],[91.8747,21.5739],[91.8567,21.7094],[91.9071,21.7232],[91.9323,21.7215],[91.9503,21.6833],[91.9611,21.6104],[91.9503,21.508]]],[[[91.8747,21.8326],[91.8387,21.751],[91.8207,21.81],[91.8351,21.8847],[91.8495,21.9264],[91.8603,21.9264],[91.8819,21.883],[91.8747,21.8326]]],[[[90.6435,22.9627],[90.6579,22.9193],[90.6039,22.9454],[90.5607,22.9749],[90.5355,23.0148],[90.5787,23.0357],[90.6435,22.9627]]]]}},{"type":"Feature","properties":{"iso":"052","name":"바베이도스","en":"Barbados"},"geometry":{"type":"Polygon","coordinates":[[[-59.4924,13.0814],[-59.5212,13.0623],[-59.6112,13.1022],[-59.6436,13.1509],[-59.6472,13.3036],[-59.5932,13.3175],[-59.4888,13.196],[-59.4276,13.1526],[-59.4924,13.0814]]]}},{"type":"Feature","properties":{"iso":"112","name":"벨라루스","en":"Belarus"},"geometry":{"type":"Polygon","coordinates":[[[31.7649,52.1016],[31.0809,52.0773],[30.7569,51.895],[30.5337,51.5964],[30.6309,51.3551],[30.5445,51.2648],[30.1593,51.4783],[29.3457,51.3829],[29.1009,51.6276],[28.7301,51.4332],[28.1829,51.6085],[27.7005,51.4783],[27.1425,51.7526],[25.7853,51.9245],[24.3632,51.8672],[23.978,51.5912],[23.708,51.6415],[23.6036,51.5183],[23.654,52.0408],[23.1752,52.2873],[23.9168,52.7699],[23.4848,53.94],[24.3164,53.8931],[25.4613,54.2924],[25.5117,54.1605],[25.7493,54.157],[25.5477,54.3323],[25.7817,54.834],[26.7753,55.2732],[26.4585,55.3427],[26.5953,55.6673],[27.0525,55.8305],[27.5781,55.7993],[28.1181,56.1465],[28.7949,55.9433],[29.0865,56.0215],[29.3745,55.9381],[29.3529,55.7836],[29.4825,55.6847],[30.2349,55.8444],[30.9081,55.5701],[30.8145,55.2784],[30.9765,55.051],[30.8001,54.7837],[31.1529,54.6257],[31.0737,54.492],[31.4049,54.1952],[31.8261,54.0303],[31.7541,53.8098],[32.4489,53.6935],[32.4705,53.5477],[32.7081,53.4192],[32.1429,53.0911],[31.4193,53.1952],[31.2573,53.0164],[31.5633,52.7595],[31.5777,52.3116],[31.7649,52.1016]]]}},{"type":"Feature","properties":{"iso":"056","name":"벨기에","en":"Belgium"},"geometry":{"type":"Polygon","coordinates":[[[4.2246,51.3863],[5.0311,51.4697],[5.2147,51.2787],[5.8267,51.1259],[5.6395,50.843],[6.2371,50.5964],[6.1795,50.5218],[6.3631,50.317],[6.1183,50.1208],[5.9779,50.1677],[5.7439,49.9194],[5.8807,49.6451],[5.8159,49.5531],[5.5063,49.5114],[4.869,49.7875],[4.8186,50.1538],[4.545,49.9611],[4.149,49.9715],[4.1742,50.2458],[3.6882,50.3065],[3.5946,50.4767],[3.2742,50.5322],[3.1086,50.7787],[2.7594,50.751],[2.5254,51.0964],[3.3498,51.3776],[3.4326,51.2457],[3.9006,51.2075],[4.2246,51.3863]]]}},{"type":"Feature","properties":{"iso":"084","name":"벨리즈","en":"Belize"},"geometry":{"type":"MultiPolygon","coordinates":[[[[-89.1603,17.8155],[-89.1351,17.97],[-88.8075,17.9648],[-88.5231,18.4457],[-88.2963,18.4717],[-88.3503,18.3589],[-88.1307,18.3502],[-88.0983,18.121],[-88.2711,17.6106],[-88.2027,17.5169],[-88.2891,17.3121],[-88.3143,16.6333],[-88.8795,16.017],[-88.8939,15.8903],[-89.2359,15.8937],[-89.1603,17.8155]]],[[[-87.8535,17.4232],[-87.9291,17.2825],[-87.9363,17.3225],[-87.9039,17.4266],[-87.8607,17.4631],[-87.8319,17.5013],[-87.8247,17.5464],[-87.7887,17.5238],[-87.7995,17.4804],[-87.8535,17.4232]]],[[[-87.9507,17.9249],[-87.9975,17.9058],[-87.9579,17.9648],[-87.9543,18.0012],[-87.8967,18.1558],[-87.8607,18.154],[-87.8499,18.1401],[-87.9507,17.9249]]]]}},{"type":"Feature","properties":{"iso":"204","name":"베냉","en":"Benin"},"geometry":{"type":"Polygon","coordinates":[[[1.6218,6.2173],[1.7766,6.2954],[1.5318,6.9932],[1.6254,6.9967],[1.6002,9.0504],[1.3842,9.3612],[1.3302,9.9965],[0.7794,10.3594],[0.7866,10.71],[0.9018,10.993],[1.4274,11.4478],[1.9818,11.4183],[2.3634,11.8402],[2.367,12.2221],[2.8062,12.3835],[3.5946,11.6961],[3.4866,11.3958],[3.717,11.0798],[3.8358,10.6076],[3.5766,10.2917],[3.5586,9.908],[3.3534,9.8125],[3.1374,9.4514],[3.0438,9.0834],[2.7738,9.0487],[2.7054,6.37],[1.6218,6.2173]]]}},{"type":"Feature","properties":{"iso":"060","name":"버뮤다","en":"Bermuda"},"geometry":{"type":"Polygon","coordinates":[[[-64.7304,32.2938],[-64.8204,32.259],[-64.8456,32.2625],[-64.8636,32.2747],[-64.77,32.3077],[-64.6944,32.3875],[-64.6692,32.3823],[-64.7304,32.2938]]]}},{"type":"Feature","properties":{"iso":"064","name":"부탄","en":"Bhutan"},"geometry":{"type":"Polygon","coordinates":[[[91.6335,27.7593],[91.5939,27.5579],[91.7415,27.4434],[91.9899,27.4503],[92.0835,27.2906],[91.9935,27.0996],[92.0511,26.8757],[90.7407,26.7715],[90.3447,26.8896],[89.7651,26.7021],[89.0415,26.8653],[88.7391,27.176],[89.4807,28.0597],[89.9811,28.3114],[90.3483,28.2437],[90.3519,28.0805],[91.0215,27.9694],[91.2735,28.0787],[91.6407,27.9225],[91.6335,27.7593]]]}},{"type":"Feature","properties":{"iso":"068","name":"볼리비아","en":"Bolivia"},"geometry":{"type":"Polygon","coordinates":[[[-69.5113,-17.5052],[-69.6265,-17.1997],[-68.8417,-16.3386],[-69.2161,-16.1494],[-69.4213,-15.6408],[-69.1729,-15.2363],[-69.3601,-14.7953],[-68.8705,-14.1704],[-69.0757,-13.6826],[-68.9785,-12.8805],[-68.6869,-12.5021],[-69.5797,-10.9518],[-68.6221,-11.1098],[-68.0713,-10.7036],[-67.7221,-10.6827],[-66.5737,-9.8998],[-65.3965,-9.7123],[-65.2993,-10.1463],[-65.4469,-10.5074],[-65.3245,-11.0247],[-65.3893,-11.2469],[-64.9932,-11.9761],[-64.5144,-12.2503],[-64.4208,-12.4396],[-63.69,-12.4778],[-63.348,-12.6809],[-63.0672,-12.6687],[-62.7648,-12.9968],[-62.1168,-13.16],[-61.7892,-13.5263],[-61.0764,-13.4899],[-60.5076,-13.7902],[-60.2736,-15.0887],[-60.5832,-15.0991],[-60.2412,-15.4793],[-60.1764,-16.2692],[-58.344,-16.2848],[-58.4772,-16.7015],[-58.3944,-17.2344],[-57.8328,-17.5122],[-57.4944,-18.2153],[-57.7824,-18.9149],[-57.7176,-19.0433],[-58.1316,-19.7447],[-57.8616,-19.979],[-58.092,-20.1509],[-58.1784,-19.8176],[-59.0892,-19.2864],[-60.0072,-19.2968],[-61.7568,-19.6457],[-62.2752,-20.5623],[-62.2752,-21.0658],[-62.6496,-22.2341],[-62.8332,-21.9997],[-63.8592,-22.0067],[-64.3236,-22.8278],[-64.6044,-22.2289],[-65.7709,-22.1004],[-66.2209,-21.8018],[-66.3649,-22.1143],[-66.7105,-22.2167],[-67.1965,-22.8209],[-67.7077,-22.8886],[-67.8805,-22.8226],[-68.1973,-21.3001],[-68.5573,-20.9026],[-68.4853,-20.6283],[-68.7589,-20.4165],[-68.7553,-20.0901],[-68.5609,-19.9669],[-68.6977,-19.7204],[-68.4709,-19.4096],[-68.9677,-18.9687],[-69.0937,-18.0503],[-69.3133,-17.9427],[-69.5113,-17.5052]]]}},{"type":"Feature","properties":{"iso":"070","name":"보스니아 헤르체고비나","en":"Bosnia and Herz."},"geometry":{"type":"Polygon","coordinates":[[[19.1936,43.5326],[18.9524,43.5274],[19.028,43.2931],[18.8516,43.3469],[18.6248,43.0275],[18.4592,42.998],[18.5456,42.6421],[18.4556,42.564],[17.6672,42.8973],[17.2748,43.4458],[16.2992,44.1246],[16.1048,44.5204],[15.7376,44.7652],[15.788,45.1784],[15.9644,45.2114],[16.292,45.0083],[16.5296,45.2166],[16.9184,45.2773],[17.8112,45.0777],[18.6644,45.0777],[18.8372,44.8833],[19.3484,44.8815],[19.118,44.3607],[19.5824,44.0118],[19.244,43.9649],[19.496,43.642],[19.1936,43.5326]]]}},{"type":"Feature","properties":{"iso":"072","name":"보츠와나","en":"Botswana"},"geometry":{"type":"Polygon","coordinates":[[[25.2597,-17.7934],[25.2417,-17.9687],[25.9401,-18.9392],[26.1669,-19.5381],[27.1785,-20.1006],[27.2793,-20.479],[27.7005,-20.5311],[27.6681,-21.064],[28.0137,-21.5536],[29.0253,-21.7966],[29.0433,-22.0188],[29.3637,-22.1942],[28.2117,-22.6941],[27.7581,-23.1976],[27.0849,-23.5778],[26.8365,-24.2409],[26.3973,-24.6142],[25.9113,-24.7478],[25.4433,-25.7148],[24.7484,-25.8172],[24.3308,-25.7426],[23.3876,-25.2912],[23.15,-25.2895],[22.88,-25.4579],[22.5992,-26.1332],[21.6956,-26.8415],[20.684,-26.8224],[20.6264,-26.4439],[20.8136,-26.1644],[20.792,-25.9162],[20.432,-25.1471],[19.982,-24.7774],[19.9784,-21.9997],[20.972,-21.9997],[20.9756,-18.3194],[23.2184,-18],[23.6,-18.46],[24.3596,-17.9774],[24.5288,-18.0521],[24.9104,-17.8212],[25.2597,-17.7934]]]}},{"type":"Feature","properties":{"iso":"076","name":"브라질","en":"Brazil"},"geometry":{"type":"MultiPolygon","coordinates":[[[[-66.8761,1.2228],[-66.3469,0.7679],[-65.6809,0.9832],[-65.4721,0.6916],[-65.1049,1.1082],[-64.2048,1.53],[-64.0068,1.9311],[-63.4308,2.155],[-63.3876,2.4119],[-64.0464,2.5022],[-64.2228,3.5872],[-64.788,4.2764],[-64.5756,4.1393],[-64.194,4.1271],[-64.0212,3.9292],[-63.3372,3.9431],[-62.8584,3.5942],[-62.7108,4.0177],[-62.4732,4.1393],[-62.1528,4.0976],[-61.5552,4.2886],[-61.2816,4.5177],[-61.0044,4.5351],[-60.6264,4.8927],[-60.7416,5.2017],[-60.6516,5.2208],[-60.1404,5.2381],[-59.9892,5.0836],[-60.1476,4.5333],[-59.7048,4.3806],[-59.7372,4.2261],[-59.55,3.9344],[-59.856,3.5872],[-59.9928,2.6897],[-59.7552,2.2748],[-59.6652,1.747],[-58.8624,1.2037],[-58.5132,1.2853],[-58.3404,1.5873],[-58.0344,1.5196],[-57.984,1.6481],[-57.5952,1.7036],[-57.12,2.0144],[-56.8356,1.8807],[-55.9644,1.8564],[-55.914,2.0387],[-56.1372,2.2592],[-55.9572,2.5213],[-55.7304,2.4067],[-54.9779,2.5977],[-54.6611,2.3269],[-54.1283,2.1203],[-53.7683,2.3546],[-52.9655,2.1828],[-52.6523,2.4258],[-52.3283,3.181],[-51.4607,4.3146],[-51.2195,4.0941],[-50.7155,2.1342],[-50.4599,1.8304],[-49.9559,1.6602],[-49.8983,1.1637],[-50.7551,0.2228],[-51.2843,-0.0844],[-51.9791,-1.3673],[-52.6631,-1.5514],[-51.9467,-1.5861],[-50.8955,-0.9368],[-50.6903,-1.7614],[-50.4023,-2.0149],[-49.9991,-1.8326],[-49.7183,-1.9263],[-49.3151,-1.7319],[-49.6355,-2.6572],[-49.2107,-1.9159],[-48.7103,-1.4871],[-48.4619,-1.6139],[-48.3503,-1.4819],[-48.4691,-1.3934],[-48.4511,-1.1451],[-48.1163,-0.7372],[-47.5583,-0.6695],[-47.4179,-0.7667],[-47.4395,-0.6469],[-47.2703,-0.6452],[-45.4595,-1.3569],[-45.3299,-1.718],[-45.0779,-1.4663],[-44.7214,-1.7336],[-44.779,-1.7996],[-44.653,-1.7458],[-44.5378,-2.0531],[-44.7574,-2.2649],[-44.6638,-2.3725],[-44.437,-2.1676],[-44.383,-2.3655],[-44.5882,-2.5739],[-44.7214,-3.204],[-44.437,-2.9436],[-44.2282,-2.4714],[-44.1058,-2.494],[-44.1922,-2.81],[-43.3786,-2.376],[-42.2482,-2.7926],[-41.8774,-2.7457],[-41.4814,-2.9159],[-40.4734,-2.7961],[-39.9658,-2.862],[-38.4754,-3.7179],[-37.1758,-4.9123],[-36.589,-5.098],[-35.5486,-5.1293],[-35.2354,-5.5667],[-34.8069,-7.2889],[-34.9653,-8.4068],[-35.1562,-8.9311],[-35.5954,-9.5404],[-35.8906,-9.6863],[-35.887,-9.8477],[-36.3982,-10.4848],[-36.9382,-10.8199],[-37.3558,-11.4032],[-37.3594,-11.2521],[-37.687,-12.0993],[-38.2414,-12.8441],[-38.5006,-12.9569],[-38.6914,-12.6236],[-38.8534,-12.7902],[-38.7634,-12.9066],[-39.091,-13.5888],[-38.9902,-13.6148],[-39.0478,-14.0436],[-38.9434,-14.0315],[-39.0586,-14.6547],[-38.8822,-15.8647],[-39.2026,-17.1789],[-39.1558,-17.7031],[-39.649,-18.2517],[-39.7822,-19.5711],[-40.0018,-19.7412],[-40.3942,-20.5693],[-40.7902,-20.9061],[-40.9558,-21.2376],[-40.999,-21.9997],[-41.7046,-22.3105],[-41.9818,-22.5813],[-42.043,-22.9476],[-42.9574,-22.9667],[-43.1554,-22.7254],[-43.2238,-22.991],[-43.897,-23.1021],[-43.9726,-23.057],[-43.6774,-23.0101],[-43.8646,-22.9111],[-44.6386,-23.0552],[-44.5702,-23.274],[-45.3263,-23.6003],[-45.4631,-23.8017],[-45.9707,-23.7948],[-46.8671,-24.2357],[-47.9903,-25.036],[-47.9291,-25.168],[-48.2027,-25.4162],[-48.1847,-25.3103],[-48.4043,-25.2721],[-48.4763,-25.4422],[-48.7319,-25.3693],[-48.4007,-25.5967],[-48.6671,-25.845],[-48.6203,-26.18],[-48.7499,-26.2686],[-48.5555,-27.1956],[-48.6203,-28.0758],[-48.8003,-28.5757],[-49.7471,-29.3639],[-50.2979,-30.4263],[-50.9207,-31.2579],[-52.0403,-32.1154],[-52.0619,-31.8307],[-51.6803,-31.7752],[-51.2735,-31.4766],[-51.1619,-31.119],[-50.9783,-31.0947],[-50.9423,-30.9037],[-50.6903,-30.7041],[-50.7155,-30.4263],[-50.5823,-30.4385],[-50.5643,-30.2544],[-51.0251,-30.369],[-51.2987,-30.0357],[-51.1583,-30.3638],[-51.2843,-30.7509],[-51.3599,-30.6746],[-51.5075,-31.1051],[-51.9719,-31.3846],[-52.1951,-31.8863],[-52.1267,-32.1675],[-52.6523,-33.1379],[-53.3723,-33.7421],[-53.5307,-33.6553],[-53.5307,-33.1709],[-53.1239,-32.7369],[-53.6027,-32.4036],[-53.7611,-32.0564],[-54.2219,-31.855],[-54.5891,-31.4853],[-55.1724,-31.2804],[-55.6044,-30.8516],[-56.004,-31.079],[-56.0436,-30.777],[-56.832,-30.1069],[-57.12,-30.1451],[-57.2136,-30.284],[-57.6096,-30.1885],[-55.8888,-28.3709],[-55.6872,-28.3813],[-55.7268,-28.2042],[-55.1004,-27.8674],[-54.8303,-27.5497],[-54.3263,-27.423],[-53.8367,-27.121],[-53.6675,-26.2877],[-53.8907,-25.6697],[-54.1535,-25.5238],[-54.6143,-25.5759],[-54.2435,-24.0465],[-54.6251,-23.8121],[-55.0824,-23.9979],[-55.4172,-23.951],[-55.6188,-22.6716],[-55.7988,-22.3539],[-56.2452,-22.2654],[-56.4468,-22.0761],[-56.9364,-22.2706],[-57.9552,-22.1091],[-57.8292,-20.9981],[-58.1604,-20.1648],[-57.8616,-19.979],[-58.1316,-19.7447],[-57.7176,-19.0433],[-57.7824,-18.9149],[-57.4944,-18.2153],[-57.8328,-17.5122],[-58.3944,-17.2344],[-58.4772,-16.7015],[-58.344,-16.2848],[-60.1764,-16.2692],[-60.2412,-15.4793],[-60.5832,-15.0991],[-60.2736,-15.0887],[-60.5076,-13.7902],[-61.0764,-13.4899],[-61.7892,-13.5263],[-62.1168,-13.16],[-62.7648,-12.9968],[-63.0672,-12.6687],[-63.348,-12.6809],[-63.69,-12.4778],[-64.4208,-12.4396],[-64.5144,-12.2503],[-64.9932,-11.9761],[-65.3893,-11.2469],[-65.3245,-11.0247],[-65.4469,-10.5074],[-65.2993,-10.1463],[-65.3965,-9.7123],[-66.5737,-9.8998],[-67.7221,-10.6827],[-68.0713,-10.7036],[-68.6221,-11.1098],[-69.2269,-10.9553],[-70.6417,-11.0108],[-70.5409,-9.438],[-71.2393,-9.9658],[-72.1825,-10.004],[-72.3805,-9.5109],[-73.2085,-9.412],[-72.9745,-8.9936],[-73.5505,-8.3461],[-73.7773,-7.9364],[-73.7197,-7.7819],[-74.0005,-7.5562],[-73.9645,-7.3791],[-73.7197,-7.3097],[-73.7593,-6.9052],[-73.1365,-6.466],[-73.2373,-6.098],[-72.9781,-5.6344],[-72.8881,-5.1223],[-71.8441,-4.5043],[-70.9729,-4.3498],[-70.8001,-4.1727],[-70.4041,-4.1502],[-70.2385,-4.3012],[-69.9721,-4.3012],[-69.3997,-1.1955],[-69.6337,-0.5098],[-70.0693,-0.1383],[-70.0549,0.5787],[-69.4717,0.7297],[-69.1549,0.6429],[-69.3133,1.0509],[-69.8533,1.0596],[-69.8497,1.7089],[-68.1757,1.7193],[-68.1937,1.9866],[-67.9345,1.7488],[-67.4017,2.1168],[-67.0885,1.6151],[-67.0813,1.1846],[-66.8761,1.2228]]],[[[-49.6283,-0.2285],[-49.1171,-0.1643],[-48.3935,-0.298],[-48.4979,-0.6643],[-48.5663,-0.6851],[-48.5699,-0.8934],[-48.8399,-1.2267],[-48.8327,-1.3899],[-49.0379,-1.5149],[-49.1711,-1.4125],[-49.2323,-1.6],[-49.5059,-1.5114],[-49.5887,-1.7128],[-49.8047,-1.7909],[-50.0675,-1.7041],[-50.5067,-1.7875],[-50.7587,-1.2406],[-50.7299,-1.126],[-50.5787,-1.1035],[-50.7839,-1.0097],[-50.7947,-0.9056],[-50.6471,-0.2737],[-50.2475,-0.1157],[-49.6283,-0.2285]]],[[[-51.8315,-1.4333],[-51.9395,-1.4524],[-51.8027,-1.2024],[-51.6803,-1.0861],[-51.6767,-0.8552],[-51.5471,-0.6504],[-51.4247,-0.5653],[-51.2555,-0.541],[-51.1619,-0.666],[-51.2771,-1.0219],[-51.3095,-1.0236],[-51.4643,-1.2111],[-51.6371,-1.3413],[-51.8315,-1.4333]]],[[[-49.7399,0.268],[-49.6967,0.2159],[-49.8407,0.0076],[-49.9163,-0.0237],[-50.0027,-0.0289],[-50.1143,0.0336],[-50.2871,0.0284],[-50.3411,0.044],[-50.3447,0.1343],[-50.2727,0.2315],[-50.1287,0.2263],[-49.8803,0.3044],[-49.7399,0.268]]],[[[-50.4275,0.1395],[-50.4455,-0.0081],[-50.6255,0.0544],[-50.6111,0.2055],[-50.5247,0.2471],[-50.4527,0.327],[-50.4275,0.4242],[-50.4239,0.5579],[-50.3735,0.5909],[-50.3519,0.5822],[-50.3339,0.2593],[-50.4275,0.1395]]],[[[-49.4447,-0.1122],[-49.7075,-0.1435],[-49.8299,-0.0931],[-49.8011,-0.0515],[-49.7111,0.0145],[-49.6031,0.0631],[-49.5023,0.084],[-49.4015,0.0579],[-49.3727,0.0006],[-49.3799,-0.0549],[-49.4447,-0.1122]]],[[[-48.4871,-27.7667],[-48.5555,-27.8119],[-48.5411,-27.5741],[-48.4655,-27.4369],[-48.4151,-27.4005],[-48.3791,-27.4508],[-48.4079,-27.5671],[-48.4979,-27.7077],[-48.4871,-27.7667]]],[[[-50.6543,-0.1313],[-50.9279,-0.3275],[-51.0179,-0.2632],[-51.0395,-0.2251],[-50.9963,-0.1053],[-50.8415,-0.0497],[-50.7659,-0.041],[-50.6687,-0.0584],[-50.6507,-0.1053],[-50.6543,-0.1313]]],[[[-44.4982,-2.9402],[-44.599,-3.0374],[-44.5666,-2.9245],[-44.581,-2.8464],[-44.5702,-2.7857],[-44.4802,-2.718],[-44.4982,-2.9402]]],[[[-50.1539,0.393],[-50.2619,0.36],[-50.2799,0.3912],[-50.2799,0.5162],[-50.2511,0.5857],[-50.1143,0.6048],[-50.0999,0.6256],[-50.0603,0.6377],[-50.0351,0.5943],[-50.0387,0.5232],[-50.1539,0.393]]],[[[-50.2979,1.938],[-50.3987,1.8929],[-50.4563,1.9102],[-50.5103,2.03],[-50.4923,2.129],[-50.4203,2.162],[-50.3627,2.155],[-50.3411,2.1411],[-50.2907,1.9797],[-50.2979,1.938]]],[[[-44.131,-23.142],[-44.0986,-23.1698],[-44.1562,-23.1663],[-44.221,-23.1906],[-44.3218,-23.2115],[-44.3614,-23.1715],[-44.275,-23.116],[-44.2426,-23.0743],[-44.221,-23.083],[-44.1922,-23.1125],[-44.131,-23.142]]],[[[-48.5843,-26.4022],[-48.6023,-26.4144],[-48.6671,-26.2894],[-48.5411,-26.1696],[-48.4979,-26.2182],[-48.5303,-26.3137],[-48.5843,-26.4022]]],[[[-38.7454,-13.0975],[-38.7814,-13.1184],[-38.7886,-13.0559],[-38.6842,-12.9743],[-38.6698,-12.8805],[-38.6158,-12.9239],[-38.6014,-12.9934],[-38.7454,-13.0975]]],[[[-45.2615,-23.8885],[-45.2615,-23.9406],[-45.3011,-23.9146],[-45.4127,-23.9354],[-45.4523,-23.8955],[-45.3011,-23.7271],[-45.2723,-23.7514],[-45.2507,-23.7826],[-45.2327,-23.826],[-45.2507,-23.8538],[-45.2615,-23.8885]]],[[[-44.8834,-1.3187],[-44.9482,-1.3656],[-44.9662,-1.3916],[-45.0203,-1.3726],[-45.0095,-1.3448],[-44.995,-1.3482],[-44.977,-1.2667],[-44.887,-1.2771],[-44.8834,-1.3187]]],[[[-38.9038,-13.4742],[-38.9362,-13.5315],[-38.9758,-13.5228],[-38.9938,-13.4846],[-39.0226,-13.4465],[-39.0082,-13.4152],[-38.9794,-13.3978],[-38.9074,-13.4013],[-38.9038,-13.4742]]]]}},{"type":"Feature","properties":{"iso":"092","name":"영국령 버진아일랜드","en":"British Virgin Is."},"geometry":{"type":"MultiPolygon","coordinates":[[[[-64.5936,18.4023],[-64.6728,18.3988],[-64.6944,18.4109],[-64.6512,18.4422],[-64.5684,18.4457],[-64.5468,18.4387],[-64.5936,18.4023]]],[[[-64.2876,18.7408],[-64.2732,18.7078],[-64.284,18.7078],[-64.338,18.7304],[-64.3848,18.7321],[-64.4028,18.739],[-64.41,18.7512],[-64.3236,18.7529],[-64.2876,18.7408]]],[[[-64.3956,18.4648],[-64.4208,18.4578],[-64.4388,18.4596],[-64.4424,18.4734],[-64.4244,18.5134],[-64.3236,18.5168],[-64.3956,18.4648]]]]}},{"type":"Feature","properties":{"iso":"096","name":"브루나이","en":"Brunei"},"geometry":{"type":"MultiPolygon","coordinates":[[[[115.0266,4.8996],[114.7457,4.7173],[114.7889,4.4639],[114.8393,4.3927],[114.7817,4.2816],[114.8105,4.266],[114.7745,4.1688],[114.6557,4.0368],[114.5729,4.049],[114.4181,4.2556],[114.3245,4.2625],[114.2237,4.4778],[114.0653,4.5924],[114.2993,4.608],[114.4253,4.6601],[114.9941,5.0229],[115.0482,5.0159],[115.0266,4.8996]]],[[[115.1418,4.8996],[115.2282,4.7503],[115.2678,4.634],[115.2786,4.4569],[115.3254,4.3806],[115.2894,4.3528],[115.2462,4.3476],[115.1058,4.391],[115.0518,4.5819],[115.0266,4.6913],[115.0266,4.8996],[115.1418,4.8996]]]]}},{"type":"Feature","properties":{"iso":"100","name":"불가리아","en":"Bulgaria"},"geometry":{"type":"Polygon","coordinates":[[[28.0137,41.9685],[27.5349,41.9216],[27.2433,42.0935],[26.6169,41.965],[26.3217,41.7168],[26.1057,41.7255],[26.1345,41.3852],[25.9221,41.3123],[25.2525,41.2429],[24.4892,41.5553],[22.916,41.3366],[23.0024,41.7394],[22.8368,41.9928],[22.3436,42.314],[22.5236,42.4407],[22.466,42.8417],[22.7072,42.8834],[22.9772,43.1872],[22.4984,43.5188],[22.3976,43.9701],[22.7036,44.2375],[23.0276,44.0778],[22.8692,43.9476],[22.9196,43.8347],[25.4973,43.6715],[26.2173,44.0066],[27.0885,44.168],[28.5861,43.7427],[28.4637,43.3886],[28.1325,43.3955],[27.9273,43.1854],[27.8877,42.7497],[27.4845,42.4685],[28.0137,41.9685]]]}},{"type":"Feature","properties":{"iso":"854","name":"부르키나파소","en":"Burkina Faso"},"geometry":{"type":"Polygon","coordinates":[[[0.9018,10.993],[0.4914,10.9548],[-0.3006,11.1666],[-0.6282,10.927],[-2.8314,10.9982],[-2.9142,10.592],[-2.7666,10.2378],[-2.7666,9.4254],[-3.2238,9.8958],[-3.789,9.9167],[-4.3326,9.6459],[-4.6242,9.7136],[-4.9698,9.9306],[-5.0995,10.2413],[-5.5243,10.4253],[-5.4919,11.0416],[-5.2507,11.3749],[-5.2867,11.828],[-4.6998,12.0763],[-4.4298,12.3384],[-4.4802,12.6717],[-4.2282,12.7932],[-4.329,13.1196],[-4.1526,13.3054],[-3.9474,13.4026],[-3.4686,13.196],[-3.303,13.2811],[-3.249,13.6578],[-2.9502,13.6491],[-2.8746,13.9512],[-2.5866,14.2272],[-2.115,14.1682],[-1.9746,14.4563],[-0.6678,15.0691],[0.2178,14.9112],[0.1638,14.498],[0.3834,14.2463],[0.4302,13.972],[0.6174,13.7029],[1.2006,13.3574],[0.9882,13.3644],[0.9882,13.0415],[1.5642,12.6353],[2.0754,12.7134],[2.2122,12.538],[2.223,12.4269],[2.0574,12.3575],[2.3886,11.8975],[2.2878,11.6909],[1.9818,11.4183],[1.4274,11.4478],[0.9018,10.993]]]}},{"type":"Feature","properties":{"iso":"108","name":"부룬디","en":"Burundi"},"geometry":{"type":"Polygon","coordinates":[[[30.5553,-2.4003],[30.4257,-2.6416],[30.4725,-2.6937],[30.4329,-2.8742],[30.7785,-2.9853],[30.7893,-3.2752],[30.6273,-3.3481],[30.6309,-3.4193],[30.4257,-3.5894],[30.1485,-4.0859],[29.9469,-4.3081],[29.7165,-4.4557],[29.4033,-4.4487],[29.2125,-3.8342],[29.2233,-3.053],[29.0181,-2.7995],[29.0289,-2.6641],[29.1009,-2.5964],[29.2953,-2.6728],[29.3889,-2.8082],[29.6985,-2.7943],[29.8677,-2.7162],[29.9289,-2.3395],[30.1161,-2.4159],[30.4077,-2.3135],[30.5553,-2.4003]]]}},{"type":"Feature","properties":{"iso":"132","name":"카보베르데","en":"Cabo Verde"},"geometry":{"type":"MultiPolygon","coordinates":[[[[-23.4452,15.0084],[-23.5064,14.9164],[-23.636,14.9233],[-23.7044,14.9615],[-23.7836,15.0761],[-23.7836,15.1664],[-23.7548,15.2427],[-23.7584,15.3104],[-23.7476,15.3278],[-23.708,15.3174],[-23.7008,15.2722],[-23.5784,15.1611],[-23.5352,15.1386],[-23.4452,15.0084]]],[[[-24.086,16.6229],[-24.032,16.5725],[-24.0932,16.5604],[-24.2444,16.5986],[-24.284,16.576],[-24.3236,16.4927],[-24.3992,16.6177],[-24.392,16.6645],[-24.3776,16.6784],[-24.2696,16.6454],[-24.086,16.6229]]],[[[-25.1697,16.9458],[-25.2669,16.9267],[-25.3101,16.9353],[-25.3209,17.0152],[-25.3425,17.0673],[-25.3389,17.0916],[-25.1121,17.194],[-25.0365,17.1766],[-24.9788,17.0951],[-25.0185,17.0499],[-25.1697,16.9458]]],[[[-22.916,16.2375],[-22.8332,16.2184],[-22.8044,16.2253],[-22.7504,16.2218],[-22.6928,16.1698],[-22.682,16.1125],[-22.7108,16.043],[-22.8188,15.9857],[-22.8836,15.9927],[-22.9592,16.0448],[-22.916,16.1489],[-22.916,16.2375]]],[[[-22.8872,16.6593],[-22.9196,16.6072],[-22.9592,16.6836],[-22.9808,16.701],[-22.9916,16.8086],[-22.934,16.8416],[-22.9052,16.8433],[-22.9052,16.7322],[-22.8872,16.6593]]],[[[-24.3092,14.8556],[-24.3848,14.8174],[-24.4388,14.8348],[-24.4928,14.8747],[-24.518,14.932],[-24.4964,14.9806],[-24.392,15.0379],[-24.3308,15.0188],[-24.2948,14.9303],[-24.3092,14.8556]]],[[[-24.8888,16.8173],[-24.968,16.7947],[-25.0185,16.7965],[-25.0941,16.8329],[-25.0689,16.8711],[-24.9896,16.9128],[-24.9356,16.9215],[-24.8924,16.8468],[-24.8888,16.8173]]],[[[-23.1824,15.1368],[-23.2112,15.1334],[-23.2508,15.1785],[-23.2436,15.241],[-23.2472,15.2566],[-23.2112,15.3243],[-23.1392,15.3174],[-23.1176,15.2688],[-23.1176,15.1664],[-23.1824,15.1368]]]]}},{"type":"Feature","properties":{"iso":"116","name":"캄보디아","en":"Cambodia"},"geometry":{"type":"MultiPolygon","coordinates":[[[[107.5205,14.7046],[107.3297,14.1265],[107.6069,13.4373],[107.4737,13.0311],[107.5385,12.4321],[107.3945,12.2603],[107.2109,12.3037],[106.9301,12.078],[106.4153,11.9478],[106.4009,11.6874],[106.0049,11.7586],[105.8501,11.6353],[105.8573,11.2951],[106.1597,11.0364],[106.1633,10.7951],[105.7565,10.9895],[105.3137,10.8454],[105.0473,10.9114],[105.0473,10.7014],[104.8492,10.5347],[104.428,10.4114],[103.87,10.6545],[103.5856,10.5521],[103.5388,10.6684],[103.7224,10.8906],[103.5316,11.1475],[103.3552,10.9218],[103.1536,10.9131],[103.1248,11.46],[102.736,12.0902],[102.754,12.4269],[102.4984,12.67],[102.3184,13.5397],[102.5452,13.5849],[103.0312,14.2532],[103.546,14.4181],[104.7772,14.4286],[105.0329,14.2272],[105.1841,14.347],[105.3497,14.1091],[105.5333,14.156],[106.0661,13.9216],[106.1237,14.0484],[105.9797,14.3435],[106.2245,14.4754],[106.5017,14.5778],[106.9373,14.3279],[107.5205,14.7046]]],[[[103.0456,11.2846],[103.0276,11.276],[103.0096,11.276],[102.9916,11.2899],[102.9952,11.3489],[103.006,11.3836],[103.0384,11.3905],[103.0456,11.2846]]],[[[103.3192,10.7187],[103.2796,10.6805],[103.222,10.7604],[103.222,10.7812],[103.3192,10.7187]]]]}},{"type":"Feature","properties":{"iso":"120","name":"카메룬","en":"Cameroon"},"geometry":{"type":"Polygon","coordinates":[[[8.5555,4.7555],[8.9983,5.9169],[9.7795,6.7606],[10.1431,6.9967],[10.2043,6.8908],[10.4815,6.8908],[10.6075,7.0627],[11.0071,6.7398],[11.1079,6.4586],[11.2375,6.4499],[11.8603,7.1165],[11.7667,7.2727],[12.0151,7.5904],[12.2347,8.2831],[12.4039,8.5956],[12.7819,8.8178],[12.8755,9.3039],[13.1995,9.5643],[13.5343,10.6059],[13.8907,11.1406],[14.5603,11.493],[14.6179,12.1509],[14.5207,12.2985],[14.1967,12.3835],[14.0635,13.0779],[14.4631,13.0224],[14.8483,12.5016],[15.0824,11.8454],[15.0284,11.1145],[15.1328,10.6493],[15.6548,10.007],[14.2435,9.9792],[13.9771,9.691],[14.3335,9.2032],[15.1148,8.5574],[15.5576,7.738],[14.7655,6.3162],[14.4307,6.0384],[14.6179,5.8648],[14.5639,5.2798],[14.7079,4.6653],[15.0644,4.2851],[15.0608,3.9466],[16.0652,2.9084],[16.1372,1.7245],[15.6008,1.9502],[14.9023,2.0127],[14.5783,2.1984],[13.2931,2.162],[13.2211,2.2557],[11.5579,2.3026],[11.3491,2.2991],[11.3275,2.1672],[9.9811,2.1672],[9.8011,2.3043],[9.9163,3.24],[9.6715,3.5369],[9.7651,3.6237],[9.6427,3.6115],[9.5563,3.7973],[9.7399,3.8528],[9.6895,4.0559],[9.4843,4.0663],[9.4267,3.9223],[9.0019,4.0924],[8.9191,4.5542],[8.6599,4.6705],[8.6887,4.5507],[8.5735,4.5264],[8.5555,4.7555]]]}},{"type":"Feature","properties":{"iso":"124","name":"캐나다","en":"Canada"},"geometry":{"type":"MultiPolygon","coordinates":[[[[-130.0243,55.8878],[-130.0963,56.11],[-131.8243,56.5891],[-131.8675,56.7922],[-132.1051,56.8565],[-132.0331,57.0266],[-132.3391,57.0787],[-132.2311,57.1985],[-133.4011,58.4102],[-134.9455,59.2886],[-135.05,59.5785],[-135.4748,59.7938],[-136.3208,59.6046],[-136.2776,59.4796],[-136.4648,59.4587],[-136.58,59.1515],[-137.4368,58.9032],[-137.5916,59.2261],[-139.1864,60.0837],[-139.0784,60.3441],[-139.676,60.3285],[-139.9748,60.1827],[-141.0008,60.3007],[-141.0008,69.6508],[-139.1828,69.5154],[-137.2604,68.9634],[-135.2588,68.6839],[-135.4352,68.8418],[-135.896,68.9269],[-135.5756,69.0276],[-135.9104,69.1109],[-135.6908,69.3106],[-135.2912,69.3071],[-135.14,69.4685],[-134.4559,69.4772],[-134.4091,69.6821],[-133.8799,69.5085],[-134.1751,69.2533],[-133.1635,69.4338],[-132.8395,69.6508],[-132.4039,69.6595],[-132.5371,69.7272],[-131.1367,69.9078],[-130.6651,70.1265],[-129.9451,70.0918],[-129.6751,70.1925],[-129.5383,70.1057],[-130.8307,69.6508],[-131.9395,69.5345],[-132.6883,69.2602],[-133.4191,68.8436],[-133.1959,68.7394],[-133.3363,68.8349],[-132.5767,68.8471],[-132.7387,68.9217],[-132.7207,69.0797],[-131.9179,69.2897],[-131.7883,69.4321],[-131.3239,69.3609],[-131.0647,69.4512],[-130.9711,69.2099],[-130.1179,69.7203],[-128.8975,69.9668],[-129.1567,69.8001],[-129.0559,69.7012],[-128.8543,69.7515],[-128.2783,70.1074],[-127.6843,70.2602],[-128.1703,70.4181],[-127.9903,70.5744],[-127.2271,70.2966],[-126.6115,69.7307],[-125.7295,69.38],[-125.1715,69.4286],[-125.3443,69.663],[-124.7682,69.9893],[-124.9914,70.0258],[-124.5558,70.1508],[-124.4442,70.1109],[-124.4082,69.7671],[-124.1238,69.6907],[-124.4802,69.4251],[-124.3398,69.3644],[-123.5298,69.3887],[-123.213,69.5415],[-123.0258,69.8105],[-121.7406,69.7966],[-120.1386,69.38],[-117.2262,68.913],[-116.0598,68.8366],[-116.2434,68.9738],[-115.4406,68.9408],[-114.6197,68.7464],[-113.9645,68.3992],[-114.0977,68.2672],[-114.7637,68.2707],[-115.4334,67.9027],[-115.1346,67.8193],[-112.4345,67.6839],[-110.9909,67.7916],[-110.0729,67.9929],[-109.6301,67.7325],[-109.0397,67.6909],[-108.8525,67.4218],[-108.6149,67.5989],[-107.9885,67.2569],[-107.9093,67.1631],[-107.9921,67.0954],[-108.4961,67.092],[-107.2901,66.401],[-107.7113,66.7395],[-107.7473,66.9618],[-107.1569,66.8819],[-107.9597,67.8193],[-107.7617,67.9061],[-107.7977,68.0363],[-106.4261,68.2013],[-106.4045,68.3193],[-105.7493,68.5919],[-106.4585,68.5172],[-106.6097,68.3575],[-107.6177,68.3315],[-107.7329,68.1735],[-108.3233,68.1544],[-108.7193,68.2967],[-108.3449,68.5971],[-106.1633,68.92],[-105.6845,68.828],[-105.3785,68.4131],[-104.6548,68.2308],[-104.4856,68.0624],[-103.474,68.1145],[-102.322,67.736],[-98.4124,67.8072],[-98.704,67.9652],[-98.632,68.0728],[-97.93,67.71],[-97.4548,67.6162],[-97.1416,67.7968],[-97.5484,67.96],[-98.1928,67.9235],[-98.65,68.3627],[-98.218,68.3176],[-97.7932,68.387],[-97.9264,68.5242],[-97.4116,68.4964],[-96.976,68.2551],[-96.4324,68.3106],[-96.7204,68.0381],[-95.9716,68.2499],[-96.3676,67.5103],[-96.1408,67.2725],[-95.7196,67.3176],[-95.7772,67.184],[-95.5288,67.21],[-95.4172,67.0138],[-96.4216,67.0364],[-95.788,66.6163],[-96.0364,66.9374],[-95.3992,66.9496],[-95.2588,67.2621],[-95.6512,67.7377],[-95.4604,68.0207],[-94.7439,68.0711],[-93.4479,68.6196],[-93.6423,68.6335],[-93.6819,68.887],[-93.8511,68.9998],[-94.0635,68.7846],[-94.5999,68.8037],[-94.0851,69.1231],[-94.2543,69.1509],[-94.2543,69.314],[-93.6207,69.4165],[-93.7467,69.2255],[-93.4299,69.3748],[-93.5307,69.4807],[-94.2723,69.4547],[-94.6323,69.6491],[-94.8231,69.5779],[-95.9644,69.8036],[-96.5512,70.2098],[-96.2992,70.5119],[-95.878,70.5483],[-95.9896,70.616],[-95.8852,70.6942],[-96.2596,70.6421],[-96.5476,70.8087],[-96.4468,71.2393],[-96.0616,71.4146],[-95.5648,71.3365],[-95.4064,71.491],[-95.8708,71.5726],[-95.2012,71.9042],[-94.6107,71.9875],[-94.3083,71.7653],[-93.7467,71.7427],[-93.7611,71.6385],[-93.0303,71.3365],[-92.8827,71.0691],[-92.9799,70.8521],[-92.3571,70.6351],[-92.0475,70.3036],[-91.7595,70.3261],[-91.5651,70.1786],[-92.3211,70.2359],[-92.5119,70.1039],[-91.9755,70.038],[-92.8863,69.6682],[-92.3103,69.6734],[-91.9107,69.531],[-91.2015,69.6456],[-91.4391,69.5258],[-90.4167,69.4564],[-90.8919,69.2672],[-91.2375,69.2863],[-90.4779,68.8818],[-90.5751,68.4755],[-90.2475,68.2672],[-89.8983,68.4912],[-89.6679,69.0154],[-89.2791,69.255],[-89.0559,69.2654],[-88.0407,68.8123],[-87.8139,68.3453],[-87.8931,68.2481],[-88.3467,68.2881],[-88.3143,67.9495],[-87.3603,67.177],[-86.5611,67.4826],[-86.3991,67.8002],[-85.9527,68.0728],[-85.6899,68.6717],[-84.869,68.7741],[-85.1067,68.8436],[-84.8618,69.0745],[-85.3875,69.2324],[-85.5063,69.8453],[-82.3742,69.6421],[-82.7558,69.4946],[-82.3094,69.4095],[-82.2266,69.2481],[-81.377,69.1856],[-81.3302,69.1196],[-81.9566,68.8835],[-81.3806,68.8505],[-81.251,68.7429],[-81.9134,68.4582],[-82.5542,68.446],[-82.223,68.1457],[-82.0142,68.1943],[-82.061,67.9287],[-81.2942,67.4982],[-81.467,67.0694],[-83.4074,66.3715],[-84.5378,66.9722],[-84.8474,67.0295],[-85.1139,66.9062],[-84.7394,66.934],[-84.2246,66.6823],[-83.825,66.2899],[-83.8682,66.2135],[-84.293,66.2917],[-84.6278,66.2083],[-85.6035,66.5677],[-86.7087,66.5225],[-86.6835,66.3611],[-85.9599,66.1198],[-87.0795,65.441],[-87.4539,65.3386],[-87.9687,65.349],[-89.7507,65.9358],[-91.4283,65.9479],[-89.9235,65.7795],[-88.9731,65.349],[-87.0291,65.198],[-87.2811,64.8265],[-88.1055,64.1841],[-88.8183,63.9915],[-89.1999,64.113],[-89.1315,63.9689],[-89.6175,64.0314],[-89.8119,64.1807],[-90.0423,64.1407],[-89.8551,63.9567],[-90.1683,63.9793],[-90.0135,63.804],[-90.1539,63.6894],[-90.8127,63.5818],[-92.5515,63.83],[-93.6963,64.1477],[-93.5595,63.8647],[-93.2715,63.8404],[-93.3795,63.9481],[-92.1555,63.6911],[-92.4651,63.5557],[-91.8423,63.6981],[-90.7119,63.304],[-90.7767,62.9724],[-91.4499,62.804],[-92.3607,62.8196],[-91.9359,62.5922],[-92.5515,62.5471],[-92.7675,62.3492],[-92.5263,62.1686],[-93.2067,62.3648],[-92.9043,62.2155],[-93.3507,62.0298],[-93.3327,61.9326],[-93.5811,61.9412],[-93.3111,61.7676],[-93.9123,61.4812],[-93.8871,61.344],[-94.0851,61.3041],[-94.0671,61.1392],[-94.5099,60.6045],[-94.7619,60.4986],[-94.6467,60.417],[-94.7871,59.9535],[-94.7871,59.2678],[-94.9563,59.0681],[-94.2867,58.7157],[-94.3335,58.2974],[-94.1247,58.7366],[-93.1779,58.7262],[-92.4327,57.32],[-92.7999,56.9224],[-91.1115,57.2419],[-90.5931,57.2245],[-88.8255,56.8148],[-88.0767,56.4676],[-87.4827,56.0215],[-85.6755,55.6013],[-85.2183,55.3496],[-85.3659,55.0788],[-85.0599,55.2854],[-83.9114,55.3149],[-82.3922,55.0684],[-82.2194,54.8132],[-82.4246,54.2438],[-82.1402,53.8185],[-82.1582,53.2647],[-82.2914,53.0303],[-81.6002,52.4331],[-81.827,52.2248],[-81.467,52.204],[-80.657,51.7578],[-80.4446,51.3881],[-80.8514,51.1242],[-80.477,51.3065],[-80.1026,51.2822],[-79.3466,50.7631],[-79.7138,51.1172],[-79.6886,51.3464],[-79.2962,51.6224],[-78.9038,51.2006],[-78.731,51.4974],[-78.983,51.7752],[-78.4466,52.2613],[-78.7454,52.6553],[-78.7202,52.8567],[-79.1018,53.657],[-78.9434,53.841],[-79.0766,53.933],[-79.0082,54.0233],[-79.2422,54.0997],[-79.145,54.1691],[-79.7138,54.6726],[-77.777,55.2906],[-76.7618,55.9972],[-76.5458,56.3582],[-76.5746,57.1811],[-76.8914,57.7575],[-77.1578,58.0196],[-78.515,58.6828],[-78.4322,58.9015],[-77.759,59.3806],[-77.8598,59.4761],[-77.7266,59.6757],[-77.3486,59.5785],[-77.4854,59.6844],[-77.291,60.0212],[-77.5862,60.0889],[-77.453,60.1462],[-77.6798,60.4274],[-77.5034,60.542],[-77.7914,60.6392],[-77.6042,60.825],[-78.1802,60.8198],[-77.7302,61.2069],[-77.7374,61.4378],[-77.5142,61.5558],[-78.0218,61.8319],[-78.1334,62.2815],[-77.3738,62.5731],[-75.6746,62.2502],[-75.7898,62.1791],[-75.3398,62.3127],[-74.6341,62.1148],[-74.6449,62.2103],[-73.7053,62.4724],[-72.6865,62.1252],[-72.7729,61.8405],[-72.5065,61.9221],[-72.2257,61.8319],[-72.0385,61.6808],[-72.2149,61.5871],[-71.8657,61.6878],[-71.6389,61.6166],[-71.8549,61.4395],[-71.6461,61.4135],[-71.7433,61.3371],[-71.4229,61.1583],[-70.2781,61.068],[-69.9937,60.8562],[-69.4717,61.0107],[-69.4033,60.8475],[-69.7525,60.4882],[-69.6733,60.075],[-70.6561,60.0264],[-69.7345,59.9188],[-69.5797,59.6757],[-69.6805,59.3424],[-69.3457,59.3025],[-69.5329,58.8685],[-69.6481,58.8216],[-69.7849,58.9553],[-70.1557,58.7609],[-69.7885,58.6897],[-69.2701,58.8841],[-68.6977,58.905],[-68.3809,58.7435],[-68.2297,58.4848],[-68.3557,58.1637],[-69.0397,57.9033],[-68.4133,58.0526],[-68.0209,58.4848],[-67.8877,58.2956],[-68.0641,58.1394],[-67.7545,58.405],[-67.6789,57.9918],[-67.5709,58.214],[-66.7213,58.4918],[-66.3613,58.7904],[-66.0913,58.6584],[-66.0013,58.431],[-65.9221,58.5716],[-66.0445,58.8199],[-65.7205,59.023],[-65.3821,59.0595],[-65.6989,59.214],[-65.4109,59.3147],[-65.4757,59.4709],[-65.0365,59.3876],[-65.4073,59.5386],[-65.4325,59.7764],[-65.0293,59.7712],[-65.1733,59.9084],[-64.8168,60.3302],[-64.5,60.2677],[-64.4208,60.1722],[-64.77,60.0125],[-64.284,60.0646],[-64.1832,59.9726],[-64.2264,59.7417],[-64.0572,59.8233],[-63.7512,59.5126],[-63.9456,59.3806],[-63.7764,59.2765],[-63.5388,59.332],[-63.4164,59.1949],[-63.9708,59.0543],[-63.2472,59.0681],[-63.2832,58.8668],[-63.0492,58.8789],[-62.8728,58.6723],[-63.5388,58.3303],[-62.6064,58.497],[-62.8116,58.2001],[-63.2616,58.0144],[-62.4876,58.1533],[-62.304,57.9727],[-61.9584,57.912],[-61.9692,57.6116],[-62.4948,57.4884],[-61.9224,57.4207],[-61.8504,57.3703],[-61.9764,57.2488],[-61.332,57.011],[-61.3716,56.6811],[-62.4984,56.8009],[-61.7388,56.5266],[-61.9404,56.4242],[-61.4256,56.36],[-61.7136,56.2315],[-61.3644,56.2159],[-61.2996,56.0475],[-61.4508,55.9954],[-61.0908,55.867],[-60.7416,55.9416],[-60.5616,55.7263],[-60.342,55.7854],[-60.4068,55.65],[-60.1908,55.4816],[-60.6156,55.0597],[-59.7588,55.3097],[-59.4384,55.176],[-59.838,54.8132],[-59.2584,55.2003],[-58.9956,55.15],[-58.7796,54.8392],[-58.398,54.7733],[-57.9624,54.8757],[-57.4044,54.591],[-57.6996,54.3861],[-58.434,54.2282],[-58.632,54.0494],[-59.8236,53.8341],[-60.144,53.5963],[-60.396,53.6535],[-60.1008,53.4869],[-60.3312,53.2664],[-58.6536,53.9782],[-57.93,54.1032],[-58.3188,54.1136],[-58.3116,54.2021],[-57.4152,54.1622],[-57.1344,53.7924],[-57.5232,53.6119],[-57.3324,53.4695],[-56.8392,53.7386],[-56.526,53.7664],[-55.9644,53.4713],[-55.7988,53.2126],[-55.8924,53.0008],[-55.8024,52.6432],[-56.3244,52.5442],[-55.7448,52.4748],[-55.7772,52.3637],[-56.0112,52.3949],[-55.6728,52.1901],[-56.976,51.4575],[-58.5096,51.2943],[-60.0792,50.2545],[-61.7244,50.1034],[-61.9188,50.2336],[-62.7144,50.3013],[-66.4117,50.2249],[-66.9409,49.9941],[-67.3729,49.3483],[-68.2837,49.1972],[-69.6733,48.199],[-71.0197,48.456],[-69.7741,48.0983],[-69.9937,47.7407],[-71.2681,46.7963],[-72.2041,46.5585],[-72.9817,46.2096],[-73.4749,45.7374],[-74.0365,45.5013],[-74.3137,45.5308],[-73.9753,45.345],[-75.401,44.7722],[-76.463,44.0569],[-76.8194,43.6281],[-78.8462,43.583],[-79.1702,43.4667],[-78.9146,42.9094],[-79.037,42.8018],[-80.2466,42.3661],[-81.2762,42.2098],[-82.439,41.6751],[-82.691,41.6751],[-83.0294,41.8331],[-83.1482,42.1421],[-82.547,42.6247],[-82.1366,43.5708],[-82.5506,45.3468],[-83.591,45.8172],[-83.4686,45.9943],[-83.6162,46.1176],[-83.9762,46.0846],[-84.149,46.5429],[-84.563,46.4578],[-84.8762,46.9005],[-88.3791,48.3032],[-89.4555,47.9959],[-90.9171,48.2094],[-91.5183,48.0584],[-92.0043,48.3015],[-92.4147,48.2771],[-92.5011,48.4351],[-92.9979,48.6122],[-93.7071,48.5254],[-94.6215,48.7424],[-94.8555,49.3049],[-95.1544,49.3691],[-95.1616,48.9924],[-122.7882,48.9924],[-122.961,49.074],[-123.0762,48.9802],[-123.231,49.2597],[-122.8782,49.3986],[-123.2778,49.3448],[-123.1878,49.6798],[-123.5298,49.3969],[-124.0302,49.6035],[-123.9942,49.7354],[-123.8178,49.5861],[-123.5838,49.6816],[-123.8754,49.7371],[-123.825,50.1451],[-123.9474,50.1833],[-123.8646,50.0722],[-123.9834,49.876],[-124.2822,49.7718],[-124.7826,50.0201],[-125.0563,50.4194],[-124.8618,50.6381],[-124.8582,50.8725],[-125.0599,50.5131],[-125.4775,50.4975],[-125.5387,50.6485],[-125.6431,50.4662],[-126.0931,50.4975],[-126.4459,50.5878],[-125.9059,50.7041],[-126.5143,50.6798],[-126.3739,50.8378],[-126.5215,50.8655],[-126.5179,51.0565],[-126.6331,50.9159],[-127.0579,50.8673],[-127.7095,51.152],[-127.6879,51.3429],[-127.4215,51.6085],[-126.6907,51.704],[-127.3387,51.7075],[-127.7131,51.4905],[-127.8679,51.7752],[-127.7275,51.9939],[-127.8571,51.9905],[-127.7959,52.1918],[-127.2415,52.3949],[-126.7123,52.0599],[-127.1947,52.4574],[-126.9499,52.7213],[-127.0183,52.8428],[-127.0651,52.6519],[-127.8355,52.2509],[-128.1019,51.7891],[-128.3575,52.1589],[-128.0371,52.3186],[-127.9399,52.546],[-128.2711,52.3637],[-128.0515,52.9105],[-128.3647,52.8255],[-128.5231,53.1414],[-129.0811,53.3671],[-129.1711,53.5338],[-128.8543,53.7039],[-128.9047,53.5598],[-127.9291,53.2751],[-128.2063,53.4834],[-128.6743,53.5546],[-128.7643,53.7473],[-128.5339,53.8584],[-128.9587,53.841],[-129.2071,53.6414],[-129.2575,53.4175],[-129.5635,53.2508],[-130.3339,53.7247],[-130.0423,54.1327],[-129.6247,54.2299],[-130.0855,54.1813],[-130.4311,54.4209],[-130.3519,54.6552],[-129.5599,55.4625],[-129.7939,55.5597],[-130.0495,55.058],[-130.0243,55.8878]]],[[[-69.4897,83.0163],[-66.4225,82.926],[-68.4709,82.6535],[-64.9032,82.9],[-64.5036,82.7785],[-63.4992,82.7924],[-63.6432,82.7125],[-63.0852,82.565],[-63.2472,82.4504],[-61.6956,82.4886],[-61.206,82.341],[-62.178,82.0442],[-64.4352,81.7421],[-66.6241,81.6171],[-66.9157,81.4852],[-68.6869,81.2925],[-64.7808,81.4921],[-69.5509,80.3828],[-70.7137,80.539],[-70.2637,80.2335],[-72.0565,80.1224],[-70.5589,80.0703],[-71.3545,79.9106],[-71.1097,79.8481],[-71.3869,79.7613],[-72.4381,79.6936],[-74.3929,79.8741],[-74.6593,79.836],[-73.4713,79.7561],[-73.2013,79.5964],[-75.5018,79.4141],[-76.8986,79.5131],[-75.6026,79.2388],[-74.4829,79.2301],[-74.5333,79.053],[-78.5834,79.0756],[-77.8814,78.9419],[-76.2542,79.0061],[-74.4325,78.7249],[-74.8789,78.5444],[-76.4162,78.5114],[-75.1922,78.3274],[-75.9698,77.9923],[-78.011,77.9454],[-78.0758,77.5184],[-78.4934,77.3691],[-80.5742,77.3153],[-81.6578,77.5253],[-81.2762,77.3656],[-82.0574,77.2962],[-81.755,77.2042],[-79.4978,77.1955],[-79.3394,77.159],[-79.2206,76.9368],[-78.2882,76.9785],[-78.0002,76.8518],[-77.9822,76.7545],[-78.2846,76.5705],[-80.801,76.173],[-80.9954,76.2147],[-80.8334,76.3692],[-80.9738,76.4698],[-81.719,76.4941],[-82.529,76.7233],[-82.2338,76.4664],[-83.8862,76.4525],[-84.2246,76.6747],[-84.275,76.357],[-85.6791,76.3483],[-86.4531,76.5844],[-86.6799,76.3761],[-87.3531,76.4473],[-87.4899,76.5862],[-87.4971,76.3865],[-88.3971,76.4056],[-88.4943,76.7736],[-88.6131,76.6504],[-88.5447,76.4212],[-89.5707,76.4924],[-89.4987,76.8275],[-88.5555,77.0722],[-86.8131,77.1851],[-87.6807,77.4368],[-88.0947,77.7198],[-88.0155,77.784],[-86.7555,77.8639],[-85.5891,77.4611],[-84.4874,77.3674],[-83.609,77.442],[-82.9034,77.7319],[-82.5938,77.9923],[-83.7782,77.5323],[-84.8618,77.4993],[-85.2903,77.5583],[-85.2903,77.7632],[-85.5459,77.9281],[-84.617,78.1954],[-84.221,78.1763],[-84.9086,78.2388],[-84.7826,78.527],[-85.5855,78.1104],[-86.2191,78.0809],[-85.9203,78.343],[-86.9139,78.126],[-87.5511,78.1763],[-87.4899,78.4176],[-86.8095,78.7735],[-85.0023,78.9124],[-83.2706,78.77],[-81.7514,78.9766],[-84.4118,78.9957],[-84.5666,79.0721],[-83.5766,79.053],[-85.2687,79.6641],[-86.4207,79.8446],[-86.6151,80.1241],[-86.4999,80.2578],[-83.7242,80.2283],[-81.6866,79.6867],[-80.477,79.6068],[-80.1242,79.6693],[-81.0098,79.6936],[-82.9862,80.322],[-76.8626,80.8654],[-78.7166,80.9522],[-78.2882,81.1675],[-76.8842,81.4296],[-79.199,81.1171],[-79.7606,80.8411],[-81.0062,80.6553],[-82.8854,80.5772],[-82.223,80.7717],[-82.5002,80.763],[-85.1463,80.5217],[-86.6151,80.6293],[-85.2471,80.9887],[-83.2886,81.1484],[-85.7799,81.0355],[-87.7131,80.6571],[-89.2647,80.914],[-86.4783,81.0355],[-84.941,81.2855],[-89.6247,81.0321],[-89.9811,81.1241],[-89.2071,81.2508],[-89.6751,81.3289],[-89.4267,81.3879],[-87.5979,81.5251],[-88.4799,81.565],[-90.3051,81.4018],[-90.6075,81.4296],[-89.8227,81.6345],[-91.6839,81.6362],[-90.9423,81.8271],[-88.0623,82.0962],[-87.0183,81.9591],[-86.6259,82.0511],[-85.0455,81.9834],[-86.6151,82.2178],[-84.8978,82.4486],[-83.591,82.3271],[-82.6334,82.0771],[-82.3274,82.0928],[-82.7486,82.1969],[-82.5362,82.2473],[-79.4258,81.8549],[-82.4462,82.3948],[-81.6794,82.5181],[-82.1186,82.6292],[-80.8082,82.5858],[-81.179,82.7455],[-81.0098,82.7785],[-78.749,82.6795],[-80.1566,82.9104],[-79.8866,82.9382],[-77.4782,82.8826],[-76.0094,82.5354],[-75.5666,82.6084],[-77.1254,83.0094],[-74.4145,83.0128],[-72.6577,82.7212],[-73.4389,82.9451],[-72.0709,83.1066],[-70.9405,82.9017],[-71.4229,83.0215],[-69.9685,83.1153],[-69.4897,83.0163]]],[[[-86.5899,71.0101],[-85.6431,71.1525],[-85.0959,71.1525],[-84.8222,71.0292],[-84.6998,71.6316],[-85.3407,71.6976],[-85.9131,71.9857],[-85.3227,72.234],[-84.2822,72.0448],[-84.8402,72.3086],[-84.6242,72.3763],[-85.3407,72.4215],[-85.6503,72.7218],[-85.2615,72.9544],[-84.257,72.7965],[-85.4559,73.1055],[-84.4154,73.4561],[-83.7818,73.4162],[-83.9042,73.5291],[-83.411,73.6315],[-81.6038,73.6957],[-81.3446,73.5985],[-81.1502,73.3138],[-80.603,73.1211],[-80.5922,72.9284],[-80.279,72.7704],[-81.2294,72.3121],[-80.6102,72.451],[-80.9414,72.2097],[-80.693,72.1038],[-80.9198,72.0725],[-80.9486,71.9163],[-80.1818,72.208],[-79.883,72.1767],[-80.1098,72.3329],[-79.8326,72.4458],[-79.001,72.2722],[-79.0082,72.043],[-78.5834,71.8799],[-78.8642,72.1003],[-78.6986,72.352],[-77.5178,72.1784],[-78.2882,72.359],[-78.4826,72.4701],[-78.4214,72.5708],[-77.255,72.7357],[-75.7034,72.5708],[-75.0698,72.3225],[-75.0518,72.2271],[-75.923,71.7167],[-75.149,72.0621],[-74.2669,72.0378],[-74.3173,71.8434],[-75.2066,71.7097],[-74.7025,71.675],[-74.9977,71.2184],[-74.4865,71.649],[-73.8673,71.7705],[-73.7125,71.7201],[-74.1985,71.4042],[-73.7125,71.5882],[-73.1797,71.2827],[-73.2769,71.5379],[-72.9025,71.6785],[-71.6389,71.517],[-71.1853,71.2792],[-72.6325,70.8313],[-71.7433,71.0466],[-70.6741,71.0518],[-70.6381,70.9025],[-70.7605,70.7914],[-71.8909,70.432],[-71.2753,70.4997],[-71.4301,70.1282],[-70.9801,70.5813],[-70.0837,70.8296],[-68.4961,70.6108],[-68.3593,70.5223],[-68.4817,70.4147],[-70.0585,70.0432],[-68.7769,70.2029],[-69.0073,69.9789],[-68.7445,69.9407],[-68.2297,70.1126],[-68.3269,70.1803],[-68.1217,70.314],[-67.8553,70.281],[-67.3621,70.0345],[-67.1929,69.7567],[-68.0209,69.7706],[-69.2521,69.5119],[-68.5141,69.5779],[-67.2361,69.4599],[-66.6781,69.2585],[-66.8041,69.1526],[-67.9381,69.2481],[-69.0397,69.0988],[-68.3053,69.1665],[-67.7509,69.038],[-67.8841,68.7846],[-69.3205,68.8575],[-68.2117,68.703],[-67.9381,68.5242],[-66.7141,68.446],[-67.0345,68.3263],[-66.8293,68.2151],[-66.9229,68.0659],[-66.7285,68.1283],[-66.6637,68.0346],[-66.6313,68.2099],[-66.2137,68.2811],[-66.2749,68.0415],[-66.5269,67.8506],[-65.9437,68.0711],[-65.9761,67.9582],[-65.8645,67.9235],[-65.5081,67.9686],[-65.5405,67.7655],[-65.4001,67.6752],[-65.4145,67.8801],[-64.9752,68.0433],[-64.8348,67.9895],[-65.0221,67.7881],[-64.6368,67.8402],[-63.8484,67.5659],[-64.0788,67.4964],[-64.0068,67.3471],[-64.7016,67.3506],[-64.59,67.3159],[-63.8376,67.2638],[-63.5928,67.3784],[-63.0384,67.2343],[-63.7008,66.8229],[-62.9628,66.9496],[-62.3796,66.9062],[-62.124,67.0468],[-61.2996,66.6493],[-61.5264,66.5573],[-62.124,66.6423],[-61.5768,66.4132],[-61.8612,66.3125],[-62.5524,66.4062],[-62.4048,66.316],[-62.5344,66.2274],[-61.9908,66.0347],[-62.592,66.0347],[-62.3832,65.8334],[-62.6604,65.6407],[-63.168,65.658],[-63.4596,65.8524],[-63.42,65.7084],[-63.6504,65.6615],[-63.3372,65.6163],[-63.3624,65.2292],[-63.6072,64.9289],[-63.8952,65.1094],[-64.3452,65.1719],[-64.2696,65.4011],[-64.554,65.1164],[-65.4001,65.7639],[-64.446,66.3177],[-65.0041,66.0781],[-65.8249,65.9965],[-65.8573,66.0868],[-65.6557,66.2049],[-66.0625,66.1319],[-66.9877,66.6267],[-67.0777,66.526],[-67.3081,66.5694],[-67.2253,66.3108],[-67.8841,66.467],[-67.1821,66.0347],[-67.3513,65.9306],[-67.8265,65.9653],[-68.4601,66.25],[-68.7481,66.1996],[-68.2189,66.0781],[-68.1865,65.8715],[-67.8661,65.7743],[-67.9381,65.5643],[-67.5709,65.6441],[-67.1173,65.441],[-67.3369,65.3473],[-66.8293,65.0747],[-66.6961,64.8161],[-66.6349,65.0001],[-66.2245,64.8542],[-66.3001,64.7779],[-66.2137,64.7223],[-65.9401,64.8855],[-65.4325,64.7258],[-65.2741,64.632],[-65.5297,64.5053],[-65.0761,64.4359],[-65.2129,64.3039],[-65.5801,64.2935],[-65.1697,64.0279],[-64.68,64.0279],[-64.7988,63.9168],[-64.5756,63.8977],[-64.41,63.7067],[-64.5612,63.679],[-64.5144,63.2641],[-64.6656,63.245],[-65.1913,63.764],[-65.0509,63.2346],[-64.6728,62.9221],[-65.1625,62.9325],[-65.1085,62.627],[-66.2245,63.1078],[-66.2281,62.9915],[-66.4153,63.028],[-66.6565,63.2641],[-66.6349,63.08],[-66.7249,63.08],[-67.8949,63.7345],[-67.7221,63.422],[-68.4925,63.7258],[-68.9101,63.7033],[-68.1397,63.1721],[-67.6753,63.0939],[-67.7365,63.0089],[-66.6457,62.6026],[-65.9797,62.2086],[-66.1345,62.1027],[-66.0589,61.9135],[-66.3253,61.8701],[-67.4413,62.1513],[-68.6329,62.2815],[-69.1261,62.4238],[-69.6049,62.7676],[-70.2349,62.7641],[-71.1061,63.0019],[-70.9477,63.12],[-71.3473,63.0662],[-71.9917,63.4168],[-71.3797,63.58],[-72.2905,63.7276],[-72.1753,63.8942],[-72.4993,63.8231],[-73.4533,64.3994],[-73.2697,64.5817],[-73.9105,64.5782],[-74.0653,64.4255],[-74.1301,64.6077],[-74.4613,64.6442],[-74.6809,64.8299],[-74.9185,64.7657],[-74.6413,64.5574],[-74.6953,64.4966],[-75.7142,64.5244],[-75.7682,64.3925],[-76.8554,64.238],[-77.7914,64.3664],[-78.173,64.6181],[-78.0542,64.9827],[-77.3594,65.1962],[-77.4602,65.3559],[-77.327,65.4532],[-75.8294,65.2275],[-75.5198,65.0556],[-75.5882,64.9046],[-75.4514,64.8421],[-75.3578,65.0087],[-75.797,65.2969],[-73.5505,65.4844],[-73.7449,65.7674],[-74.4181,66.1667],[-73.0321,66.7274],[-72.7873,67.0312],[-72.2185,67.2551],[-73.3273,68.2672],[-73.2841,68.3575],[-73.8205,68.3627],[-73.8529,68.7012],[-74.1193,68.7012],[-73.9897,68.5485],[-74.4217,68.5797],[-74.6989,68.8089],[-74.9113,68.8227],[-74.7421,68.913],[-74.9545,68.9616],[-74.7169,69.045],[-74.8537,69.0658],[-76.5854,68.6995],[-76.5566,69.0102],[-75.9554,69.0311],[-75.6494,69.2133],[-76.5206,69.5171],[-76.2326,69.663],[-77.0894,69.6352],[-76.859,69.7758],[-77.5934,69.8453],[-77.7734,70.2393],[-78.2846,70.2289],[-79.0658,70.6039],[-79.4042,70.4008],[-78.8102,70.1786],[-78.8174,70.0102],[-79.0946,69.9251],[-81.6506,70.0952],[-80.9234,69.8505],[-80.8406,69.7706],[-80.9234,69.7307],[-81.5642,69.9425],[-82.295,69.8366],[-83.1482,70.0084],[-85.7799,70.0362],[-86.3235,70.1456],[-86.4999,70.3504],[-86.3955,70.465],[-87.9003,70.2515],[-88.8471,70.5223],[-89.4555,71.0622],[-87.8463,70.9441],[-87.1407,71.0118],[-89.6931,71.4233],[-89.8443,71.4927],[-90.0243,71.9493],[-89.6571,72.175],[-89.8587,72.2479],[-89.8155,72.4684],[-89.3583,72.8034],[-89.2251,73.1072],[-88.7067,73.4041],[-87.7203,73.7235],[-86.7699,73.8346],[-85.0095,73.779],[-84.9734,73.694],[-86.0859,73.26],[-86.6691,72.7617],[-86.3235,72.4614],[-86.2191,71.8989],[-85.0239,71.3538],[-86.5899,71.0101]]],[[[-114.5225,72.5933],[-113.5793,72.6524],[-113.4497,72.8624],[-113.0753,72.9961],[-111.2681,72.7131],[-111.8945,72.3555],[-111.6749,72.3],[-110.2061,72.6611],[-110.1989,72.7583],[-110.6597,73.0083],[-110.0081,72.9839],[-108.7553,72.5517],[-108.1865,71.7236],[-107.8121,71.6264],[-107.3045,71.8955],[-107.6969,72.1489],[-108.2369,73.1506],[-107.9345,73.2166],[-108.0785,73.2808],[-108.0281,73.3485],[-106.4837,73.1957],[-105.4145,72.7878],[-104.878,71.9805],[-104.3848,71.5778],[-104.5144,71.0639],[-103.5856,70.6317],[-103.078,70.5084],[-103.0492,70.6542],[-101.6416,70.2654],[-101.5624,70.1352],[-101.0908,70.1352],[-100.9072,69.8123],[-101.044,69.6682],[-101.4832,69.8505],[-101.6488,69.6977],[-102.2356,69.8418],[-102.5956,69.7185],[-102.6208,69.5519],[-103.4344,69.6682],[-103.0492,69.472],[-103.1212,69.2047],[-102.1528,69.4876],[-101.98,69.4251],[-102.0448,69.2585],[-101.7892,69.1821],[-101.8576,69.0241],[-102.8944,68.8245],[-105.1049,68.92],[-105.0185,69.0814],[-106.1417,69.1613],[-106.3397,69.2238],[-106.4189,69.413],[-106.6601,69.439],[-107.4413,69.0016],[-108.3665,68.9356],[-109.4717,68.6769],[-113.0213,68.4808],[-113.5541,68.7672],[-113.6945,69.1943],[-116.5134,69.4251],[-117.1038,69.8036],[-117.1938,70.0536],[-114.5909,70.3122],[-112.6361,70.2254],[-111.6317,70.3088],[-113.7557,70.6907],[-117.5862,70.6299],[-118.3782,70.9684],[-117.813,71.1577],[-115.3038,71.4945],[-117.9354,71.392],[-118.227,71.4667],[-117.741,71.6594],[-118.5834,71.649],[-118.9866,71.7635],[-118.9434,71.9857],[-118.2126,72.2635],[-118.4826,72.4284],[-118.3746,72.5343],[-116.5746,73.0551],[-114.6377,73.3728],[-114.2057,73.2982],[-114.0761,72.9076],[-114.5225,72.5933]]],[[[-94.2939,76.9125],[-93.2103,76.7545],[-93.5343,76.4473],[-92.9943,76.6209],[-91.3059,76.6799],[-90.5427,76.4959],[-91.4139,76.456],[-89.2863,76.3015],[-89.2179,76.2581],[-89.4051,76.1886],[-91.4067,76.2199],[-89.2791,75.7945],[-89.2035,75.7372],[-89.6463,75.5654],[-88.9155,75.4543],[-88.8039,75.5029],[-88.8507,75.6244],[-88.6455,75.6591],[-88.2027,75.5116],[-87.7311,75.5758],[-87.5403,75.4855],[-87.2559,75.6175],[-85.9527,75.3953],[-86.0679,75.5029],[-83.933,75.8188],[-82.1546,75.831],[-79.6598,75.4491],[-79.5086,75.2598],[-80.3834,75.0342],[-79.4006,74.9179],[-80.3474,74.9022],[-80.1494,74.7963],[-80.279,74.5811],[-81.9386,74.4734],[-82.9322,74.5654],[-83.1158,74.6939],[-83.1014,74.8172],[-83.5226,74.9022],[-83.3426,74.7651],[-83.5334,74.5863],[-84.4262,74.5082],[-85.0599,74.6071],[-85.1319,74.5168],[-85.4739,74.6002],[-85.8087,74.4995],[-88.4223,74.4943],[-88.5591,74.5689],[-88.3395,74.7842],[-88.5339,74.8311],[-88.8507,74.6904],[-88.9407,74.7894],[-89.1927,74.7443],[-89.1963,74.6384],[-89.5599,74.555],[-90.5535,74.6123],[-90.9675,74.7147],[-90.8811,74.8172],[-91.1331,74.6505],[-91.5075,74.6505],[-91.9611,74.7929],[-92.1735,75.0515],[-92.0763,75.1227],[-92.3895,75.2633],[-92.4111,75.4057],[-92.0691,75.6574],[-92.1843,75.8466],[-93.0915,76.3535],[-95.2732,76.265],[-96.04,76.4872],[-95.6512,76.5844],[-96.8968,76.7545],[-96.4,76.7979],[-96.76,76.9715],[-95.8492,77.067],[-94.2939,76.9125]]],[[[-67.1245,45.1697],[-67.3657,45.1732],[-67.4737,45.2756],[-67.4341,45.6037],[-67.8013,45.727],[-67.8085,47.0828],[-68.3125,47.3553],[-68.9389,47.2112],[-69.0505,47.4265],[-69.2413,47.463],[-70.0081,46.7095],[-70.2961,45.9058],[-70.8649,45.2704],[-71.3257,45.2895],[-71.5165,45.0083],[-74.7097,45.003],[-73.5577,45.4249],[-73.1581,46.0099],[-72.1105,46.5516],[-70.5193,47.0324],[-69.4717,47.9681],[-68.8165,48.3657],[-66.5989,49.1261],[-65.5225,49.2667],[-64.5684,49.1052],[-64.2156,48.8743],[-64.5144,48.8413],[-64.2444,48.6903],[-64.2552,48.5497],[-65.2597,48.022],[-65.9257,48.1886],[-66.7033,48.022],[-66.3613,48.0601],[-65.8501,47.9109],[-65.6089,47.6695],[-65.0005,47.8466],[-64.7016,47.7251],[-64.9104,47.3692],[-65.3173,47.1019],[-64.8312,47.0602],[-64.9068,46.8883],[-64.5432,46.2408],[-63.9168,46.1662],[-63.8304,46.1071],[-64.0572,46.0221],[-63.294,45.7513],[-62.7,45.7408],[-62.7504,45.6488],[-62.484,45.6211],[-61.9548,45.8676],[-61.7748,45.6558],[-61.494,45.687],[-61.35,45.5742],[-61.2816,45.4405],[-61.4616,45.3659],[-61.0332,45.2912],[-63.3048,44.642],[-63.6036,44.6836],[-63.6108,44.4805],[-63.9996,44.6454],[-64.1004,44.4875],[-64.2876,44.5499],[-64.2768,44.3347],[-65.4829,43.5188],[-65.7385,43.5604],[-65.8861,43.7948],[-66.1273,43.8139],[-66.1921,44.1437],[-65.8681,44.569],[-66.1453,44.4354],[-66.0913,44.5048],[-64.4496,45.3381],[-64.1364,45.0239],[-64.0932,45.2166],[-63.3696,45.3641],[-64.8744,45.3555],[-64.3164,45.8363],[-64.482,45.8068],[-64.6332,45.9474],[-64.5936,45.8138],[-64.7772,45.6384],[-65.8861,45.2235],[-66.1093,45.3173],[-66.0265,45.4179],[-66.4405,45.0951],[-67.1245,45.1697]]],[[[-108.2909,76.0567],[-107.7221,75.9959],[-108.0209,75.805],[-107.2145,75.8918],[-106.9121,75.68],[-106.6925,75.8102],[-106.8617,75.9299],[-106.6781,76.0237],[-105.9041,76.0098],[-105.6053,75.9299],[-105.4829,75.7025],[-105.8609,75.1921],[-106.0913,75.0897],[-107.1533,74.9265],[-108.4745,74.9474],[-108.8309,75.0654],[-112.5209,74.4162],[-113.5145,74.43],[-114.3785,74.6713],[-112.8377,74.9751],[-111.6713,75.0203],[-111.0341,75.2269],[-113.7125,75.0689],[-113.8457,75.1123],[-113.8529,75.2598],[-113.4677,75.4161],[-114.0149,75.4334],[-114.1697,75.239],[-114.5153,75.2755],[-114.3569,75.1713],[-114.4505,75.088],[-115.0194,74.9769],[-115.4118,75.1158],[-115.7286,74.9682],[-116.4774,75.1713],[-117.6006,75.272],[-117.2586,75.4595],[-116.0778,75.4925],[-115.1418,75.6782],[-117.165,75.6452],[-116.8014,75.772],[-114.9905,75.897],[-116.6646,75.9577],[-116.5926,76.0966],[-116.211,76.1938],[-114.7781,76.173],[-115.833,76.2962],[-114.9977,76.4976],[-114.1949,76.4507],[-113.8241,76.206],[-112.6973,76.2025],[-111.8657,75.9386],[-112.0565,75.8345],[-111.5489,75.8223],[-111.0521,75.548],[-109.0865,75.5064],[-108.9173,75.6748],[-109.8713,75.9282],[-109.4321,76.1088],[-110.3105,76.3969],[-109.3385,76.7598],[-108.8309,76.8205],[-108.4673,76.7372],[-108.6293,76.5862],[-108.1217,76.2337],[-108.4061,76.0845],[-108.2909,76.0567]]],[[[-91.8855,81.1327],[-90.6435,80.5929],[-89.2359,80.5113],[-89.1351,80.4401],[-89.1999,80.263],[-88.8579,80.1658],[-88.1991,80.112],[-88.6131,80.2561],[-88.6635,80.3481],[-88.5231,80.4175],[-87.6735,80.3724],[-87.6267,80.1866],[-87.9219,80.0981],[-87.2019,80.0425],[-86.9787,79.895],[-87.2955,79.5808],[-86.3379,79.6346],[-86.0067,79.4801],[-85.6467,79.612],[-85.0419,79.2839],[-86.9571,78.9749],[-87.6159,78.6763],[-87.9219,78.751],[-87.9615,78.8933],[-87.8283,79.0461],[-88.0407,78.9957],[-88.2531,78.6728],[-87.9831,78.5374],[-88.7427,78.5843],[-88.6059,78.3916],[-88.7895,78.192],[-90.0387,78.6069],[-89.4915,78.1711],[-90.4599,78.3308],[-90.6507,78.3083],[-90.3267,78.185],[-91.4103,78.1885],[-92.8467,78.4593],[-91.8675,78.5426],[-93.2679,78.6086],[-93.6351,78.751],[-93.1599,78.7753],[-94.1679,78.9732],[-92.5479,79.2822],[-91.2987,79.3724],[-92.8215,79.4506],[-93.9339,79.2908],[-94.1103,79.402],[-95.104,79.2891],[-95.734,79.4176],[-95.662,79.5269],[-94.4019,79.737],[-95.8564,79.6745],[-96.4612,79.8481],[-96.7744,80.1363],[-94.6467,80.0495],[-94.2615,80.1953],[-95.4064,80.1345],[-96.3928,80.3151],[-95.5504,80.3672],[-96.1516,80.5529],[-96.1336,80.6918],[-95.9284,80.7213],[-93.9267,80.5599],[-95.5144,80.8376],[-95.2696,81.0008],[-93.2355,81.1293],[-94.1931,81.2404],[-94.1787,81.3393],[-93.0339,81.3463],[-91.8855,81.1327]]],[[[-119.7354,74.1124],[-119.2062,74.1974],[-119.1162,74.0151],[-118.5438,74.2443],[-117.5142,74.2321],[-115.3938,73.5013],[-118.9614,72.6836],[-119.5122,72.3034],[-120.1782,72.2132],[-120.4446,71.6316],[-120.621,71.5066],[-121.7478,71.4441],[-122.8386,71.0969],[-123.3138,71.1698],[-124.0086,71.6767],[-125.2975,71.9736],[-125.8447,71.9788],[-125.6287,72.2548],[-124.9878,72.5881],[-124.9698,72.8433],[-124.5666,72.944],[-124.8042,73.1263],[-123.7962,73.7686],[-124.1922,73.9023],[-124.6962,74.3484],[-121.503,74.5446],[-119.5626,74.2321],[-119.7354,74.1124]]],[[[-115.5522,77.3639],[-115.4694,77.3083],[-116.3298,77.1365],[-115.8114,76.9386],[-116.2542,76.9021],[-115.9446,76.7111],[-116.9994,76.5323],[-117.2334,76.2824],[-117.993,76.4056],[-117.7806,76.7841],[-117.8814,76.8049],[-118.7922,76.5132],[-118.623,76.3657],[-118.9938,76.1452],[-119.5806,76.3258],[-119.739,76.1174],[-119.5374,75.982],[-119.9118,75.8588],[-120.4086,75.8258],[-120.8478,76.1834],[-121.215,75.9838],[-122.3994,75.9438],[-122.6406,76.0098],[-122.5938,76.1626],[-122.9034,76.1348],[-122.4246,76.39],[-121.5606,76.4542],[-119.091,77.3049],[-116.8446,77.3396],[-116.7042,77.3795],[-117.039,77.4646],[-116.5098,77.5479],[-115.5522,77.3639]]],[[[-84.9194,65.2605],[-84.5018,65.4584],[-84.0842,65.2171],[-82.0502,64.6442],[-81.6758,64.2119],[-81.8882,64.0158],[-80.8298,64.0904],[-80.5706,63.9324],[-80.6678,63.9012],[-80.261,63.8022],[-81.0458,63.462],[-82.3778,63.7067],[-82.4678,63.9272],[-83.303,64.1442],[-84.6314,63.3092],[-85.3911,63.12],[-85.7691,63.6998],[-87.1767,63.5956],[-86.9319,63.9012],[-86.2515,64.1373],[-86.3739,64.5661],[-86.0751,65.533],[-85.8123,65.8316],[-85.5531,65.9184],[-85.2399,65.7952],[-85.1067,65.6233],[-85.2399,65.5105],[-84.9194,65.2605]]],[[[-55.4604,51.5374],[-55.5828,51.3881],[-56.0328,51.329],[-56.0004,51.1988],[-55.7952,51.1659],[-55.7988,51.0339],[-56.6952,50.06],[-56.8212,49.6139],[-56.1804,50.1156],[-56.1624,49.9402],[-55.5036,49.9836],[-56.1408,49.6191],[-55.8708,49.6694],[-56.0868,49.4524],[-55.3776,49.4906],[-55.3452,49.3726],[-55.23,49.508],[-55.3524,49.0792],[-54.5027,49.5271],[-54.4487,49.3292],[-53.9591,49.442],[-53.6207,49.3222],[-53.5739,49.1417],[-54.1607,48.7875],[-53.8511,48.8118],[-53.9663,48.7059],[-53.7071,48.6556],[-54.1139,48.3935],[-53.0267,48.6348],[-53.1347,48.4021],[-53.8691,48.0202],[-53.6387,48.015],[-53.8619,47.7997],[-53.6711,47.6487],[-53.2823,47.9977],[-52.8647,48.1122],[-53.1527,47.7338],[-53.1707,47.5116],[-52.9439,47.5532],[-52.7819,47.7702],[-52.6523,47.5498],[-53.0699,46.6818],[-53.5883,46.6384],[-53.5991,47.1453],[-54.0095,46.8397],[-54.1751,46.8797],[-53.8511,47.4404],[-53.9879,47.7563],[-54.1931,47.8605],[-54.4883,47.4039],[-54.5639,47.3744],[-54.4739,47.5463],[-54.8555,47.3848],[-55.3164,46.9057],[-55.788,46.8675],[-55.95,46.9283],[-55.9176,47.0168],[-55.4928,47.1609],[-54.7835,47.6643],[-55.3668,47.6609],[-55.5756,47.4647],[-56.1264,47.5029],[-55.8672,47.5932],[-55.8564,47.8188],[-56.7744,47.5654],[-58.3368,47.7303],[-58.9416,47.581],[-59.2584,47.6348],[-59.3412,47.9334],[-58.3296,48.5219],[-59.1684,48.5584],[-58.8408,48.7459],[-58.9056,48.6504],[-58.7148,48.5983],[-58.4052,49.0844],[-57.9912,48.9872],[-58.0992,49.0774],[-57.9804,49.2302],[-58.1892,49.258],[-58.2144,49.3865],[-58.0164,49.5427],[-57.7896,49.4906],[-57.9264,49.7007],[-57.4332,50.5062],[-57.1812,50.6155],[-57.2964,50.6989],[-57.0516,50.8568],[-57.0372,51.0114],[-56.6808,51.3325],[-56.0256,51.5686],[-55.4604,51.5374]]],[[[-103.4272,79.3152],[-102.916,79.2318],[-102.6532,79.0947],[-102.7288,78.9697],[-102.5776,78.8794],[-102.394,79.0096],[-101.7028,79.0791],[-101.0368,78.9384],[-101.1268,78.8013],[-100.0144,78.7284],[-99.5824,78.5635],[-99.8488,78.4385],[-99.7516,78.3031],[-98.9992,77.9975],[-99.1648,77.8569],[-99.9568,77.7944],[-100.5868,77.8916],[-101.0728,78.1937],[-102.6064,78.2492],[-102.7324,78.3708],[-104.5144,78.2944],[-104.9968,78.5183],[-103.5712,78.5392],[-103.4812,78.5947],[-104.0212,78.6346],[-103.3732,78.7371],[-104.1832,78.7805],[-103.8772,78.902],[-104.1508,78.9905],[-104.896,78.8082],[-104.968,78.8568],[-104.7484,79.027],[-105.5801,79.1138],[-105.3893,79.3238],[-103.4272,79.3152]]],[[[-100.0036,73.9457],[-99.1576,73.7322],[-97.6708,73.8884],[-97.1128,73.7912],[-97.0012,73.6662],[-97.6276,73.503],[-97.2712,73.3867],[-97.7968,73.286],[-98.4304,72.9579],[-97.6348,73.0273],[-97.084,72.7635],[-97.1272,72.6281],[-96.5404,72.6992],[-96.472,72.4336],[-96.8032,72.3225],[-96.5944,72.2045],[-96.7672,72.0465],[-96.6124,71.833],[-97.5808,71.6299],[-98.182,71.6628],[-98.3224,71.8521],[-98.4592,71.774],[-98.2,71.4406],[-98.6644,71.3018],[-99.1684,71.3677],[-100.594,72.1524],[-101.7244,72.3156],[-102.7072,72.7652],[-102.5524,72.9787],[-102.2032,73.0777],[-101.9224,73.0569],[-101.2744,72.7218],[-100.486,72.7722],[-100.396,72.977],[-100.1296,72.9058],[-100.2376,73.0951],[-100.5364,73.1975],[-99.8236,73.2131],[-100.3672,73.3589],[-100.8892,73.2756],[-101.5228,73.4857],[-100.9756,73.6002],[-100.522,73.4492],[-100.9864,73.7651],[-99.9928,73.7947],[-99.9136,73.8467],[-100.2268,73.8884],[-100.0036,73.9457]]],[[[-97.6996,76.4664],[-97.7392,76.3344],[-97.5304,76.1088],[-97.6024,75.8518],[-97.8904,75.7598],[-97.408,75.673],[-97.336,75.4196],[-97.6528,75.5081],[-97.8796,75.4161],[-97.8544,75.2598],[-97.66,75.1505],[-98.0704,75.1991],[-97.9912,75.0463],[-100.234,75.0081],[-100.4824,75.1887],[-100.144,75.246],[-100.7308,75.3466],[-99.1936,75.6991],[-102.5416,75.5133],[-102.7972,75.6001],[-102.1456,75.8744],[-100.972,75.798],[-101.2888,75.7893],[-101.5048,75.9178],[-101.4328,75.9924],[-101.872,76.0827],[-101.5588,76.2355],[-102.1384,76.2841],[-101.7892,76.4507],[-101.3392,76.4108],[-99.8668,75.9247],[-99.6904,75.9595],[-100.1116,76.1174],[-99.5428,76.1469],[-100.414,76.2424],[-99.9784,76.3119],[-100.8892,76.4751],[-100.0684,76.6348],[-98.8912,76.4664],[-99.0244,76.6139],[-98.7112,76.6938],[-97.6996,76.4664]]],[[[-93.1707,74.161],[-92.2239,73.9717],[-91.0863,74.0099],[-90.3555,73.8693],[-91.2483,73.3034],[-91.5543,73.2357],[-91.4247,73.1957],[-92.1195,72.7531],[-94.2111,72.7565],[-93.7719,72.668],[-93.5415,72.4371],[-94.1427,72.0014],[-95.194,72.0274],[-95.2516,72.5013],[-95.6008,72.885],[-95.6332,73.6957],[-94.6971,73.6627],[-95.1508,73.9058],[-94.9743,74.0412],[-93.1707,74.161]]],[[[-127.1983,50.6398],[-125.4811,50.317],[-124.8294,49.5305],[-123.8538,49.1191],[-123.4974,48.5827],[-123.3894,48.6695],[-123.3102,48.4108],[-123.573,48.3223],[-125.0167,48.7111],[-125.1355,48.8223],[-124.851,49.0288],[-124.8114,49.2129],[-124.9266,49.0149],[-125.5423,48.9525],[-125.8303,49.0913],[-125.6431,49.1851],[-125.9527,49.2476],[-125.9347,49.4021],[-126.5503,49.4194],[-126.5431,49.5913],[-126.1327,49.6729],[-126.5251,49.7198],[-126.9031,49.9437],[-127.1155,49.8795],[-127.2487,50.1381],[-127.3495,50.0513],[-127.4683,50.1642],[-127.8643,50.1277],[-127.9075,50.4454],[-127.4863,50.4055],[-127.4647,50.5826],[-128.0587,50.4992],[-128.3503,50.6971],[-128.2423,50.8273],[-127.9183,50.8603],[-127.1983,50.6398]]],[[[-79.5374,73.654],[-78.2882,73.6662],[-77.2082,73.4995],[-76.0886,72.8815],[-78.3134,72.8815],[-79.5014,72.7565],[-79.937,72.8642],[-80.1818,73.2253],[-80.7758,73.3346],[-80.8622,73.6714],[-80.4122,73.7651],[-79.5374,73.654]]],[[[-97.4404,69.6421],[-97.2352,69.6734],[-96.2992,69.3435],[-95.752,68.8974],[-95.2696,68.8262],[-96.598,68.4617],[-97.4728,68.5433],[-98.3188,68.8436],[-99.2548,68.8627],[-99.5644,69.0345],[-98.5024,69.3088],[-98.56,69.4616],[-98.4484,69.479],[-98.5456,69.5727],[-98.0416,69.4564],[-98.3044,69.6699],[-98.0812,69.8331],[-97.6924,69.8418],[-97.4116,69.7376],[-97.4404,69.6421]]],[[[-109.8173,78.6503],[-109.4681,78.5669],[-109.3529,78.369],[-113.2913,78.3343],[-110.8793,78.7353],[-109.8173,78.6503]]],[[[-110.4581,78.1034],[-109.6193,78.0566],[-110.8649,77.8343],[-110.1521,77.7632],[-110.1989,77.5253],[-111.9521,77.3448],[-113.1653,77.5305],[-113.1221,77.633],[-113.2841,77.8135],[-113.1869,77.9125],[-112.3049,78.0062],[-110.4581,78.1034]]],[[[-96.2056,78.5305],[-94.9167,78.3899],[-95.3308,78.2249],[-94.9347,78.0756],[-95.1976,77.968],[-96.9904,77.8066],[-97.0192,77.9073],[-97.6564,78.0913],[-96.9436,78.152],[-98.0488,78.3256],[-98.3188,78.4767],[-98.0596,78.5583],[-98.3404,78.751],[-97.3828,78.7822],[-96.4756,78.6659],[-96.2056,78.5305]]],[[[-95.4856,77.7927],[-93.4695,77.7649],[-93.1275,77.6607],[-93.5451,77.4663],[-93.8367,77.4524],[-95.986,77.4837],[-96.2776,77.6312],[-95.4856,77.7927]]],[[[-93.5415,75.0272],[-93.4623,74.8571],[-93.5739,74.6696],[-94.5351,74.6366],[-95.8672,74.8311],[-96.598,75.0585],[-95.9536,75.4439],[-94.8771,75.6296],[-93.9087,75.423],[-93.4983,75.1366],[-93.5415,75.0272]]],[[[-61.8,49.0931],[-62.2212,49.0792],[-63.042,49.225],[-63.5676,49.3986],[-63.7764,49.6017],[-64.4856,49.8864],[-64.1328,49.942],[-62.8584,49.7059],[-61.818,49.284],[-61.6956,49.1382],[-61.8,49.0931]]],[[[-102.2284,76.015],[-102.0088,75.9386],[-102.5812,75.7806],[-103.3156,75.765],[-103.042,75.9195],[-103.7692,75.8918],[-103.9852,75.9334],[-103.8016,76.0376],[-104.4064,76.1088],[-104.3488,76.1817],[-104.0104,76.2233],[-102.7288,76.3067],[-102.5848,76.2824],[-102.4912,76.0949],[-102.2284,76.015]]],[[[-63.8124,46.4682],[-63.6828,46.562],[-63.1284,46.4214],[-62.1636,46.4873],[-62.0232,46.4214],[-62.5272,46.2026],[-62.5416,46.029],[-62.4768,45.9995],[-62.8044,45.9735],[-63.0204,46.0672],[-62.8944,46.1228],[-63.0564,46.2235],[-62.9772,46.3172],[-63.2724,46.1992],[-63.1536,46.1887],[-63.2148,46.1592],[-63.5676,46.2096],[-63.7332,46.2894],[-63.8016,46.3675],[-63.7584,46.3971],[-64.1112,46.4248],[-64.1364,46.6002],[-64.4028,46.6922],[-63.9924,47.0619],[-63.9816,46.9126],[-64.0896,46.7755],[-63.8124,46.4682]]],[[[-105.2885,72.9197],[-106.0697,73.1957],[-106.1813,73.3034],[-106.9481,73.51],[-106.6133,73.6957],[-105.5117,73.7651],[-105.1157,73.7443],[-104.5864,73.5777],[-104.6224,73.3103],[-105.2885,72.9197]]],[[[-75.6746,68.3228],[-75.1526,68.2342],[-75.0626,68.1405],[-75.1274,67.9652],[-75.1274,67.5381],[-75.401,67.3662],[-76.049,67.2621],[-76.9454,67.2499],[-77.1578,67.4079],[-77.3054,67.6857],[-77.1254,67.9478],[-76.6898,68.2551],[-75.6746,68.3228]]],[[[-81.9998,62.9551],[-81.9638,62.8283],[-82.115,62.653],[-83.015,62.2103],[-83.375,62.2381],[-83.699,62.16],[-83.7602,62.3041],[-83.9114,62.4256],[-83.375,62.9047],[-82.9646,62.8735],[-82.7054,62.9446],[-81.9998,62.9551]]],[[[-118.3278,75.5793],[-118.8174,75.522],[-119.3934,75.6175],[-118.6266,75.9056],[-117.7518,76.1122],[-117.4998,76.0775],[-118.3278,75.5793]]],[[[-98.272,73.8693],[-98.974,73.812],[-99.4168,73.8954],[-98.0596,74.1054],[-97.66,74.0724],[-97.8616,73.9683],[-98.272,73.8693]]],[[[-61.1052,45.944],[-60.864,45.9839],[-61.0368,45.8815],[-60.972,45.8381],[-61.0908,45.7478],[-61.0584,45.7027],[-60.738,45.7513],[-60.4608,45.9683],[-60.7344,45.9561],[-60.5724,46.062],[-60.5868,46.1158],[-60.504,46.2044],[-60.2988,46.312],[-60.2268,46.1957],[-59.8668,46.1592],[-59.8488,46.1124],[-59.9352,46.0186],[-59.8272,45.9648],[-60.3852,45.654],[-60.6732,45.5915],[-61.2852,45.5742],[-61.4508,45.7165],[-61.494,45.9422],[-61.4076,46.1696],[-61.242,46.3033],[-60.8712,46.7963],[-60.4896,47.0099],[-60.4068,47.0029],[-60.4248,46.9231],[-60.3312,46.7373],[-60.4824,46.4127],[-60.4932,46.2703],[-60.576,46.1714],[-61.1052,45.944]]],[[[-104.5576,77.1417],[-105.2165,77.1816],[-105.5549,77.3535],[-106.0661,77.725],[-105.5873,77.7354],[-105.2885,77.6416],[-105.0077,77.5062],[-104.9536,77.4194],[-104.77,77.4125],[-104.5,77.3083],[-104.4568,77.2215],[-104.5576,77.1417]]],[[[-104.0212,76.5827],[-103.7224,76.6018],[-103.0348,76.4317],[-103.4704,76.3292],[-104.2696,76.3258],[-104.4064,76.3657],[-104.6044,76.5827],[-104.2048,76.666],[-103.96,76.6382],[-104.0212,76.5827]]],[[[-101.692,77.6972],[-102.3796,77.7284],[-102.4588,77.7701],[-102.4732,77.8743],[-101.638,77.8916],[-101.1916,77.8291],[-101.0008,77.7354],[-101.692,77.6972]]],[[[-89.8335,77.2684],[-90.2295,77.2129],[-90.9927,77.3292],[-91.1475,77.3865],[-91.1835,77.5566],[-91.1079,77.626],[-90.8415,77.6555],[-90.1719,77.5948],[-89.7183,77.442],[-89.7111,77.3101],[-89.8335,77.2684]]],[[[-132.6559,54.1275],[-132.5623,54.0685],[-132.3031,54.0997],[-132.1663,53.9556],[-132.1735,53.8462],[-132.5659,53.6883],[-132.5335,53.6518],[-132.1879,53.6848],[-132.1123,53.8601],[-132.1339,54.0337],[-131.9395,54.0424],[-131.6659,54.1414],[-131.7019,53.9869],[-131.8891,53.7143],[-131.9287,53.3793],[-132.0115,53.2647],[-132.5191,53.1935],[-132.7459,53.3098],[-132.6559,53.3706],[-132.4255,53.3376],[-132.8467,53.5077],[-133.0519,53.7785],[-133.0987,54.006],[-133.0483,54.1587],[-132.6559,54.1275]]],[[[-131.7523,53.1952],[-131.6515,53.1032],[-131.6335,52.9227],[-131.9719,52.8793],[-131.7271,52.756],[-131.4535,52.7022],[-131.5903,52.579],[-131.4283,52.4227],[-131.2591,52.4158],[-131.3203,52.3029],[-131.1439,52.2908],[-131.1151,52.2196],[-131.2231,52.1536],[-131.4211,52.2387],[-131.5615,52.4002],[-132.1663,52.7838],[-132.2599,52.9071],[-132.1447,52.9574],[-132.1447,52.9991],[-132.4687,53.072],[-132.5479,53.138],[-132.1555,53.1605],[-131.8927,53.2317],[-131.7523,53.1952]]],[[[-79.4294,69.788],[-79.3646,69.7116],[-79.5518,69.6317],[-80.0486,69.6335],[-79.9694,69.5571],[-79.9766,69.5102],[-80.4482,69.6491],[-80.7938,69.689],[-80.7254,69.7411],[-80.4662,69.7376],[-80.423,69.7984],[-80.2142,69.8019],[-80.1242,69.7376],[-79.595,69.8105],[-79.4294,69.788]]],[[[-113.8313,77.7545],[-114.2885,77.7215],[-114.6089,77.7701],[-115.0302,77.968],[-114.3317,78.0774],[-114.2813,78.0045],[-113.7665,77.9038],[-113.6189,77.8326],[-113.8313,77.7545]]],[[[-113.5613,76.7424],[-113.7125,76.7111],[-114.7529,76.758],[-114.8357,76.7945],[-114.6485,76.8518],[-113.8925,76.8952],[-113.5181,76.8257],[-113.4893,76.7841],[-113.5613,76.7424]]],[[[-73.6225,67.7846],[-74.4793,67.8054],[-74.6773,67.9061],[-74.7493,68.019],[-74.7061,68.0676],[-74.3785,68.0936],[-73.4353,67.9704],[-73.4065,67.7933],[-73.6225,67.7846]]],[[[-101.2276,76.5792],[-101.6128,76.6053],[-100.8856,76.7424],[-100.27,76.7337],[-101.2276,76.5792]]],[[[-98.7904,79.9818],[-98.7904,79.7856],[-98.9452,79.7248],[-99.3016,79.7839],[-99.334,79.8394],[-99.514,79.8863],[-100,79.8846],[-100.0936,79.9193],[-100.126,80.0009],[-100.054,80.0929],[-99.73,80.1432],[-99.0172,80.112],[-98.8948,80.0825],[-98.7904,79.9818]]],[[[-80.7326,52.7474],[-81.0962,52.7803],[-81.8378,52.9574],[-82.0394,53.0494],[-81.8486,53.1866],[-81.1358,53.2057],[-80.765,52.9227],[-80.711,52.8324],[-80.7326,52.7474]]],[[[-104.1184,75.0359],[-104.6332,75.0619],[-104.8888,75.147],[-104.6476,75.3501],[-104.3452,75.43],[-104.0752,75.4248],[-103.852,75.371],[-103.6432,75.1869],[-103.6648,75.1383],[-103.8124,75.0793],[-104.1184,75.0359]]],[[[-83.7242,65.7969],[-83.2346,65.6962],[-83.3822,65.6302],[-83.6054,65.7014],[-83.6486,65.658],[-83.789,65.6684],[-83.7998,65.7101],[-83.7026,65.757],[-83.8142,65.7882],[-84.0086,65.7518],[-84.1166,65.7726],[-84.1418,65.9167],[-84.4658,66.0885],[-84.4082,66.1302],[-83.7854,65.9653],[-83.7026,65.9202],[-83.7134,65.8611],[-83.7638,65.8316],[-83.7242,65.7969]]],[[[-79.2098,68.8453],[-79.361,68.8575],[-79.4042,68.9234],[-79.2422,69.0484],[-78.929,69.1231],[-78.803,69.2359],[-78.6626,69.262],[-78.6878,69.3245],[-78.6518,69.3505],[-78.3314,69.3852],[-78.2342,69.314],[-78.533,69.1456],[-78.7778,68.9512],[-79.2098,68.8453]]],[[[-78.9362,56.2662],[-79.1738,55.8843],[-79.2278,55.8791],[-79.2746,55.9225],[-79.1414,56.136],[-79.181,56.2124],[-79.4078,55.9347],[-79.4942,55.8739],[-79.6058,55.8756],[-79.7642,55.8062],[-79.4978,56.0926],[-79.5446,56.1291],[-79.9046,55.8704],[-80.009,55.9104],[-79.5158,56.327],[-79.4582,56.5405],[-79.433,56.4468],[-79.5374,56.1794],[-79.3934,56.2767],[-79.271,56.6013],[-79.1234,56.5197],[-79.0766,56.4537],[-78.9614,56.4225],[-78.9074,56.3201],[-78.9362,56.2662]]],[[[-96.0796,75.5098],[-96.1552,75.4768],[-96.4612,75.4942],[-96.6808,75.3935],[-96.8572,75.3692],[-97.0192,75.4682],[-96.9832,75.5098],[-96.5224,75.5845],[-96.3676,75.6539],[-95.9608,75.555],[-96.0796,75.5098]]],[[[-79.5446,62.4117],[-79.3358,62.2936],[-79.271,62.186],[-79.325,62.0263],[-79.667,61.6444],[-79.8146,61.594],[-80.2646,61.818],[-80.2754,62.0541],[-80.1782,62.212],[-79.9262,62.3926],[-79.5446,62.4117]]],[[[-77.8778,63.4706],[-77.7914,63.4272],[-77.705,63.4307],[-77.5394,63.2866],[-77.5322,63.2328],[-77.6582,63.1651],[-77.9426,63.1148],[-78.2558,63.2398],[-78.5366,63.4238],[-78.5078,63.4516],[-78.2342,63.4897],[-77.8778,63.4706]]],[[[-128.5519,52.9401],[-128.5087,52.5182],[-128.6779,52.2891],[-128.7319,52.3568],[-128.7679,52.5981],[-128.7463,52.763],[-128.8327,52.6797],[-128.9011,52.6744],[-129.0847,52.822],[-129.0955,52.8914],[-129.1855,52.9904],[-129.1099,53.0911],[-129.0343,53.2803],[-128.7391,53.1796],[-128.6311,53.1119],[-128.5519,52.9401]]],[[[-70.3357,62.5488],[-70.5409,62.5523],[-70.7677,62.5974],[-70.8361,62.6478],[-70.8505,62.7051],[-70.9873,62.7884],[-71.1385,62.8162],[-71.2213,62.8735],[-70.8361,62.8405],[-70.4437,62.7346],[-70.2673,62.5783],[-70.3357,62.5488]]],[[[-78.029,69.7151],[-77.9678,69.6387],[-78.0398,69.6092],[-78.4718,69.5033],[-78.8498,69.4824],[-78.5798,69.6387],[-78.2954,69.6664],[-78.263,69.7168],[-78.2018,69.7394],[-78.029,69.7151]]],[[[-89.7255,76.508],[-89.9739,76.4872],[-90.1647,76.5237],[-90.4419,76.6625],[-90.5607,76.7545],[-90.5247,76.7875],[-90.4095,76.8101],[-89.9487,76.8361],[-89.6967,76.7407],[-89.7075,76.7007],[-89.8227,76.6313],[-89.8047,76.5619],[-89.7255,76.508]]],[[[-79.0622,75.9265],[-79.0514,75.8674],[-79.3574,75.831],[-79.5446,75.8258],[-79.6994,75.8831],[-79.5518,75.9577],[-79.0082,76.1452],[-78.8462,76.107],[-78.947,76.0254],[-79.055,75.9855],[-79.0622,75.9265]]],[[[-86.9139,70.1126],[-86.6115,70.1057],[-86.5143,70.0171],[-86.7339,69.9755],[-87.1911,70.0189],[-87.3243,70.0796],[-87.3243,70.1022],[-87.1083,70.1473],[-86.9139,70.1126]]],[[[-64.8312,61.3666],[-64.878,61.3579],[-64.9536,61.41],[-65.3929,61.5628],[-65.4325,61.6496],[-65.1301,61.686],[-64.788,61.6617],[-64.6692,61.5923],[-64.698,61.4708],[-64.8312,61.3666]]],[[[-129.8479,53.1675],[-129.9343,53.1761],[-130.1503,53.3463],[-130.3051,53.407],[-130.5175,53.5442],[-130.4527,53.631],[-130.3951,53.6206],[-129.9451,53.4365],[-129.7543,53.2456],[-129.8479,53.1675]]],[[[-76.9958,69.1439],[-77.2154,69.1387],[-77.3234,69.1943],[-77.381,69.2741],[-77.3414,69.4043],[-77.111,69.4373],[-76.9958,69.4113],[-76.7474,69.4043],[-76.6682,69.3661],[-76.6862,69.3279],[-76.8086,69.2672],[-76.913,69.1752],[-76.9958,69.1439]]],[[[-76.679,63.3943],[-76.7834,63.3838],[-76.9202,63.4064],[-77.363,63.5887],[-77.1326,63.6824],[-76.7654,63.5731],[-76.6538,63.5036],[-76.679,63.3943]]],[[[-74.0005,62.6183],[-74.2525,62.6217],[-74.6269,62.712],[-74.5657,62.7328],[-74.3965,62.6964],[-74.1085,62.6808],[-74.0185,62.6634],[-73.9897,62.6356],[-74.0005,62.6183]]],[[[-104.5396,68.4061],[-104.698,68.4183],[-104.8528,68.4547],[-104.9644,68.4912],[-105.0401,68.5311],[-105.0509,68.5589],[-104.9068,68.5814],[-104.6008,68.5623],[-104.4712,68.5033],[-104.446,68.4703],[-104.4388,68.4495],[-104.4568,68.4304],[-104.5396,68.4061]]],[[[-61.9152,47.2842],[-61.8792,47.2651],[-61.7712,47.2598],[-61.8324,47.2234],[-62.0088,47.2338],[-61.926,47.4248],[-61.548,47.6314],[-61.3968,47.6383],[-61.476,47.5636],[-61.584,47.5602],[-61.6848,47.4994],[-61.7496,47.43],[-61.8864,47.3449],[-61.9152,47.2842]]],[[[-94.5279,75.7494],[-94.7511,75.7702],[-94.8159,75.8206],[-94.9023,75.9299],[-94.8411,75.9543],[-94.4991,75.9924],[-94.4127,75.8848],[-94.2975,75.7876],[-94.3299,75.7668],[-94.5279,75.7494]]],[[[-95.5144,69.5744],[-95.3812,69.5067],[-95.3992,69.4199],[-95.4964,69.3505],[-95.6836,69.3349],[-95.7304,69.347],[-95.6692,69.4026],[-95.6656,69.439],[-95.7052,69.538],[-95.7628,69.5588],[-95.806,69.5605],[-95.8132,69.4477],[-95.8924,69.3522],[-95.986,69.3922],[-95.9788,69.5085],[-95.9356,69.5675],[-95.8744,69.6057],[-95.7052,69.6248],[-95.5144,69.5744]]],[[[-74.8825,68.3488],[-74.9581,68.3419],[-75.0734,68.4044],[-75.311,68.4738],[-75.401,68.5259],[-75.3974,68.5884],[-75.3686,68.6353],[-75.2858,68.6873],[-75.0734,68.6839],[-74.9833,68.6474],[-74.8177,68.4946],[-74.7997,68.4582],[-74.8321,68.4408],[-74.8177,68.394],[-74.8825,68.3488]]],[[[-101.8468,68.5867],[-102.3076,68.6821],[-102.0736,68.7741],[-102.0124,68.8262],[-101.8288,68.7984],[-101.7604,68.7741],[-101.7208,68.7238],[-101.7316,68.6526],[-101.7928,68.637],[-101.8468,68.5867]]],[[[-86.5971,67.736],[-86.7051,67.7499],[-86.8923,67.8367],[-86.9067,67.9027],[-86.8455,68.0103],[-86.9391,68.0676],[-86.9607,68.1006],[-86.8851,68.1908],[-86.7015,68.3054],[-86.5683,68.2881],[-86.4531,68.2256],[-86.4207,68.1839],[-86.4315,68.1388],[-86.3811,67.927],[-86.3955,67.8888],[-86.4891,67.7829],[-86.5971,67.736]]],[[[-95.3056,74.5047],[-95.4424,74.5064],[-95.7772,74.5516],[-95.8492,74.5828],[-95.662,74.6366],[-95.5108,74.6366],[-95.3524,74.5863],[-95.2768,74.5394],[-95.2732,74.5186],[-95.3056,74.5047]]],[[[-84.6746,65.5747],[-84.7826,65.5695],[-84.9302,65.6893],[-85.0959,65.757],[-85.1355,65.8212],[-85.1427,65.8854],[-85.1751,65.9445],[-85.1499,66.0156],[-85.0311,66.026],[-84.9374,66.0087],[-84.7574,65.8594],[-84.6026,65.658],[-84.6026,65.632],[-84.6746,65.5747]]],[[[-68.2333,60.2417],[-68.3233,60.233],[-68.3665,60.2538],[-68.3665,60.3146],[-68.1433,60.5628],[-68.0893,60.5871],[-67.9777,60.5698],[-67.9129,60.5403],[-67.8193,60.45],[-67.8445,60.391],[-67.9237,60.3406],[-68.2333,60.2417]]],[[[-64.824,62.5592],[-64.5144,62.5523],[-64.464,62.5367],[-64.4172,62.4881],[-64.4784,62.4186],[-64.5468,62.3909],[-64.6584,62.3839],[-64.8996,62.4204],[-64.9572,62.4586],[-64.932,62.4846],[-64.842,62.4933],[-64.8276,62.5054],[-64.8492,62.5436],[-64.824,62.5592]]],[[[-124.1526,49.5305],[-124.1382,49.5097],[-124.3614,49.5878],[-124.4586,49.6347],[-124.5162,49.6868],[-124.6314,49.7354],[-124.6494,49.758],[-124.6242,49.7753],[-124.4226,49.7284],[-124.3074,49.6677],[-124.1526,49.5305]]],[[[-79.9766,56.2072],[-80.0882,56.2142],[-80.0558,56.2871],[-80.0054,56.3183],[-79.8758,56.3478],[-79.8506,56.3669],[-79.7498,56.3773],[-79.5806,56.4659],[-79.6886,56.327],[-79.9766,56.2072]]],[[[-96.7816,72.9371],[-96.9436,72.9267],[-97.0912,72.9961],[-97.0984,73.0621],[-97.0696,73.1298],[-97.0156,73.1575],[-96.8608,73.1888],[-96.7924,73.1662],[-96.7456,73.1263],[-96.6448,73.102],[-96.598,73.0742],[-96.634,72.9926],[-96.67,72.9614],[-96.7816,72.9371]]],[[[-73.5649,45.4683],[-73.6441,45.4492],[-73.7737,45.4683],[-73.9609,45.4423],[-73.8529,45.5152],[-73.6873,45.562],[-73.5217,45.7009],[-73.4749,45.7044],[-73.5649,45.4683]]],[[[-103.0024,78.1468],[-103.1176,78.126],[-103.2508,78.1381],[-103.2724,78.1659],[-103.2616,78.1833],[-103.1104,78.2458],[-102.9736,78.2666],[-102.8908,78.2718],[-102.826,78.2492],[-102.79,78.218],[-103.0024,78.1468]]],[[[-62.682,67.0555],[-62.8044,67.0295],[-62.8728,67.0624],[-62.664,67.1475],[-62.6244,67.177],[-62.4696,67.1909],[-62.3976,67.1788],[-62.682,67.0555]]],[[[-130.2367,53.9591],[-130.2655,53.9226],[-130.3843,53.8445],[-130.4707,53.8619],[-130.5391,53.9174],[-130.6255,53.9417],[-130.6471,53.8949],[-130.6363,53.8601],[-130.6435,53.8445],[-130.6651,53.848],[-130.7047,53.8914],[-130.7083,53.9209],[-130.6471,53.9921],[-130.4491,54.0893],[-130.3987,54.0858],[-130.3159,54.0476],[-130.2367,53.9591]]],[[[-67.9165,69.5415],[-67.9417,69.5345],[-68.2009,69.5796],[-68.2225,69.6161],[-68.0929,69.6578],[-67.9093,69.6821],[-67.8301,69.6751],[-67.7545,69.6317],[-67.9165,69.5415]]],[[[-97.354,74.5255],[-97.6564,74.4665],[-97.75,74.5099],[-97.516,74.6019],[-97.4152,74.6262],[-97.318,74.5984],[-97.2928,74.5759],[-97.354,74.5255]]],[[[-100.216,68.8071],[-100.2484,68.7759],[-100.396,68.7238],[-100.4968,68.7915],[-100.5976,68.7672],[-100.6264,68.8158],[-100.6264,68.8661],[-100.5976,68.9686],[-100.612,68.9894],[-100.6012,69.0102],[-100.522,69.0345],[-100.414,69.0276],[-100.3312,68.9981],[-100.288,68.9582],[-100.2052,68.9269],[-100.18,68.9043],[-100.216,68.8071]]],[[[-64.4064,60.3667],[-64.4424,60.2972],[-64.7376,60.3754],[-64.8096,60.4101],[-64.8348,60.4483],[-64.8348,60.5003],[-64.6476,60.5142],[-64.4064,60.3667]]],[[[-78.533,60.7278],[-78.6698,60.7173],[-78.6698,60.7312],[-78.6122,60.7729],[-78.3998,60.8076],[-78.2414,60.818],[-78.2774,60.7833],[-78.533,60.7278]]],[[[-139.0424,69.5762],[-139.1252,69.5397],[-139.2908,69.597],[-139.1396,69.6491],[-139.0712,69.6473],[-138.9308,69.6161],[-138.8804,69.5901],[-139.0424,69.5762]]],[[[-77.6438,63.9915],[-77.7158,63.9463],[-77.9282,63.9619],[-77.957,63.9758],[-77.9642,63.9932],[-77.9318,64.014],[-77.7122,64.0349],[-77.6186,64.0366],[-77.5646,64.0227],[-77.6438,63.9915]]],[[[-100.3096,70.4963],[-100.3204,70.4876],[-100.6192,70.5466],[-100.648,70.564],[-100.6768,70.6456],[-100.6336,70.6699],[-100.5364,70.6681],[-100.4356,70.649],[-100.2772,70.5952],[-100.3204,70.5778],[-100.324,70.5431],[-100.3096,70.4963]]],[[[-128.3683,52.4002],[-128.4439,52.388],[-128.4115,52.4731],[-128.4367,52.5599],[-128.4403,52.697],[-128.3647,52.7821],[-128.2459,52.7838],[-128.3251,52.4592],[-128.3683,52.4002]]],[[[-59.7876,43.9389],[-59.9208,43.9042],[-60.036,43.9059],[-60.1152,43.9389],[-60.1188,43.9528],[-59.9352,43.9389],[-59.8668,43.9476],[-59.7264,44.0031],[-59.7876,43.9389]]],[[[-65.0293,61.8787],[-64.9608,61.8718],[-64.9248,61.8232],[-64.8636,61.7989],[-64.8456,61.7798],[-64.8456,61.7607],[-64.896,61.7329],[-64.9284,61.7329],[-65.1661,61.7971],[-65.2309,61.8648],[-65.2345,61.8978],[-65.2093,61.9291],[-65.1265,61.943],[-65.0689,61.9256],[-65.0293,61.8787]]],[[[-61.7424,57.5543],[-61.6596,57.5248],[-61.638,57.4155],[-61.7964,57.4224],[-61.9764,57.4953],[-62.0124,57.5491],[-61.9836,57.5665],[-61.9368,57.5543],[-61.8468,57.5787],[-61.7424,57.5543]]],[[[-79.3826,51.9523],[-79.5194,51.9523],[-79.5986,51.9783],[-79.6454,52.0096],[-79.3358,52.0981],[-79.271,52.0877],[-79.271,52.0703],[-79.3178,52.0234],[-79.3286,51.9922],[-79.3826,51.9523]]],[[[-125.1859,50.0965],[-125.1967,50.0444],[-125.2579,50.1295],[-125.3587,50.3117],[-125.3443,50.3534],[-125.3011,50.4142],[-125.2615,50.4176],[-125.1967,50.3899],[-125.1391,50.3395],[-125.0743,50.2215],[-125.1139,50.1642],[-125.1859,50.0965]]],[[[-130.5751,54.7698],[-130.4923,54.834],[-130.3123,54.9451],[-130.2151,55.0267],[-130.2043,54.9469],[-130.3483,54.8149],[-130.5355,54.749],[-130.5751,54.7698]]],[[[-121.0746,75.7459],[-121.1538,75.7407],[-121.2402,75.7511],[-121.2222,75.7772],[-121.0278,75.8484],[-121.017,75.8831],[-121.0422,75.9022],[-120.9918,75.9282],[-120.9126,75.9369],[-120.8874,75.9282],[-120.8802,75.9074],[-120.8982,75.8449],[-120.9198,75.8136],[-121.0062,75.765],[-121.0746,75.7459]]],[[[-101.17,69.3974],[-101.2672,69.3904],[-101.26,69.4182],[-101.2888,69.4408],[-101.2168,69.4633],[-101.206,69.4807],[-101.3284,69.5171],[-101.3572,69.5397],[-101.35,69.5588],[-101.314,69.5762],[-101.2456,69.5727],[-101.098,69.5415],[-101.0296,69.4963],[-101.0008,69.4616],[-101.0872,69.4425],[-101.17,69.3974]]],[[[-128.9371,52.5095],[-128.9695,52.4644],[-129.1495,52.605],[-129.2503,52.7213],[-129.2683,52.7717],[-129.2647,52.8012],[-129.2467,52.8116],[-129.1855,52.7908],[-128.9947,52.6623],[-128.9407,52.6015],[-128.9371,52.5095]]],[[[-107.8985,67.401],[-107.9489,67.3176],[-107.9705,67.3263],[-108.0029,67.3662],[-108.0749,67.3853],[-108.1505,67.4287],[-108.1505,67.5242],[-108.1217,67.5676],[-108.1289,67.6284],[-108.0497,67.6648],[-107.9921,67.6214],[-107.9741,67.5485],[-107.9885,67.5138],[-107.9057,67.4669],[-107.8913,67.4374],[-107.8985,67.401]]],[[[-78.983,68.1926],[-79.0658,68.1822],[-79.1738,68.2342],[-79.1522,68.3349],[-78.9542,68.3523],[-78.8678,68.3106],[-78.8282,68.269],[-78.983,68.1926]]],[[[-126.6403,49.6052],[-126.6799,49.6017],[-126.7447,49.6139],[-126.8131,49.6416],[-126.9391,49.718],[-126.9499,49.7354],[-126.9391,49.751],[-126.9067,49.7632],[-126.8959,49.7823],[-126.9247,49.8378],[-126.8275,49.8725],[-126.7375,49.843],[-126.6979,49.8083],[-126.6511,49.7458],[-126.6295,49.6746],[-126.6259,49.626],[-126.6403,49.6052]]],[[[-54.5531,49.5896],[-54.7871,49.4958],[-54.8195,49.5149],[-54.8627,49.5757],[-54.8555,49.5965],[-54.8123,49.6],[-54.7871,49.5913],[-54.7835,49.5722],[-54.7655,49.5618],[-54.7331,49.5618],[-54.6179,49.6225],[-54.5603,49.6312],[-54.5387,49.6208],[-54.5531,49.5896]]],[[[-123.3714,48.8865],[-123.3858,48.8743],[-123.5406,48.9455],[-123.645,49.0393],[-123.6882,49.0948],[-123.483,48.9542],[-123.3786,48.9091],[-123.3714,48.8865]]],[[[-90.2007,69.4199],[-90.1791,69.3574],[-90.2655,69.2724],[-90.3303,69.2515],[-90.3627,69.262],[-90.4635,69.3279],[-90.4923,69.3696],[-90.4563,69.3904],[-90.3231,69.4286],[-90.2511,69.4182],[-90.2295,69.4356],[-90.2007,69.4199]]],[[[-54.0923,49.7441],[-54.0203,49.6798],[-53.9807,49.6625],[-54.2399,49.5913],[-54.2867,49.5948],[-54.2903,49.6607],[-54.2759,49.7111],[-54.2579,49.7198],[-54.2003,49.6885],[-54.1391,49.751],[-54.0923,49.7441]]],[[[-78.8282,56.1447],[-78.8786,56.1308],[-78.9146,56.1326],[-78.9074,56.1655],[-78.857,56.2315],[-78.8282,56.2905],[-78.821,56.3391],[-78.7994,56.3825],[-78.7634,56.4207],[-78.7238,56.4398],[-78.6698,56.4381],[-78.6554,56.3166],[-78.6734,56.261],[-78.7094,56.2124],[-78.7598,56.1742],[-78.8282,56.1447]]],[[[-83.123,66.283],[-83.0222,66.2708],[-82.9466,66.2726],[-82.9322,66.2569],[-83.0114,66.2083],[-83.0582,66.1996],[-83.1482,66.2344],[-83.213,66.2778],[-83.2382,66.3316],[-83.2238,66.3368],[-83.123,66.283]]],[[[-109.1657,67.9825],[-109.0541,67.9721],[-108.9713,67.9791],[-108.9101,67.9391],[-108.8849,67.8992],[-108.8921,67.8853],[-108.9209,67.8784],[-109.0973,67.9235],[-109.1621,67.9513],[-109.1837,67.9756],[-109.1657,67.9825]]],[[[-71.0269,46.8727],[-71.1169,46.864],[-71.0953,46.8988],[-70.9693,46.9613],[-70.8793,46.996],[-70.8253,46.996],[-70.9117,46.9196],[-71.0269,46.8727]]],[[[-90.4923,69.2203],[-90.5751,69.2099],[-90.6255,69.2515],[-90.6687,69.2602],[-90.6867,69.288],[-90.7731,69.2932],[-90.7659,69.3366],[-90.7407,69.3574],[-90.6615,69.3748],[-90.6003,69.3679],[-90.5391,69.3245],[-90.5103,69.2897],[-90.4851,69.2463],[-90.4923,69.2203]]],[[[-108.0929,67.0052],[-107.8049,66.9982],[-107.8337,66.9218],[-107.8949,66.8715],[-107.9453,66.8576],[-107.9669,66.8854],[-108.0605,66.9461],[-108.0929,67.0052]]],[[[-73.6945,45.5863],[-73.8169,45.5655],[-73.8565,45.5742],[-73.7233,45.6714],[-73.5721,45.694],[-73.6945,45.5863]]],[[[-80.063,59.7712],[-80.1674,59.7643],[-80.1206,59.8233],[-80.0846,59.8511],[-80.0414,59.8702],[-79.955,59.8771],[-79.8974,59.8528],[-79.9514,59.8094],[-80.063,59.7712]]],[[[-99.9964,69.0137],[-100.018,68.9547],[-100.1404,68.9703],[-100.1944,68.9911],[-100.2484,69.0536],[-100.1872,69.1144],[-100.1548,69.13],[-100.072,69.1109],[-100.036,69.0866],[-100.0072,69.0467],[-99.9964,69.0137]]],[[[-127.9255,51.4731],[-127.9399,51.4575],[-127.9795,51.4575],[-128.0443,51.4749],[-128.0911,51.5113],[-128.1487,51.6259],[-128.1235,51.6676],[-128.0335,51.7092],[-127.9975,51.704],[-127.9867,51.6728],[-127.9147,51.586],[-127.9147,51.5061],[-127.9255,51.4731]]],[[[-60.9936,56.0388],[-60.9828,56.0145],[-61.1376,56.0319],[-61.1916,56.0475],[-61.1952,56.0631],[-61.188,56.0892],[-61.1592,56.1187],[-61.0872,56.1412],[-60.9648,56.0996],[-60.954,56.0805],[-60.9936,56.0388]]],[[[-54.2255,47.4421],[-54.2759,47.4074],[-54.3263,47.4074],[-54.3191,47.4387],[-54.2579,47.4977],[-54.2291,47.5393],[-54.2147,47.5845],[-54.1679,47.607],[-54.1283,47.647],[-54.1463,47.5723],[-54.2255,47.4421]]],[[[-129.1675,53.1171],[-129.1747,53.1102],[-129.2755,53.1102],[-129.3043,53.1206],[-129.3223,53.1414],[-129.3295,53.1744],[-129.3151,53.2126],[-129.2539,53.2855],[-129.2503,53.3168],[-129.2395,53.3307],[-129.1963,53.2925],[-129.1783,53.2595],[-129.1675,53.1171]]],[[[-130.9279,54.4799],[-130.9495,54.4782],[-130.9603,54.499],[-130.9531,54.5424],[-130.9207,54.6153],[-130.9063,54.6309],[-130.7587,54.6136],[-130.7551,54.5997],[-130.7623,54.5771],[-130.8055,54.5441],[-130.9279,54.4799]]],[[[-129.3151,52.9921],[-129.3295,52.9835],[-129.3691,52.9973],[-129.4087,53.0234],[-129.4987,53.1293],[-129.5131,53.1796],[-129.5023,53.1883],[-129.4519,53.1744],[-129.3439,53.0529],[-129.3151,52.9921]]],[[[-93.0447,61.844],[-93.0843,61.8423],[-93.1779,61.8926],[-93.1959,61.9187],[-93.0771,61.9343],[-92.9943,61.8892],[-93.0015,61.8683],[-93.0447,61.844]]],[[[-69.1585,59.0404],[-69.2197,58.9675],[-69.3025,58.9761],[-69.3313,58.9622],[-69.3529,58.9605],[-69.3169,59.0282],[-69.3133,59.0751],[-69.3313,59.122],[-69.3025,59.1445],[-69.1945,59.1463],[-69.1945,59.0924],[-69.1801,59.0734],[-69.1549,59.0629],[-69.1585,59.0404]]],[[[-123.4362,48.7545],[-123.4758,48.7285],[-123.501,48.732],[-123.519,48.7493],[-123.5838,48.9264],[-123.555,48.9212],[-123.4686,48.8674],[-123.4866,48.8466],[-123.4218,48.7927],[-123.4074,48.7563],[-123.4362,48.7545]]],[[[-124.977,50.0288],[-125.0023,50.0201],[-125.0275,50.1347],[-124.995,50.1746],[-124.9878,50.1954],[-124.9914,50.218],[-124.9374,50.1659],[-124.9158,50.1312],[-124.9086,50.0843],[-124.9086,50.0704],[-124.977,50.0288]]],[[[-131.0287,51.9609],[-131.0467,51.9592],[-131.0791,51.98],[-131.1043,52.013],[-131.1187,52.1016],[-131.1079,52.1363],[-131.0971,52.1502],[-131.0107,52.0946],[-131.0287,51.9609]]],[[[-66.7609,44.6819],[-66.8977,44.6281],[-66.8437,44.7635],[-66.8005,44.8051],[-66.7465,44.7913],[-66.7609,44.6819]]],[[[-64.5072,47.8865],[-64.5324,47.8136],[-64.6224,47.7511],[-64.6656,47.7477],[-64.6836,47.7529],[-64.662,47.7928],[-64.662,47.8622],[-64.59,47.8727],[-64.5648,47.8657],[-64.5072,47.8865]]],[[[-109.3241,67.9912],[-109.3601,67.9877],[-109.4969,68.0468],[-109.4681,68.0988],[-109.3421,68.045],[-109.3241,68.0138],[-109.3241,67.9912]]],[[[-60.9612,45.4891],[-61.0044,45.4822],[-61.0116,45.4961],[-61.0764,45.5377],[-61.08,45.5586],[-61.026,45.5777],[-60.9108,45.5672],[-60.954,45.5152],[-60.9612,45.4891]]],[[[-55.536,50.7197],[-55.5684,50.7093],[-55.6008,50.7093],[-55.6296,50.7214],[-55.6332,50.7405],[-55.6044,50.7805],[-55.5288,50.8013],[-55.4676,50.7961],[-55.4712,50.7753],[-55.5036,50.7423],[-55.536,50.7197]]],[[[-126.0931,49.3535],[-126.0643,49.2632],[-126.1867,49.2788],[-126.2299,49.2962],[-126.2299,49.3396],[-126.2083,49.3795],[-126.1147,49.3656],[-126.0931,49.3535]]],[[[-79.7174,57.5162],[-79.7318,57.5075],[-79.775,57.5144],[-79.793,57.4485],[-79.8074,57.4432],[-79.8398,57.4832],[-79.8146,57.5179],[-79.8182,57.5422],[-79.811,57.5596],[-79.7678,57.5995],[-79.7426,57.6082],[-79.7282,57.6047],[-79.7138,57.5543],[-79.7174,57.5162]]],[[[-80.2862,59.6237],[-80.3186,59.6202],[-80.3258,59.6323],[-80.3006,59.674],[-80.2574,59.6792],[-80.2106,59.7244],[-80.1674,59.7087],[-80.1818,59.6827],[-80.2394,59.6445],[-80.2862,59.6237]]],[[[-79.5194,56.6568],[-79.5518,56.6447],[-79.577,56.6447],[-79.5518,56.7332],[-79.5806,56.7645],[-79.5842,56.7801],[-79.5698,56.7957],[-79.5518,56.7992],[-79.5122,56.7714],[-79.4906,56.7419],[-79.4834,56.7141],[-79.4834,56.6863],[-79.4978,56.6673],[-79.5194,56.6568]]],[[[-55.3596,51.8898],[-55.41,51.888],[-55.4208,51.9002],[-55.3992,51.9384],[-55.3452,51.9835],[-55.2732,51.9957],[-55.2948,51.9297],[-55.3596,51.8898]]],[[[-79.937,53.3046],[-79.9406,53.2751],[-80.0054,53.2803],[-80.0378,53.2977],[-80.0666,53.3237],[-80.0738,53.3445],[-80.0486,53.3636],[-79.973,53.3515],[-79.937,53.3046]]],[[[-66.2749,44.293],[-66.3253,44.2566],[-66.3109,44.2913],[-66.2497,44.3798],[-66.2101,44.392],[-66.2749,44.293]]],[[[-79.8686,56.7749],[-79.8938,56.7575],[-79.9442,56.7766],[-79.9442,56.827],[-79.8974,56.8652],[-79.8614,56.8634],[-79.8254,56.8426],[-79.8362,56.8165],[-79.8686,56.7749]]],[[[-64.4748,47.9595],[-64.59,47.9074],[-64.5396,47.9855],[-64.518,48.0046],[-64.5,48.0133],[-64.482,48.0063],[-64.4748,47.9595]]]]}},{"type":"Feature","properties":{"iso":"136","name":"케이맨 제도","en":"Cayman Is."},"geometry":{"type":"MultiPolygon","coordinates":[[[[-81.3698,19.3484],[-81.3374,19.3293],[-81.2978,19.3414],[-81.2834,19.3623],[-81.1322,19.3466],[-81.107,19.305],[-81.2258,19.3032],[-81.305,19.272],[-81.4058,19.2789],[-81.4202,19.3744],[-81.3914,19.3848],[-81.3698,19.3484]]],[[[-79.8218,19.7112],[-79.8686,19.6973],[-79.9046,19.7025],[-79.7858,19.765],[-79.7678,19.765],[-79.7426,19.7563],[-79.7426,19.7511],[-79.8218,19.7112]]],[[[-79.9802,19.7077],[-79.9874,19.7025],[-80.0198,19.706],[-80.0954,19.6661],[-80.1242,19.6678],[-80.117,19.6834],[-80.0846,19.706],[-79.991,19.7199],[-79.9766,19.7095],[-79.9802,19.7077]]]]}},{"type":"Feature","properties":{"iso":"140","name":"중앙아프리카 공화국","en":"Central African Rep."},"geometry":{"type":"Polygon","coordinates":[[[24.1472,8.665],[24.2912,8.2918],[24.8528,8.1373],[25.2021,7.8074],[25.2777,7.4272],[26.3613,6.6356],[26.3073,6.4551],[26.5125,6.0697],[27.1425,5.7225],[27.4017,5.1097],[27.0705,5.2],[26.8221,5.0628],[25.5261,5.3128],[25.0653,4.9673],[24.32,4.9934],[23.4164,4.6635],[22.8656,4.7243],[22.4228,4.1358],[20.558,4.4622],[20.2268,4.8302],[19.8056,5.0889],[19.4996,5.127],[19.0676,4.8909],[18.5924,4.3458],[18.6104,3.4778],[18.4736,3.6237],[18.1604,3.5004],[17.4908,3.6879],[16.6124,3.5056],[16.4684,2.832],[16.184,2.2696],[16.0652,2.9084],[15.1292,3.8268],[15.0644,4.2851],[14.7295,4.6028],[14.5639,5.2798],[14.6179,5.8648],[14.4415,6.0871],[14.7403,6.2798],[15.4784,7.5245],[15.9572,7.5071],[16.544,7.8647],[16.7852,7.5505],[17.6492,7.9828],[18.5636,8.0453],[19.1072,8.6563],[18.8876,8.889],[19.1468,9.0157],[20.342,9.1268],[20.63,9.3021],[21.6344,10.2378],[21.7064,10.5746],[22.0448,10.8229],[22.4948,10.9965],[22.8584,10.9201],[23.6468,9.8229],[23.6216,9.3403],[23.4668,9.1146],[23.5388,8.8161],[24.1472,8.665]]]}},{"type":"Feature","properties":{"iso":"148","name":"차드","en":"Chad"},"geometry":{"type":"Polygon","coordinates":[[[23.9816,19.4959],[23.9708,15.7219],[23.1068,15.7028],[22.934,15.5326],[22.934,15.1629],[22.6712,14.7219],[22.3832,14.5501],[22.538,14.1612],[22.106,13.8001],[22.2284,13.3297],[21.8252,12.7898],[21.9296,12.6787],[22.3508,12.6613],[22.4156,12.5467],[22.592,11.5798],[22.9232,11.3454],[22.8584,10.9201],[22.4948,10.9965],[21.7712,10.6423],[21.6344,10.2378],[20.342,9.1268],[18.956,8.9393],[18.8876,8.8369],[19.1072,8.6563],[18.5636,8.0453],[17.6492,7.9828],[16.7852,7.5505],[16.544,7.8647],[15.9572,7.5071],[15.4784,7.5245],[15.5504,7.7883],[15.1148,8.5574],[14.3335,9.2032],[13.9771,9.691],[14.2435,9.9792],[15.6548,10.007],[15.1328,10.6493],[15.0284,11.1145],[15.0824,11.8454],[14.8483,12.5016],[14.4631,13.0224],[14.0635,13.0779],[13.6063,13.7046],[13.4479,14.3799],[14.3695,15.7497],[15.4748,16.9076],[15.734,19.9039],[15.9644,20.3466],[15.5864,20.7337],[15.608,20.9542],[15.1832,21.5236],[14.9779,22.9957],[15.9824,23.4454],[23.9816,19.4959]]]}},{"type":"Feature","properties":{"iso":"152","name":"칠레","en":"Chile"},"geometry":{"type":"MultiPolygon","coordinates":[[[[-70.4185,-18.3455],[-69.9253,-18.2066],[-69.8029,-17.9896],[-69.8533,-17.7031],[-69.5113,-17.5052],[-69.3133,-17.9427],[-69.0937,-18.0503],[-68.9677,-18.9687],[-68.4637,-19.4322],[-68.6977,-19.7204],[-68.5609,-19.9669],[-68.7553,-20.0901],[-68.7589,-20.4165],[-68.4853,-20.6283],[-68.5573,-20.9026],[-68.1973,-21.3001],[-67.8805,-22.8226],[-67.1965,-22.8209],[-67.0093,-23.0014],[-67.3549,-24.0343],[-68.2513,-24.392],[-68.5609,-24.7478],[-68.3845,-25.0916],[-68.5933,-25.4197],[-68.4133,-26.154],[-68.5933,-26.47],[-68.3197,-26.9734],[-68.8453,-27.1539],[-69.1729,-27.9247],[-69.6553,-28.4143],[-69.8281,-29.1035],[-70.0261,-29.3239],[-69.9613,-30.0791],[-69.8425,-30.1746],[-69.9577,-30.3586],[-70.1521,-30.3603],[-70.3105,-31.0235],[-70.5193,-31.1485],[-70.5841,-31.5686],[-70.2529,-31.9575],[-70.3645,-32.0842],[-70.0225,-32.8845],[-70.0837,-33.2022],[-69.8209,-33.2838],[-69.8533,-34.2247],[-70.0513,-34.3011],[-70.3933,-35.1465],[-70.5553,-35.2472],[-70.4149,-35.5232],[-70.4041,-36.0614],[-71.0557,-36.5231],[-71.1925,-36.8443],[-71.1673,-37.7627],[-70.8469,-38.5421],[-70.9513,-38.7383],[-71.4013,-38.9345],[-71.5381,-39.6028],[-71.7217,-39.6358],[-71.6605,-40.0212],[-71.8189,-40.1774],[-71.6965,-40.3354],[-71.9413,-40.7885],[-71.9125,-41.6496],[-71.7505,-42.0471],[-72.1069,-42.252],[-72.1429,-42.5766],[-72.1033,-43.0661],[-71.7505,-43.238],[-71.9053,-43.3474],[-71.6785,-43.9289],[-71.8189,-44.3838],[-71.2141,-44.4411],[-71.1601,-44.5608],[-71.2609,-44.7622],[-72.0637,-44.7726],[-72.0421,-44.9046],[-71.5957,-44.9792],[-71.3545,-45.2309],[-71.5093,-45.5122],[-71.7469,-45.5781],[-71.6317,-45.9531],[-71.8765,-46.1597],[-71.7001,-46.651],[-71.9413,-46.8315],[-71.9053,-47.2013],[-72.3445,-47.493],[-72.5173,-47.8766],[-72.2941,-48.229],[-72.6073,-48.5189],[-72.6145,-48.7932],[-73.0321,-49.0137],[-73.1365,-49.3001],[-73.4605,-49.314],[-73.5757,-49.5831],[-73.5001,-50.1247],[-73.1545,-50.7375],[-72.5101,-50.6073],[-72.3409,-50.682],[-72.3049,-51.2983],[-72.4093,-51.5413],[-71.9701,-51.9649],[-69.9613,-52.0083],[-68.4601,-52.2913],[-69.2413,-52.2062],[-69.6193,-52.4649],[-70.7965,-52.7687],[-70.9945,-53.779],[-71.2969,-53.8832],[-72.1753,-53.6315],[-72.4129,-53.3502],[-71.9413,-53.2339],[-71.8297,-53.3988],[-71.8909,-53.5238],[-71.7901,-53.4839],[-71.7397,-53.2322],[-71.2897,-53.0343],[-71.1637,-52.8885],[-71.2285,-52.8103],[-71.3869,-52.7635],[-72.2797,-53.1315],[-72.5497,-53.4613],[-73.0537,-53.2426],[-72.7261,-52.7617],[-72.4525,-52.8138],[-72.1177,-52.6506],[-71.5129,-52.6055],[-72.7117,-52.536],[-73.1221,-53.0742],[-73.6441,-52.8364],[-73.2409,-52.7079],[-73.1221,-52.4874],[-73.5865,-52.6853],[-74.0149,-52.6402],[-74.0365,-52.4024],[-74.2957,-52.1177],[-73.8349,-52.234],[-73.6837,-52.0777],[-73.2589,-52.1576],[-72.7945,-51.9493],[-72.5713,-52.1993],[-72.7153,-52.3572],[-72.5245,-52.2548],[-72.6253,-52.0066],[-72.4957,-51.8469],[-72.5425,-51.7062],[-73.1689,-51.4545],[-72.6001,-51.8],[-73.5181,-52.0413],[-73.7521,-51.7948],[-74.1949,-51.6802],[-73.9285,-51.6177],[-73.9393,-51.267],[-74.8141,-51.0622],[-75.095,-50.682],[-74.6845,-50.6612],[-74.7745,-50.4702],[-74.6449,-50.3608],[-74.3641,-50.4876],[-74.1409,-50.8174],[-73.8061,-50.9389],[-73.6189,-50.6507],[-73.6549,-50.4928],[-73.9789,-50.8278],[-74.1985,-50.6091],[-74.1841,-50.4858],[-73.9501,-50.5101],[-74.6305,-50.1942],[-74.3353,-49.9754],[-73.9573,-49.9945],[-74.3245,-49.7827],[-74.2921,-49.6039],[-73.8349,-49.6091],[-74.0941,-49.4303],[-73.9357,-49.0206],[-74.2201,-49.4998],[-74.3677,-49.4008],[-74.3425,-48.5953],[-74.0077,-48.4755],[-74.4757,-48.4634],[-74.5837,-47.9999],[-73.3921,-48.1457],[-73.6081,-47.9947],[-73.7161,-47.6561],[-73.9393,-47.9287],[-74.2273,-47.9686],[-74.6557,-47.703],[-74.5333,-47.5676],[-74.2417,-47.6787],[-74.1337,-47.5902],[-74.4829,-47.4305],[-74.1589,-47.1822],[-74.1517,-46.9739],[-74.3137,-46.7881],[-74.4541,-46.7673],[-74.5117,-46.8854],[-75.005,-46.7413],[-74.9833,-46.5121],[-75.5414,-46.6979],[-75.4298,-46.934],[-75.707,-46.7048],[-74.9257,-46.1597],[-75.0662,-45.875],[-74.1589,-45.7674],[-74.1229,-45.4966],[-73.9573,-45.4045],[-73.8241,-45.4462],[-74.0185,-46.0555],[-74.3929,-46.217],[-73.9681,-46.1545],[-73.8781,-45.8472],[-73.7341,-45.8125],[-73.7089,-46.0712],[-73.9501,-46.5329],[-73.8457,-46.5659],[-73.5901,-45.8993],[-73.7809,-45.6285],[-73.7305,-45.4792],[-73.2661,-45.3455],[-72.9349,-45.4532],[-73.4461,-45.2379],[-73.4065,-45.1025],[-73.3633,-44.9775],[-72.7405,-44.7344],[-72.6793,-44.5938],[-72.6649,-44.4359],[-73.2661,-44.1685],[-73.2229,-43.8977],[-73.0681,-43.8612],[-72.9961,-43.6321],[-73.0753,-43.3231],[-72.7585,-43.0401],[-72.8485,-42.6686],[-72.7729,-42.5054],[-72.6325,-42.5089],[-72.7729,-42.2572],[-72.6325,-42.1999],[-72.4129,-42.3874],[-72.4993,-41.9811],[-72.8233,-41.9082],[-72.3589,-41.6496],[-72.3193,-41.4985],[-72.5425,-41.6912],[-72.9529,-41.5142],[-73.2409,-41.7815],[-73.7341,-41.7433],[-73.6225,-41.5819],[-73.8565,-41.4465],[-73.9825,-40.9743],[-73.6693,-39.9639],[-73.4101,-39.7886],[-73.2265,-39.2244],[-73.5217,-38.5091],[-73.4641,-38.0404],[-73.6621,-37.6984],[-73.6621,-37.3408],[-73.6009,-37.188],[-73.2157,-37.1672],[-73.1185,-36.6881],[-72.5857,-35.7593],[-72.6253,-35.5857],[-72.2221,-35.0962],[-72.0025,-34.1657],[-71.6641,-33.6518],[-71.7433,-33.0945],[-71.4517,-32.6588],[-71.7073,-30.7596],[-71.6677,-30.3308],[-71.4013,-30.1433],[-71.3149,-29.6503],[-71.5201,-28.9264],[-71.1853,-28.3778],[-70.6453,-26.3293],[-70.7137,-25.7842],[-70.4509,-25.2513],[-70.5733,-24.6437],[-70.3933,-23.5656],[-70.5949,-23.2549],[-70.5625,-23.057],[-70.3321,-22.8487],[-70.0873,-21.4928],[-70.1557,-19.7065],[-70.4185,-18.3455]]],[[[-68.6293,-52.6524],[-68.6545,-54.8536],[-69.4861,-54.8588],[-69.7237,-54.7113],[-70.4977,-54.8102],[-71.9017,-54.6019],[-71.8009,-54.4335],[-71.5741,-54.496],[-70.7965,-54.3276],[-70.6993,-54.3484],[-70.7029,-54.4856],[-70.3105,-54.529],[-70.8613,-54.1106],[-70.8685,-53.8849],[-70.6453,-53.8224],[-70.6957,-53.7269],[-70.5301,-53.628],[-70.3789,-53.9873],[-70.6309,-54.0047],[-70.5337,-54.1366],[-70.1701,-54.3797],[-69.7417,-54.305],[-69.2521,-54.5568],[-69.0433,-54.4075],[-69.9865,-54.1089],[-70.1521,-53.8884],[-70.0909,-53.7217],[-69.3565,-53.4162],[-69.6373,-53.3346],[-70.3285,-53.378],[-70.4437,-53.0864],[-70.1305,-52.9423],[-70.3789,-52.7513],[-69.9361,-52.8208],[-69.4141,-52.4857],[-69.1657,-52.668],[-68.7913,-52.576],[-68.6293,-52.6524]]],[[[-69.7021,-54.9196],[-68.8993,-55.0185],[-68.4565,-54.9595],[-68.3989,-55.0428],[-68.6149,-55.1557],[-68.2837,-55.2546],[-68.3269,-55.3327],[-68.0893,-55.4786],[-68.0497,-55.6435],[-68.2297,-55.6018],[-68.3377,-55.5046],[-68.8669,-55.4508],[-68.9317,-55.3709],[-68.8885,-55.2407],[-69.0073,-55.2564],[-69.1909,-55.1713],[-69.2953,-55.1661],[-69.3601,-55.3015],[-69.1801,-55.4751],[-69.4573,-55.4248],[-69.6445,-55.3206],[-69.6589,-55.2286],[-69.8245,-55.2373],[-69.9793,-55.147],[-69.8857,-54.8814],[-69.7021,-54.9196]]],[[[-72.9241,-53.4822],[-72.8809,-53.5776],[-72.4813,-53.5881],[-72.2041,-53.8068],[-72.4093,-54.003],[-72.8701,-54.1262],[-72.9601,-54.0655],[-72.7801,-53.9544],[-72.7621,-53.8641],[-73.0393,-53.8328],[-73.0825,-53.9978],[-73.2121,-53.9856],[-73.3057,-53.9439],[-73.3129,-53.7287],[-73.4713,-53.7356],[-73.6405,-53.5707],[-73.8457,-53.5464],[-73.6873,-53.4266],[-73.4461,-53.4093],[-73.3669,-53.47],[-73.1005,-53.5117],[-73.1113,-53.4249],[-73.0537,-53.3936],[-72.9241,-53.4822]]],[[[-74.3857,-52.9232],[-73.6549,-53.069],[-73.4497,-53.1436],[-73.1365,-53.3537],[-73.5685,-53.3068],[-73.6153,-53.2304],[-73.8673,-53.0968],[-74.2705,-53.0812],[-74.5585,-52.9214],[-74.7133,-52.7496],[-74.5729,-52.7721],[-74.3857,-52.9232]]],[[[-73.7737,-43.3456],[-74.1157,-43.3578],[-74.3857,-43.2311],[-74.2093,-42.8787],[-74.1553,-42.5905],[-74.1985,-42.4811],[-74.1697,-42.2693],[-74.0581,-42.0558],[-74.0365,-41.7954],[-73.5289,-41.8961],[-73.4245,-42.1929],[-73.4389,-42.278],[-73.5325,-42.3145],[-73.4713,-42.4655],[-73.7881,-42.5853],[-73.4353,-42.9359],[-73.5397,-43.0731],[-73.7485,-43.1599],[-73.7737,-43.3456]]],[[[-74.4757,-49.1474],[-74.5225,-49.623],[-74.4577,-49.6907],[-74.4973,-49.8591],[-74.5945,-50.0067],[-74.7637,-50.0119],[-74.8789,-49.7255],[-74.8033,-49.5154],[-74.7241,-49.4234],[-74.9617,-49.5328],[-75.0302,-49.8366],[-75.3002,-49.847],[-75.4514,-49.7706],[-75.5486,-49.7914],[-75.5702,-49.6977],[-75.5198,-49.6213],[-75.3362,-49.6282],[-75.3074,-49.4946],[-75.4658,-49.3592],[-75.3254,-49.2689],[-75.0878,-49.2706],[-75.095,-49.1856],[-75.2102,-49.1474],[-75.185,-49.0831],[-74.9509,-48.9599],[-74.9797,-48.8193],[-74.8969,-48.7325],[-74.7457,-48.7082],[-74.5477,-48.7672],[-74.4757,-49.1474]]],[[[-67.0813,-55.1539],[-67.1713,-55.2425],[-67.3405,-55.2928],[-67.4953,-55.1782],[-67.7689,-55.2598],[-68.0713,-55.2216],[-68.1361,-55.173],[-68.1757,-55.0706],[-68.3017,-54.9803],[-68.1073,-54.93],[-67.2469,-54.9769],[-67.1065,-55.0637],[-67.0813,-55.1539]]],[[[-71.3905,-54.0325],[-71.1673,-54.1123],[-71.0233,-54.1123],[-71.0053,-54.246],[-71.1421,-54.3745],[-71.4733,-54.2304],[-71.7613,-54.2304],[-71.9485,-54.3016],[-71.9737,-54.2078],[-72.2113,-54.0481],[-72.1465,-53.9387],[-71.9953,-53.8849],[-71.5525,-53.9561],[-71.3905,-54.0325]]],[[[-73.7341,-44.3942],[-73.9825,-44.4949],[-74.0005,-44.5904],[-73.9177,-44.6546],[-73.8277,-44.8403],[-73.7881,-45.033],[-73.7269,-45.1198],[-73.7521,-45.2674],[-73.8313,-45.283],[-73.8493,-45.3403],[-74.0977,-45.3247],[-74.0905,-45.1962],[-74.1949,-45.1441],[-74.3497,-44.9115],[-74.6161,-44.6476],[-74.4793,-44.5851],[-74.5009,-44.474],[-74.3029,-44.3959],[-74.2129,-44.4272],[-74.0977,-44.389],[-74.0833,-44.1859],[-73.9933,-44.1407],[-73.8997,-44.1355],[-73.8169,-44.2345],[-73.7017,-44.2744],[-73.7341,-44.3942]]],[[[-70.9909,-54.8675],[-70.9297,-54.9421],[-70.8037,-54.9682],[-70.4185,-54.9092],[-70.2817,-55.0654],[-70.2961,-55.114],[-70.4761,-55.1765],[-70.5445,-55.1609],[-70.5985,-55.0828],[-70.7101,-55.1071],[-70.9405,-55.0619],[-70.9657,-55.0064],[-71.2033,-54.8935],[-71.3869,-54.9335],[-71.4373,-54.8901],[-71.3725,-54.8345],[-70.9909,-54.8675]]],[[[-74.5657,-48.5918],[-74.5873,-48.6161],[-74.7097,-48.6005],[-74.9221,-48.6266],[-75.0122,-48.5363],[-75.0518,-48.3922],[-75.2138,-48.1422],[-75.2462,-48.0259],[-75.1994,-47.9738],[-74.9761,-47.9235],[-74.8969,-47.8402],[-74.8285,-47.8506],[-74.8465,-48.0207],[-74.8069,-48.078],[-74.7277,-48.1266],[-74.6629,-48.2985],[-74.6017,-48.3696],[-74.6197,-48.4252],[-74.5657,-48.5918]]],[[[-75.509,-48.7637],[-75.6242,-48.7654],[-75.6494,-48.5866],[-75.5198,-48.328],[-75.509,-48.2308],[-75.5522,-48.1561],[-75.5594,-48.071],[-75.3902,-48.019],[-75.3398,-48.0745],[-75.1562,-48.4252],[-75.1598,-48.6231],[-75.2246,-48.6717],[-75.4334,-48.722],[-75.509,-48.7637]]],[[[-74.5585,-51.2774],[-74.5621,-51.3608],[-74.6197,-51.3955],[-74.7313,-51.3677],[-74.8537,-51.4337],[-75.0482,-51.399],[-75.1454,-51.524],[-75.2894,-51.6246],[-75.3002,-51.5569],[-75.1526,-51.2792],[-75.041,-51.3174],[-74.8825,-51.2792],[-74.7349,-51.208],[-74.6125,-51.2063],[-74.5585,-51.2774]]],[[[-72.9853,-44.7796],[-73.2301,-44.8594],[-73.3489,-44.8334],[-73.3957,-44.7744],[-73.4461,-44.6407],[-73.2805,-44.4897],[-73.2589,-44.3508],[-73.2085,-44.3352],[-73.0285,-44.3838],[-72.8413,-44.4584],[-72.7765,-44.5088],[-72.7657,-44.5487],[-72.8989,-44.7119],[-72.9853,-44.7796]]],[[[-74.8213,-51.6299],[-74.7817,-51.8243],[-74.7493,-51.8521],[-74.6485,-51.8659],[-74.5369,-51.9649],[-74.5333,-51.9927],[-74.6665,-52.1593],[-74.6953,-52.2791],[-74.8501,-52.2704],[-75.0158,-52.0378],[-75.1058,-51.7896],[-75.0086,-51.7236],[-74.9149,-51.7375],[-74.9113,-51.6507],[-74.8213,-51.6299]]],[[[-75.0554,-50.2966],[-75.2498,-50.3765],[-75.3074,-50.3435],[-75.4478,-50.3435],[-75.3254,-50.0119],[-74.8753,-50.1091],[-74.8393,-50.1976],[-74.9617,-50.2376],[-75.0554,-50.2966]]],[[[-74.3137,-45.691],[-74.3677,-45.7361],[-74.4649,-45.757],[-74.5621,-45.7222],[-74.6773,-45.7379],[-74.6881,-45.6632],[-74.5585,-45.5261],[-74.4937,-45.4254],[-74.5009,-45.2848],[-74.4505,-45.2535],[-74.4217,-45.2032],[-74.3101,-45.1719],[-74.2849,-45.2778],[-74.3137,-45.4636],[-74.2309,-45.6111],[-74.2453,-45.6528],[-74.3137,-45.691]]],[[[-75.1058,-48.8366],[-75.1166,-48.9165],[-75.2642,-49.0692],[-75.3902,-49.1595],[-75.5054,-49.2307],[-75.581,-49.2307],[-75.6422,-49.196],[-75.4874,-49.0831],[-75.5162,-49.0102],[-75.6386,-48.9425],[-75.6206,-48.8852],[-75.5846,-48.8592],[-75.5342,-48.8384],[-75.491,-48.8505],[-75.2966,-48.8106],[-75.2354,-48.7793],[-75.1202,-48.7724],[-75.1058,-48.8366]]],[[[-75.3038,-50.6803],[-75.329,-50.7723],[-75.4118,-50.7636],[-75.437,-50.741],[-75.4514,-50.682],[-75.4766,-50.6542],[-75.419,-50.531],[-75.4262,-50.4806],[-75.1562,-50.4962],[-75.1166,-50.5101],[-75.203,-50.5813],[-75.293,-50.5969],[-75.3038,-50.6803]]],[[[-74.1409,-51.9319],[-74.1733,-51.9423],[-74.2813,-51.918],[-74.3389,-51.8972],[-74.4253,-51.8451],[-74.4361,-51.7913],[-74.4757,-51.7253],[-74.3605,-51.7514],[-74.2777,-51.8121],[-74.1337,-51.8712],[-74.1157,-51.8885],[-74.1193,-51.9111],[-74.1409,-51.9319]]],[[[-73.8097,-43.8265],[-73.7881,-43.8769],[-73.8349,-43.8838],[-73.9033,-43.8751],[-73.9573,-43.922],[-74.1193,-43.8873],[-74.1445,-43.8717],[-74.1409,-43.8213],[-73.9681,-43.8161],[-73.8565,-43.7831],[-73.8097,-43.8265]]],[[[-75.113,-47.8384],[-75.185,-47.8506],[-75.1958,-47.8176],[-75.2606,-47.7638],[-75.203,-47.7273],[-75.0914,-47.6909],[-75.005,-47.6943],[-74.9257,-47.7238],[-74.9149,-47.7568],[-75.0518,-47.8002],[-75.113,-47.8384]]],[[[-67.5745,-55.89],[-67.8301,-55.8657],[-67.8481,-55.857],[-67.8481,-55.8431],[-67.8337,-55.8275],[-67.7617,-55.8154],[-67.5169,-55.8327],[-67.5097,-55.8449],[-67.5745,-55.89]]],[[[-67.2901,-55.7772],[-67.3261,-55.7841],[-67.3945,-55.7529],[-67.5601,-55.7251],[-67.5637,-55.7077],[-67.5457,-55.6834],[-67.5133,-55.6626],[-67.4485,-55.64],[-67.3981,-55.5845],[-67.3729,-55.5897],[-67.3513,-55.6122],[-67.3117,-55.6886],[-67.2613,-55.7442],[-67.2685,-55.7633],[-67.2901,-55.7772]]],[[[-73.6333,-44.8212],[-73.6657,-44.8334],[-73.6945,-44.8317],[-73.7233,-44.7969],[-73.7341,-44.7518],[-73.7989,-44.6841],[-73.8169,-44.6529],[-73.8169,-44.6147],[-73.7809,-44.5591],[-73.7233,-44.5435],[-73.6873,-44.547],[-73.6405,-44.6112],[-73.6153,-44.7535],[-73.6333,-44.8212]]],[[[-78.803,-33.6466],[-78.983,-33.6674],[-78.9902,-33.6622],[-78.9794,-33.6449],[-78.9398,-33.6136],[-78.8786,-33.5754],[-78.785,-33.6101],[-78.7706,-33.6275],[-78.7742,-33.6414],[-78.803,-33.6466]]],[[[-109.2809,-27.1401],[-109.4357,-27.1713],[-109.4285,-27.1157],[-109.3889,-27.0689],[-109.2773,-27.0967],[-109.2233,-27.1019],[-109.2809,-27.1401]]],[[[-66.4729,-55.2286],[-66.5521,-55.272],[-66.6097,-55.2703],[-66.6313,-55.2546],[-66.6349,-55.2338],[-66.6241,-55.213],[-66.5989,-55.1939],[-66.5233,-55.1661],[-66.4369,-55.1904],[-66.4729,-55.2286]]],[[[-74.6701,-43.6078],[-74.8105,-43.6251],[-74.8429,-43.5956],[-74.8429,-43.5696],[-74.8177,-43.5488],[-74.7457,-43.5366],[-74.6989,-43.5522],[-74.6737,-43.5783],[-74.6665,-43.5991],[-74.6701,-43.6078]]],[[[-75.041,-44.8907],[-75.0662,-44.9063],[-75.0986,-44.9011],[-75.1238,-44.8699],[-75.1418,-44.816],[-75.1058,-44.7952],[-75.0806,-44.7952],[-75.0482,-44.8247],[-75.0338,-44.8699],[-75.041,-44.8907]]]]}},{"type":"Feature","properties":{"iso":"156","name":"중국","en":"China"},"geometry":{"type":"MultiPolygon","coordinates":[[[[107.9741,21.508],[107.7581,21.6555],[107.3513,21.6087],[106.9697,21.9246],[106.6637,21.9784],[106.5521,22.501],[106.7789,22.7787],[106.1489,22.9697],[105.8429,22.9228],[105.2741,23.3447],[104.8636,23.1363],[104.6872,22.8221],[104.3704,22.7041],[104.1436,22.7996],[103.942,22.5409],[103.6216,22.7822],[103.492,22.5878],[103.3012,22.7648],[103.006,22.4524],[102.4696,22.751],[102.1276,22.3794],[101.7064,22.4871],[101.5228,22.2545],[101.7352,21.8257],[101.728,21.1556],[101.2492,21.1972],[101.08,21.7562],[100.6048,21.4715],[100.1476,21.4802],[99.9424,21.758],[99.9172,22.0288],[99.172,22.1538],[99.5068,22.9593],[98.8624,23.1919],[98.8336,23.6242],[98.6752,23.9054],[98.8336,24.1207],[98.2108,24.1102],[97.5628,23.9106],[97.7068,24.2283],[97.5304,24.631],[97.7392,24.8706],[97.8184,25.2525],[98.0092,25.2925],[98.1424,25.572],[98.3332,25.5876],[98.6572,25.8636],[98.5636,26.0719],[98.686,26.19],[98.74,26.6986],[98.65,27.5718],[98.452,27.6569],[98.2972,27.5493],[98.0992,28.143],[97.66,28.5006],[97.5376,28.511],[97.3216,28.2176],[96.6016,28.4607],[96.2812,28.4121],[96.58,28.7645],[96.436,29.0509],[96.1372,28.9224],[96.1228,29.0822],[96.3568,29.2488],[96.0364,29.4467],[95.3884,29.037],[94.6215,29.313],[93.7611,28.7297],[93.2535,28.6291],[92.5479,27.8791],[91.9791,27.7298],[91.6335,27.7593],[91.6407,27.9225],[91.2735,28.0787],[91.0215,27.9694],[89.8983,28.294],[89.4807,28.0597],[88.8903,27.3166],[88.7499,27.5215],[88.8039,28.0076],[88.6203,28.0926],[87.6231,27.8149],[87.1407,27.8392],[86.6151,28.1031],[86.4099,27.9295],[86.1363,28.1152],[85.9959,27.9104],[85.6791,28.2767],[85.1211,28.3166],[85.1607,28.5926],[84.797,28.5596],[84.2282,28.912],[84.1022,29.2193],[83.5838,29.1828],[83.1554,29.6134],[82.2194,30.0647],[82.043,30.3269],[81.4166,30.3373],[81.1106,30.037],[80.6822,30.4154],[80.1926,30.5682],[80.1494,30.7904],[79.4942,30.9935],[79.1054,31.4032],[78.7562,31.3025],[78.7346,31.9587],[78.389,32.5194],[78.7022,32.5976],[78.9182,32.358],[79.2206,32.5003],[79.1342,33.1722],[78.803,33.5003],[78.7274,34.0141],[78.9686,34.3023],[78.281,34.6547],[78.011,35.2502],[78.0434,35.4793],[77.0894,35.5522],[76.6322,35.7293],[76.553,35.8873],[76.1786,35.8109],[75.9122,36.0487],[75.9734,36.3821],[75.8402,36.6494],[75.4226,36.7379],[75.347,36.9133],[74.3749,37.1372],[75.1202,37.3855],[74.8933,37.6007],[74.8357,38.4045],[74.2777,38.6597],[73.9717,38.533],[73.8025,38.6076],[73.6333,39.4496],[73.9069,39.578],[73.8349,39.8002],[73.9933,40.0433],[74.8321,40.328],[74.8357,40.4825],[75.2426,40.4808],[75.5198,40.6283],[75.6782,40.3054],[76.2578,40.4304],[76.319,40.3523],[76.9094,41.0241],[78.1226,41.0762],[78.3638,41.3713],[78.7418,41.5605],[80.2358,42.0432],[80.1638,42.6664],[80.5382,42.873],[80.3906,43.0431],[80.7866,43.1611],[80.3546,44.0969],[80.3546,44.5517],[80.4806,44.7149],[79.8722,44.8833],[81.6902,45.3485],[81.8666,45.1819],[82.5218,45.1263],[82.6118,45.4249],[82.3166,45.595],[83.0294,47.1852],[84.0158,46.9699],[84.6674,46.9717],[84.7862,46.8311],[85.4847,47.0637],[85.6575,47.2546],[85.5243,47.9161],[85.6503,48.2511],[85.7511,48.3848],[86.5503,48.5289],[86.8851,49.0913],[87.8139,49.1625],[87.8715,48.9993],[87.7419,48.8813],[88.0587,48.7077],[87.9795,48.5549],[88.5159,48.3848],[88.5771,48.2199],[89.0487,48.0029],[89.4807,48.0289],[90.3123,47.6765],[91.0287,46.5654],[90.9099,46.2703],[91.0035,46.036],[90.6615,45.5256],[90.8775,45.1957],[93.5163,44.944],[94.7115,44.3503],[95.3488,44.2774],[95.3272,44.0396],[95.5252,43.9545],[95.86,43.2757],[96.2992,42.9285],[96.3856,42.7202],[97.2064,42.7896],[99.4672,42.5674],[99.982,42.6768],[101.494,42.5379],[102.1564,42.1577],[103.0744,42.0067],[103.7116,41.7515],[104.4964,41.8765],[104.4964,41.6595],[104.9824,41.5953],[106.7717,42.2879],[109.3385,42.439],[110.4005,42.774],[111.0089,43.3417],[111.9341,43.7115],[111.4013,44.3677],[111.6209,44.8277],[111.8981,45.0638],[112.4129,45.0586],[112.7081,44.8833],[113.5865,44.7461],[114.0797,44.9718],[114.5585,45.3902],[115.6818,45.4579],[116.1966,45.7391],[116.5638,46.2894],[117.3342,46.3623],[117.4386,46.5863],[117.741,46.5186],[118.8426,46.7599],[119.3322,46.6141],[119.8686,46.6713],[119.8974,46.8571],[119.7102,47.1505],[118.497,47.9838],[117.7698,47.9872],[117.3522,47.6522],[116.7618,47.8692],[116.2326,47.8588],[115.8978,47.6869],[115.617,47.8744],[115.5234,48.1313],[115.7862,48.2476],[115.8222,48.5775],[116.6826,49.8239],[117.8742,49.5132],[118.4502,49.8448],[119.2602,50.067],[119.3466,50.2788],[119.163,50.4055],[120.0666,51.5999],[120.7506,52.0964],[120.657,52.5668],[120.171,52.6033],[120.045,52.7178],[120.9846,53.2838],[123.609,53.5459],[124.8114,53.1345],[125.0743,53.2039],[125.6503,53.0425],[126.3415,52.362],[126.9247,51.0999],[127.3063,50.7076],[127.3387,50.3499],[127.5907,50.2093],[127.5511,49.8014],[128.0011,49.5687],[128.7031,49.6],[129.0667,49.3743],[129.4987,49.3882],[130.1971,48.8917],[130.5535,48.8604],[130.5535,48.6018],[130.8055,48.3414],[130.7335,48.0185],[131.0035,47.6921],[132.4759,47.7147],[132.7063,47.9473],[133.1455,48.1053],[133.4695,48.0966],[134.2939,48.3726],[134.6647,48.2546],[134.5675,48.022],[134.7511,47.7147],[134.1679,47.3015],[134.2039,47.1279],[133.8655,46.4995],[133.8619,46.2478],[133.5127,45.878],[133.4371,45.6054],[133.1851,45.4943],[133.1131,45.1315],[132.9367,45.0291],[131.8531,45.3277],[131.4463,44.9839],[130.9819,44.8451],[131.2555,44.0708],[131.1727,43.7045],[131.2591,43.3781],[131.0683,42.9025],[130.4239,42.7271],[130.5751,42.623],[130.5283,42.5362],[130.2943,42.6855],[130.2403,42.8921],[129.8983,42.998],[129.6967,42.4476],[129.3151,42.4129],[128.9227,42.038],[128.0443,41.9876],[128.2891,41.6074],[128.1487,41.3869],[127.1803,41.531],[126.9031,41.781],[126.7231,41.7168],[125.9887,40.9043],[124.8906,40.4599],[124.2678,39.9235],[123.6522,39.8818],[122.8386,39.6006],[121.9818,39.0538],[121.6758,39.0034],[121.6506,38.8645],[121.1646,38.7309],[121.107,38.9201],[121.6794,39.1093],[121.629,39.2204],[121.8198,39.3871],[121.2762,39.3853],[121.269,39.545],[121.5174,39.6388],[121.5174,39.8454],[121.8018,39.9513],[122.2626,40.4999],[121.8342,40.9738],[121.7298,40.8453],[121.1754,40.9009],[120.4806,40.2308],[119.3898,39.7516],[118.9758,39.1822],[118.299,39.0676],[118.0398,39.2274],[117.7842,39.1336],[117.5538,38.6909],[117.6546,38.4236],[118.0146,38.184],[118.9398,38.0434],[119.0874,37.7014],[118.9542,37.3316],[119.1126,37.2014],[119.7606,37.1546],[120.2574,37.6788],[120.7506,37.8334],[121.6398,37.4601],[122.0574,37.5295],[122.6658,37.4028],[122.4462,37.0678],[122.5182,36.9463],[122.3418,36.8317],[121.9314,36.9601],[121.053,36.6112],[120.8118,36.632],[120.8946,36.4445],[120.711,36.4133],[120.639,36.1303],[120.3942,36.0539],[120.3294,36.2275],[120.1818,36.2032],[120.0954,36.1182],[120.2862,35.9845],[119.4294,35.3023],[119.1666,34.8492],[120.2682,34.2745],[120.8694,33.0159],[120.855,32.6618],[121.341,32.4257],[121.449,32.1531],[121.8342,31.8997],[121.8666,31.7035],[121.7622,31.7001],[120.9738,31.8702],[120.5202,32.1063],[120.0342,31.9361],[120.7146,31.983],[120.7866,31.8198],[121.6614,31.3199],[121.8342,31.0612],[121.8774,30.9171],[121.4202,30.7904],[120.8226,30.3546],[120.4482,30.3876],[120.1962,30.2418],[120.495,30.3026],[120.6318,30.1324],[121.2582,30.3043],[121.6794,29.9797],[122.0826,29.8703],[121.5066,29.4849],[121.8882,29.6273],[121.9674,29.4901],[121.917,29.1342],[121.719,29.2558],[121.449,29.1308],[121.6794,28.9537],[121.539,28.9311],[121.6614,28.8513],[121.4742,28.6412],[121.611,28.2923],[121.2726,28.2228],[121.1466,28.327],[120.9594,28.0371],[120.747,28.0093],[120.8334,27.8913],[120.5886,27.5805],[120.6066,27.4121],[120.279,27.0979],[120.0414,26.6344],[119.883,26.6101],[119.8254,26.8462],[119.7102,26.7281],[119.5878,26.7854],[119.8794,26.3341],[119.4618,26.0546],[119.1378,26.1223],[119.3322,25.9487],[119.6202,26.0042],[119.541,25.5911],[119.6238,25.3914],[119.181,25.4504],[119.2854,25.2317],[118.9758,25.2091],[118.9074,24.9296],[118.6374,24.8359],[118.6554,24.6206],[118.0866,24.6276],[118.0074,24.4817],[117.8418,24.4748],[118.0578,24.2457],[117.6294,23.836],[117.4674,23.8412],[117.3666,23.5894],[117.291,23.7144],[117.0822,23.579],[116.9094,23.6467],[116.8626,23.4523],[116.6286,23.3533],[116.7006,23.277],[116.4702,22.9454],[115.6422,22.8534],[115.4982,22.7197],[115.1958,22.8169],[114.8537,22.6173],[114.6521,22.7544],[114.5549,22.5287],[114.0149,22.5114],[113.6189,22.8621],[113.6189,23.1277],[113.5181,23.1016],[113.3309,22.9124],[113.5541,22.5947],[113.5505,22.2249],[113.1473,22.0756],[113.0897,22.2076],[112.9529,21.9073],[112.8089,21.9454],[112.5857,21.7771],[112.3589,21.9784],[112.3049,21.7423],[111.9449,21.85],[111.6029,21.5583],[111.0161,21.5114],[110.5661,21.2146],[110.4113,21.3378],[110.1557,20.9438],[110.3645,20.8379],[110.3141,20.6712],[110.5121,20.5185],[110.3465,20.2945],[109.8821,20.3639],[109.9685,20.449],[109.6625,20.9177],[109.9325,21.4802],[109.6877,21.5253],[109.5653,21.6903],[109.5437,21.5375],[109.1477,21.4264],[109.1009,21.5913],[108.7733,21.6312],[108.4781,21.9038],[108.5033,21.633],[108.3233,21.6937],[108.2477,21.5583],[107.9741,21.508]]],[[[110.8901,19.9924],[111.0125,19.6557],[110.8217,19.5584],[110.6417,19.2911],[110.4509,18.7477],[110.0477,18.5047],[110.0189,18.4162],[109.8173,18.3971],[109.7021,18.2599],[109.5185,18.2182],[108.7013,18.5359],[108.6365,18.8658],[108.6653,19.3032],[109.2773,19.7616],[109.1765,19.7685],[109.2629,19.8831],[110.2133,20.0567],[110.5877,19.9768],[110.6525,20.1383],[110.8901,19.9924]]],[[[121.863,31.4917],[121.7802,31.464],[121.521,31.549],[121.3374,31.6445],[121.2258,31.7573],[121.2114,31.8059],[121.3374,31.7973],[121.4634,31.7556],[121.4922,31.6931],[121.575,31.6376],[121.809,31.5525],[121.863,31.4917]]],[[[122.295,29.964],[122.2806,29.9432],[122.1582,30.0005],[122.025,30.0127],[121.9782,30.063],[121.971,30.1429],[122.1114,30.1394],[122.2842,30.0682],[122.3238,30.0318],[122.295,29.964]]],[[[110.3861,21.0931],[110.4221,21.0583],[110.5229,21.0827],[110.5409,21.0393],[110.5373,21.0184],[110.5049,20.9681],[110.4221,21.0063],[110.3393,20.9976],[110.2817,21.0011],[110.2637,21.0254],[110.3105,21.074],[110.3861,21.0931]]],[[[119.8218,25.4574],[119.7462,25.4105],[119.6994,25.4331],[119.6994,25.4956],[119.7246,25.5511],[119.6958,25.5911],[119.721,25.6397],[119.7786,25.6536],[119.7966,25.624],[119.829,25.6067],[119.8398,25.5911],[119.8398,25.5598],[119.8074,25.5077],[119.8326,25.4799],[119.8218,25.4574]]],[[[112.7909,21.6017],[112.7693,21.5826],[112.7405,21.6173],[112.7333,21.6694],[112.7117,21.6972],[112.7621,21.7337],[112.7837,21.7718],[112.8377,21.7649],[112.8629,21.7528],[112.8125,21.7128],[112.8017,21.6955],[112.7909,21.6017]]],[[[113.5541,22.8048],[113.5649,22.7579],[113.4857,22.8291],[113.4641,22.8325],[113.4245,22.8586],[113.4029,22.902],[113.4641,22.9037],[113.5217,22.8516],[113.5541,22.8048]]],[[[121.251,28.0857],[121.1646,28.0631],[121.1322,28.0631],[121.1322,28.136],[121.2042,28.2037],[121.233,28.1812],[121.251,28.1447],[121.251,28.0857]]],[[[122.1726,29.6793],[122.169,29.6602],[122.0826,29.7245],[122.043,29.7366],[122.061,29.7731],[122.1186,29.7818],[122.1654,29.7002],[122.1726,29.6793]]],[[[112.6433,21.6399],[112.5461,21.6191],[112.5245,21.6226],[112.5605,21.6746],[112.6469,21.7111],[112.6433,21.6399]]],[[[118.1838,24.4956],[118.1478,24.4366],[118.0902,24.4453],[118.0902,24.4887],[118.0758,24.5008],[118.0938,24.5408],[118.1046,24.5529],[118.1694,24.5182],[118.1838,24.4956]]],[[[122.403,29.8929],[122.3958,29.846],[122.367,29.8529],[122.331,29.9345],[122.3526,29.9554],[122.403,29.9502],[122.403,29.8929]]]]}},{"type":"Feature","properties":{"iso":"170","name":"콜롬비아","en":"Colombia"},"geometry":{"type":"MultiPolygon","coordinates":[[[[-71.3185,11.8627],[-71.9593,11.6666],[-72.2473,11.1961],[-72.6901,10.835],[-73.0069,9.79],[-73.3669,9.1945],[-73.0573,9.2587],[-72.7981,9.1094],[-72.3625,8.1529],[-72.4705,7.5245],[-72.2077,7.37],[-72.0061,7.0332],[-71.1277,6.9863],[-70.7389,7.0905],[-70.1305,6.9533],[-69.4285,6.1235],[-67.8589,6.2902],[-67.4809,6.1808],[-67.4737,5.9308],[-67.8265,5.2711],[-67.8553,4.5073],[-67.6609,3.865],[-67.3117,3.4153],[-67.8589,2.7939],[-67.6177,2.7939],[-67.2109,2.3894],[-66.8833,1.3582],[-66.8761,1.2228],[-67.0813,1.1846],[-67.0885,1.6151],[-67.4017,2.1168],[-67.9345,1.7488],[-68.1937,1.9866],[-68.1757,1.7193],[-69.8497,1.7089],[-69.8533,1.0596],[-69.3133,1.0509],[-69.1549,0.6429],[-69.4717,0.7297],[-70.0549,0.5787],[-70.0693,-0.1383],[-69.6337,-0.5098],[-69.3997,-1.1955],[-69.9649,-4.2352],[-70.3393,-3.8151],[-70.7353,-3.7821],[-70.0945,-2.6589],[-70.9693,-2.2076],[-71.3977,-2.3343],[-71.7541,-2.152],[-72.2185,-2.4003],[-72.9421,-2.3933],[-73.1545,-2.2787],[-73.1977,-1.8309],[-73.4965,-1.6937],[-73.6657,-1.2493],[-74.2453,-0.9698],[-74.4181,-0.5809],[-74.8033,-0.2007],[-75.7754,0.0892],[-76.2722,0.4398],[-76.4954,0.235],[-77.3954,0.3947],[-77.7014,0.8374],[-78.3134,1.0457],[-79.0262,1.6238],[-78.7922,1.8495],[-78.5762,1.7731],[-78.5906,2.3564],[-78.065,2.5092],[-77.813,2.7157],[-77.0786,3.9136],[-77.2622,3.8927],[-77.2766,4.0577],[-77.3594,3.9448],[-77.4098,4.2469],[-77.5214,4.2122],[-77.2874,4.7226],[-77.3738,5.3232],[-77.5358,5.5367],[-77.2478,5.7798],[-77.471,6.1773],[-77.3702,6.5749],[-77.8994,7.2293],[-77.7626,7.6981],[-77.5394,7.5661],[-77.1974,7.9724],[-77.4782,8.4984],[-77.3918,8.6442],[-76.787,7.9324],[-76.7726,8.3109],[-76.9202,8.573],[-76.2758,8.9897],[-76.0274,9.3664],[-75.6386,9.4497],[-75.5378,10.2049],[-75.707,10.1441],[-75.4478,10.6111],[-74.8429,11.1093],[-74.3317,10.9965],[-74.5153,10.8628],[-74.4001,10.7656],[-74.1445,11.3211],[-73.3129,11.2951],[-72.2761,11.8888],[-72.1357,12.1891],[-71.7145,12.42],[-71.2609,12.3349],[-71.1385,12.0468],[-71.3185,11.8627]]],[[[-78.1154,2.5421],[-78.1406,2.5196],[-78.191,2.5595],[-78.209,2.6098],[-78.1802,2.6463],[-78.137,2.6341],[-78.119,2.6029],[-78.1154,2.5421]]]]}},{"type":"Feature","properties":{"iso":"174","name":"코모로","en":"Comoros"},"geometry":{"type":"MultiPolygon","coordinates":[[[[43.465,-11.9014],[43.447,-11.9153],[43.357,-11.858],[43.303,-11.8441],[43.2274,-11.7521],[43.2562,-11.4327],[43.2994,-11.3737],[43.3426,-11.3685],[43.393,-11.4084],[43.3786,-11.615],[43.4902,-11.8615],[43.465,-11.9014]]],[[[44.4766,-12.082],[44.527,-12.2191],[44.527,-12.3233],[44.5054,-12.3562],[44.4586,-12.3354],[44.3758,-12.2521],[44.221,-12.1722],[44.3794,-12.1653],[44.4082,-12.1201],[44.4118,-12.0924],[44.4514,-12.0715],[44.4766,-12.082]]],[[[43.789,-12.3076],[43.8574,-12.3684],[43.663,-12.3424],[43.6342,-12.2885],[43.6306,-12.2469],[43.7026,-12.2556],[43.789,-12.3076]]]]}},{"type":"Feature","properties":{"iso":"178","name":"콩고","en":"Congo"},"geometry":{"type":"Polygon","coordinates":[[[11.1295,-3.9158],[11.5039,-3.52],[11.6875,-3.6814],[11.8783,-3.6658],[11.9359,-3.3186],[11.5363,-2.836],[11.6047,-2.343],[12.4471,-2.3308],[12.4327,-1.9281],[12.6271,-1.8291],[12.9907,-2.3135],[13.4659,-2.3951],[13.7323,-2.1381],[13.9951,-2.4905],[14.2003,-2.3534],[14.1643,-2.218],[14.3839,-1.8899],[14.4739,-0.574],[13.8583,-0.2025],[13.9483,0.353],[14.3227,0.6239],[14.4307,0.9016],[14.1823,1.3703],[13.1887,1.2801],[13.2931,2.162],[14.5783,2.1984],[14.9023,2.0127],[15.7412,1.9154],[16.058,1.6759],[16.0796,2.1064],[16.4684,2.832],[16.6124,3.5056],[17.4908,3.6879],[18.1604,3.5004],[18.4988,3.6046],[18.6212,3.3042],[18.0704,2.0127],[17.7536,-0.5497],[16.8788,-1.2267],[16.2164,-2.1781],[16.148,-3.4644],[15.8708,-3.9349],[15.5252,-4.0877],[14.7079,-4.881],[14.4091,-4.8307],[14.3587,-4.2995],[13.9411,-4.4852],[13.7179,-4.454],[13.6603,-4.7213],[13.4155,-4.8376],[12.7999,-4.4314],[12.3859,-4.6189],[12.0187,-5.0043],[11.7775,-4.5651],[11.1295,-3.9158]]]}},{"type":"Feature","properties":{"iso":"184","name":"쿡 제도","en":"Cook Is."},"geometry":{"type":"Polygon","coordinates":[[[-159.739,-21.2498],[-159.7714,-21.2498],[-159.8146,-21.2428],[-159.8398,-21.2376],[-159.8434,-21.229],[-159.8326,-21.2012],[-159.811,-21.1856],[-159.7678,-21.189],[-159.739,-21.2081],[-159.7354,-21.2411],[-159.739,-21.2498]]]}},{"type":"Feature","properties":{"iso":"188","name":"코스타리카","en":"Costa Rica"},"geometry":{"type":"Polygon","coordinates":[[[-82.565,9.5764],[-82.6442,9.5052],[-82.8026,9.592],[-82.9394,9.4497],[-82.9394,9.0608],[-82.727,8.9167],[-82.9178,8.7397],[-82.8602,8.4532],[-83.0258,8.3369],[-82.8782,8.0713],[-83.285,8.665],[-83.4686,8.7067],[-83.2922,8.4064],[-83.6054,8.481],[-83.735,8.6147],[-83.6126,8.8039],[-83.7386,9.1511],[-84.581,9.5677],[-84.7142,9.8993],[-85.0239,10.1163],[-85.2615,10.2569],[-85.1607,10.0174],[-84.887,9.8212],[-85.1139,9.5816],[-85.3155,9.8108],[-85.6251,9.9028],[-85.8483,10.2917],[-85.6683,10.7448],[-85.9095,10.8975],[-85.5855,11.1892],[-84.9086,10.9461],[-84.6998,11.052],[-84.347,10.9791],[-84.167,10.7812],[-83.9186,10.7361],[-83.7134,10.7864],[-83.6414,10.9166],[-83.3462,10.316],[-82.7774,9.6702],[-82.565,9.5764]]]}},{"type":"Feature","properties":{"iso":"384","name":"코트디부아르","en":"Côte d'Ivoire"},"geometry":{"type":"MultiPolygon","coordinates":[[[[-7.9903,10.1632],[-7.4971,10.4392],[-7.3639,10.2587],[-7.0183,10.1441],[-6.9499,10.342],[-6.6943,10.3489],[-6.6547,10.6562],[-6.4243,10.559],[-6.2623,10.7239],[-6.2371,10.2621],[-6.1183,10.2014],[-5.5567,10.4392],[-5.0995,10.2413],[-4.9698,9.9306],[-4.6242,9.7136],[-4.3326,9.6459],[-3.789,9.9167],[-3.2238,9.8958],[-2.817,9.4254],[-2.6946,9.4809],[-2.7486,9.0452],[-2.5074,8.2085],[-2.7882,7.9324],[-3.2454,6.6495],[-2.997,5.7121],[-2.7954,5.5992],[-2.817,5.1531],[-3.1698,5.2034],[-3.1986,5.3545],[-3.3462,5.1305],[-4.1202,5.3093],[-4.6098,5.2364],[-4.0374,5.2295],[-5.2831,5.2104],[-5.3659,5.1513],[-5.0635,5.1305],[-5.9131,5.0107],[-7.5439,4.3511],[-7.4539,5.8405],[-7.7959,5.976],[-7.8895,6.2346],[-8.6023,6.5072],[-8.3035,6.9811],[-8.4871,7.5592],[-8.2315,7.5575],[-8.0083,8.0783],[-8.2567,8.2536],[-8.2387,8.455],[-7.6807,8.4098],[-7.7203,8.6425],[-7.9507,8.7865],[-7.9399,8.9792],[-7.7779,9.0817],[-7.9183,9.1893],[-7.8967,9.4167],[-8.1379,9.4966],[-8.1559,9.974],[-7.9903,10.1632]]],[[[-3.087,5.1288],[-3.1122,5.0889],[-3.2454,5.1149],[-3.2166,5.1479],[-3.087,5.1288]]]]}},{"type":"Feature","properties":{"iso":"191","name":"크로아티아","en":"Croatia"},"geometry":{"type":"MultiPolygon","coordinates":[[[[13.5775,45.5169],[14.3695,45.4822],[14.5675,45.6575],[14.7943,45.4787],[15.338,45.4666],[15.2768,45.7322],[15.6692,45.904],[15.608,46.1714],[16.2272,46.3728],[16.3208,46.5342],[16.7492,46.4162],[17.8076,45.7912],[18.3584,45.753],[18.9056,45.9318],[18.8408,45.8363],[19.064,45.5152],[19.0064,45.3989],[19.4024,45.1888],[19.136,45.1957],[19.0856,44.9267],[18.9416,44.8659],[18.6644,45.0777],[17.8112,45.0777],[16.9184,45.2773],[16.5296,45.2166],[16.292,45.0083],[15.9644,45.2114],[15.788,45.1784],[15.7376,44.7652],[16.1048,44.5204],[16.2992,44.1246],[17.2748,43.4458],[17.6492,43.0066],[17.5844,42.9389],[16.904,43.392],[15.986,43.5205],[15.1868,44.1715],[15.122,44.2566],[15.4712,44.2722],[14.9815,44.6038],[14.8555,45.0812],[14.5495,45.2982],[14.3119,45.3381],[13.8619,44.8381],[13.6279,45.1089],[13.5775,45.5169]]],[[[18.4376,42.5605],[18.5168,42.4338],[17.8256,42.7966],[17.0444,43.0153],[17.2208,43.0257],[17.7248,42.8504],[17.6672,42.8973],[17.8004,42.9025],[18.1244,42.6907],[18.4376,42.5605]]],[[[17.1956,43.1264],[16.6808,43.123],[16.5512,43.1438],[16.3748,43.2132],[16.5224,43.2288],[16.6556,43.2132],[16.6988,43.175],[17.1956,43.1264]]],[[[14.4883,44.6593],[14.4811,44.6211],[14.4199,44.6697],[14.3119,44.9006],[14.3011,44.9405],[14.3407,44.9805],[14.3407,45.0204],[14.2867,45.1454],[14.3299,45.1645],[14.3587,45.168],[14.3695,45.0812],[14.3947,45.0308],[14.4667,44.9701],[14.4523,44.8694],[14.4883,44.6593]]],[[[16.652,42.9962],[16.8356,42.9684],[16.9724,42.9823],[17.0948,42.965],[17.1884,42.9164],[16.976,42.9285],[16.85,42.8955],[16.6952,42.9337],[16.652,42.9962]]],[[[15.1868,44.3364],[15.1616,44.3086],[14.9131,44.4857],[14.8843,44.5447],[14.7403,44.6975],[14.8555,44.6177],[14.8987,44.6107],[15.2408,44.3503],[15.1868,44.3364]]],[[[16.7852,43.2705],[16.6268,43.2688],[16.49,43.2861],[16.4216,43.3174],[16.4504,43.3868],[16.8356,43.3504],[16.8896,43.3139],[16.7852,43.2705]]],[[[17.6096,42.7688],[17.7428,42.7011],[17.3432,42.7896],[17.4332,42.8001],[17.6096,42.7688]]],[[[14.8087,44.977],[14.6863,44.9562],[14.6287,44.9944],[14.6143,45.0256],[14.5099,45.036],[14.4379,45.0985],[14.5243,45.1471],[14.5711,45.2253],[14.6287,45.1784],[14.7007,45.0898],[14.7403,45.0655],[14.8087,44.977]]],[[[15.1904,43.9215],[15.2048,43.9076],[15.2012,43.8972],[15.1364,43.9076],[14.8915,44.1264],[14.8663,44.168],[14.9527,44.1177],[15.1904,43.9215]]],[[[14.8303,44.7583],[14.8555,44.7149],[14.7619,44.7548],[14.6791,44.7704],[14.6611,44.7999],[14.6899,44.8485],[14.7547,44.8451],[14.7655,44.8208],[14.8303,44.7583]]],[[[15.23,44.0621],[15.248,44.0274],[15.122,44.0934],[15.0752,44.1385],[15.0644,44.1576],[15.23,44.0621]]],[[[15.3704,43.9736],[15.4388,43.8989],[15.374,43.9146],[15.3092,43.9614],[15.2696,44.0101],[15.3704,43.9736]]]]}},{"type":"Feature","properties":{"iso":"192","name":"쿠바","en":"Cuba"},"geometry":{"type":"MultiPolygon","coordinates":[[[[-81.8378,23.1624],[-80.6498,23.1034],[-80.3654,22.9436],[-79.8218,22.8864],[-79.2746,22.4072],[-78.6878,22.3673],[-77.6366,21.7979],[-77.4962,21.8708],[-77.1434,21.6434],[-77.3666,21.6121],[-77.2514,21.4837],[-77.1002,21.5896],[-76.8662,21.3309],[-75.7214,21.1104],[-75.5954,20.9941],[-75.725,20.7146],[-74.8825,20.6504],[-74.1661,20.2928],[-74.1553,20.1678],[-75.1166,19.9022],[-75.1526,20.0081],[-75.2894,19.8935],[-76.157,19.989],[-77.7158,19.8553],[-77.1038,20.4073],[-77.2298,20.6434],[-78.1154,20.7615],[-78.4898,21.0531],[-78.7274,21.593],[-79.3574,21.5844],[-80.2322,21.8725],[-80.4842,22.1243],[-81.035,22.0739],[-81.1862,22.2683],[-81.2834,22.1086],[-81.8486,22.2145],[-82.079,22.3881],[-81.7118,22.4975],[-81.8378,22.6728],[-82.7378,22.6885],[-83.3786,22.2232],[-83.9006,22.1694],[-84.0302,21.9437],[-84.5018,21.7753],[-84.5018,21.9298],[-84.887,21.8569],[-84.3254,22.0739],[-84.3614,22.3794],[-84.0446,22.6659],[-83.2562,22.968],[-81.8378,23.1624]]],[[[-82.5614,21.5722],[-82.853,21.4437],[-82.961,21.442],[-83.069,21.4698],[-83.1842,21.593],[-83.1806,21.6226],[-83.0546,21.5496],[-82.9718,21.593],[-83.0834,21.7909],[-83.0762,21.8343],[-82.9898,21.942],[-82.7162,21.8899],[-82.6298,21.7666],[-82.5614,21.5722]]],[[[-78.6302,22.553],[-78.4934,22.5305],[-78.3998,22.5478],[-78.353,22.5392],[-78.2846,22.4558],[-78.389,22.4454],[-78.425,22.4593],[-78.5474,22.4645],[-78.6302,22.4888],[-78.695,22.534],[-78.6302,22.553]]],[[[-77.669,21.9524],[-77.7086,21.9211],[-77.7554,21.9663],[-77.8238,21.9871],[-77.8994,22.0375],[-77.9174,22.0878],[-77.7734,22.0826],[-77.633,22.0548],[-77.6474,21.9958],[-77.669,21.9524]]],[[[-79.3502,22.6642],[-79.3466,22.6381],[-79.523,22.711],[-79.5986,22.7874],[-79.6274,22.8048],[-79.5806,22.8065],[-79.3502,22.6642]]],[[[-78.0254,22.2857],[-78.047,22.2683],[-78.101,22.3065],[-78.1802,22.3222],[-78.227,22.3794],[-78.2702,22.402],[-78.2738,22.4228],[-78.2018,22.4385],[-78.1514,22.4315],[-78.0938,22.3864],[-78.0614,22.3065],[-78.0254,22.2857]]],[[[-77.8778,22.1277],[-77.9138,22.1243],[-78.011,22.1659],[-78.0434,22.2006],[-78.0074,22.2475],[-78.0002,22.2996],[-77.9858,22.3013],[-77.9714,22.2406],[-77.8922,22.2145],[-77.8886,22.2006],[-77.8418,22.1486],[-77.8778,22.1277]]]]}},{"type":"Feature","properties":{"iso":"531","name":"퀴라소","en":"Curaçao"},"geometry":{"type":"Polygon","coordinates":[[[-68.7517,12.0589],[-68.8021,12.045],[-68.9965,12.1422],[-69.1549,12.2985],[-69.1585,12.3801],[-69.1189,12.3731],[-69.0757,12.3419],[-69.0145,12.2308],[-68.8273,12.1579],[-68.7517,12.0589]]]}},{"type":"Feature","properties":{"iso":"196","name":"키프로스","en":"Cyprus"},"geometry":{"type":"Polygon","coordinates":[[[32.7117,35.1703],[32.9205,35.087],[33.1905,35.1738],[33.3849,35.1634],[33.4749,35.0002],[33.8673,35.0939],[34.0041,35.0644],[34.0509,34.988],[33.6981,34.9707],[33.4137,34.7502],[33.1149,34.6964],[33.0069,34.5697],[32.9421,34.5766],[32.8665,34.6617],[32.6937,34.6495],[32.4489,34.7294],[32.3157,34.9533],[32.3013,35.0835],[32.3913,35.0505],[32.5569,35.1564],[32.7117,35.1703]]]}},{"type":"Feature","properties":{"iso":"203","name":"체코","en":"Czechia"},"geometry":{"type":"Polygon","coordinates":[[[18.8336,49.5114],[18.1604,49.258],[18.0848,49.0653],[17.7572,48.8882],[17.1344,48.8413],[16.9544,48.5983],[16.544,48.7962],[16.058,48.7545],[14.9923,49.0011],[14.9239,48.7719],[14.6899,48.6],[14.1895,48.5792],[12.6811,49.4142],[12.3895,49.7389],[12.5119,49.8951],[12.0907,50.3013],[12.2779,50.1815],[12.5479,50.3933],[12.9439,50.4072],[13.5559,50.7041],[14.3695,50.8985],[14.2831,51.0287],[14.5459,50.994],[14.7223,50.8152],[14.9815,50.8864],[14.9923,51.0148],[16.0076,50.6121],[16.3604,50.6208],[16.2092,50.4246],[16.6376,50.1017],[16.9904,50.2371],[16.8788,50.4263],[17.4152,50.2545],[17.7032,50.3065],[17.6276,50.1156],[18.5636,49.8795],[18.8336,49.5114]]]}},{"type":"Feature","properties":{"iso":"180","name":"콩고 민주공화국","en":"Dem. Rep. Congo"},"geometry":{"type":"Polygon","coordinates":[[[30.7497,-8.1933],[28.8993,-8.485],[28.8705,-8.7853],[28.3989,-9.2245],[28.6293,-9.8321],[28.6401,-10.6689],[28.3557,-11.483],[28.4817,-11.8129],[29.0649,-12.3493],[29.4861,-12.4187],[29.5077,-12.2278],[29.7957,-12.1549],[29.7741,-13.4378],[29.5545,-13.2486],[29.1117,-13.3944],[28.5501,-12.8354],[28.4133,-12.5177],[27.5349,-12.1948],[27.1605,-11.5785],[26.8257,-11.9656],[26.0265,-11.891],[25.3497,-11.6237],[25.2885,-11.2122],[24.3776,-11.4171],[24.3668,-11.1306],[23.9672,-10.872],[23.834,-11.0143],[22.5596,-11.056],[22.2788,-11.1949],[22.178,-10.8928],[22.3076,-10.6914],[22.2752,-10.2592],[21.8144,-9.4693],[21.9044,-8.6933],[21.782,-7.3149],[20.6084,-7.2784],[20.5904,-6.9191],[19.874,-6.9868],[19.5284,-7.1448],[19.3412,-7.9659],[18.5636,-7.9364],[17.5808,-8.0996],[16.9832,-7.2576],[16.6988,-6.1639],[16.4324,-5.9],[13.0015,-5.8358],[12.5155,-6.0042],[12.2131,-5.7594],[12.5047,-5.6952],[12.4507,-5.072],[12.8287,-4.7369],[13.1383,-4.605],[13.4155,-4.8376],[13.6603,-4.7213],[13.7179,-4.454],[13.9411,-4.4852],[14.3587,-4.2995],[14.4091,-4.8307],[14.7079,-4.881],[15.9896,-3.7665],[16.2164,-3.0304],[16.2164,-2.1781],[16.8788,-1.2267],[17.7536,-0.5497],[18.0704,2.0127],[18.6212,3.3042],[18.5672,4.2573],[19.0676,4.8909],[19.6868,5.1218],[20.2268,4.8302],[20.558,4.4622],[22.4228,4.1358],[22.8656,4.7243],[23.4164,4.6635],[24.32,4.9934],[25.0653,4.9673],[25.5261,5.3128],[26.8221,5.0628],[27.1137,5.1982],[27.4017,5.1097],[28.1937,4.3511],[28.4277,4.325],[28.7265,4.5056],[29.2233,4.3927],[29.4681,4.6115],[29.6769,4.5871],[30.1953,3.9813],[30.8937,3.464],[30.7281,2.4553],[31.2753,2.1463],[30.9441,1.6828],[29.9433,0.82],[29.9361,0.4989],[29.7165,0.0978],[29.5761,-1.3882],[29.1981,-1.7198],[29.1333,-2.1954],[28.8561,-2.4471],[29.2233,-3.053],[29.2125,-3.8342],[29.4033,-4.4487],[29.3241,-4.8984],[29.6085,-5.723],[29.4789,-6.025],[29.5401,-6.3132],[29.7093,-6.617],[30.2133,-7.0371],[30.7497,-8.1933]]]}},{"type":"Feature","properties":{"iso":"208","name":"덴마크","en":"Denmark"},"geometry":{"type":"MultiPolygon","coordinates":[[[[9.7399,54.8254],[8.6707,54.9035],[8.5735,55.1344],[8.6707,55.1552],[8.6167,55.4191],[8.1307,55.5996],[8.2027,55.9815],[8.1199,56.1395],[8.1631,56.6065],[8.6707,56.4954],[8.8867,56.735],[9.0667,56.794],[9.1963,56.702],[9.2539,57.011],[9.1099,57.044],[8.9911,57.0162],[8.7715,56.7245],[8.4691,56.6638],[8.2675,56.8148],[8.6203,57.1117],[9.4339,57.1742],[9.9631,57.5804],[10.6111,57.7366],[10.4599,57.6151],[10.5247,57.2436],[10.2943,56.9988],[10.2835,56.6204],[10.9279,56.4433],[10.7551,56.2419],[10.3735,56.2523],[10.1827,55.8652],[9.9055,55.8427],[10.0243,55.7611],[9.5923,55.4937],[9.6715,55.2663],[9.4555,55.0389],[9.6895,55.0007],[9.7399,54.8254]]],[[[12.5695,55.7854],[12.5443,55.6552],[12.3211,55.5875],[12.2167,55.4659],[12.3859,55.3861],[12.4147,55.2854],[12.0907,55.1882],[12.0511,54.8149],[11.8639,54.7733],[11.7415,54.9156],[11.6551,55.1864],[11.2879,55.2038],[11.1691,55.3288],[11.1907,55.4659],[11.1223,55.6013],[11.0071,55.6447],[10.9783,55.7211],[11.3239,55.7524],[11.4751,55.9433],[11.6263,55.9572],[11.6947,55.9086],[11.6911,55.7298],[11.8207,55.6968],[11.9359,55.8965],[11.8675,55.9676],[12.2203,56.1187],[12.5803,56.0649],[12.6091,56.0336],[12.5263,55.919],[12.5695,55.7854]]],[[[10.6435,55.61],[10.8199,55.3218],[10.7839,55.2698],[10.8091,55.2038],[10.7839,55.1326],[10.6255,55.0528],[10.4419,55.0493],[9.9883,55.1639],[9.8587,55.3566],[9.8623,55.5163],[10.2871,55.61],[10.5067,55.5579],[10.6435,55.61]]],[[[11.3599,54.8913],[11.5399,54.8288],[11.6587,54.8323],[11.7379,54.808],[11.7667,54.6795],[11.4571,54.6292],[11.0359,54.7733],[11.0575,54.9399],[11.2591,54.9521],[11.3599,54.8913]]],[[[15.086,55.0215],[15.05,55.0042],[14.8843,55.0337],[14.6827,55.1031],[14.7151,55.2385],[14.7655,55.2975],[15.1328,55.1448],[15.1364,55.0875],[15.086,55.0215]]],[[[12.5479,54.966],[12.5119,54.9503],[12.3571,54.9625],[12.1843,54.8931],[12.1195,54.9139],[12.1627,54.9746],[12.2599,55.0215],[12.2743,55.0649],[12.3103,55.0406],[12.4687,55.018],[12.5479,54.966]]],[[[10.7335,54.7507],[10.6903,54.7455],[10.6219,54.8514],[10.6939,54.9035],[10.7371,54.9625],[10.8559,55.0528],[10.9243,55.1587],[10.9495,55.1569],[10.9207,55.0614],[10.7335,54.7507]]],[[[10.4851,54.8479],[10.4167,54.8375],[10.3411,54.8583],[10.2151,54.9417],[10.2007,54.9625],[10.2655,54.9486],[10.3483,54.9052],[10.4131,54.8965],[10.5031,54.8601],[10.4851,54.8479]]],[[[11.0539,57.2523],[11.0107,57.2297],[10.8739,57.2627],[10.9351,57.3078],[11.0863,57.3304],[11.1727,57.3235],[11.0755,57.2766],[11.0539,57.2523]]],[[[10.0603,54.8861],[9.9559,54.8722],[9.9055,54.8965],[9.8047,54.9052],[9.7723,55.0597],[9.7795,55.0684],[9.8299,55.058],[9.9991,54.9868],[10.0567,54.9087],[10.0603,54.8861]]],[[[10.6075,55.7836],[10.5895,55.7645],[10.5283,55.7836],[10.5211,55.8479],[10.5427,55.9069],[10.5175,55.959],[10.5463,55.9919],[10.6363,55.9138],[10.6615,55.8774],[10.6291,55.834],[10.6075,55.7836]]],[[[12.6667,55.5961],[12.5731,55.5545],[12.5515,55.5562],[12.5191,55.6152],[12.5695,55.65],[12.5983,55.6795],[12.6199,55.6795],[12.6487,55.6465],[12.6667,55.5961]]]]}},{"type":"Feature","properties":{"iso":"262","name":"지부티","en":"Djibouti"},"geometry":{"type":"Polygon","coordinates":[[[43.2454,11.4999],[42.9214,10.9999],[42.5578,11.0815],[41.9566,10.9409],[41.7982,10.9808],[41.791,11.6857],[42.4498,12.5207],[42.7054,12.3801],[42.8674,12.6231],[43.1158,12.7082],[43.3534,12.3662],[43.411,12.1891],[43.3786,12.0919],[43.0474,11.8298],[42.799,11.7395],[42.6406,11.5607],[42.5218,11.5728],[42.583,11.4964],[43.0438,11.5885],[43.2454,11.4999]]]}},{"type":"Feature","properties":{"iso":"212","name":"도미니카 연방","en":"Dominica"},"geometry":{"type":"Polygon","coordinates":[[[-61.2816,15.2497],[-61.3752,15.2271],[-61.4148,15.4007],[-61.4796,15.5257],[-61.458,15.6333],[-61.3212,15.5847],[-61.278,15.5274],[-61.2528,15.3729],[-61.2816,15.2497]]]}},{"type":"Feature","properties":{"iso":"214","name":"도미니카 공화국","en":"Dominican Rep."},"geometry":{"type":"Polygon","coordinates":[[[-71.7685,18.0394],[-71.7613,18.3415],[-71.9989,18.5984],[-71.7433,18.7321],[-71.8081,18.9873],[-71.6461,19.1956],[-71.7469,19.2859],[-71.7793,19.7182],[-71.5561,19.8952],[-70.9549,19.9143],[-70.1953,19.6383],[-69.9577,19.6713],[-69.7381,19.2998],[-69.2341,19.272],[-69.6049,19.206],[-69.6229,19.1175],[-68.6833,18.904],[-68.3377,18.6123],[-68.6869,18.2148],[-68.9353,18.4075],[-69.2737,18.4405],[-69.7705,18.4439],[-70.4797,18.2165],[-70.6453,18.3363],[-71.0269,18.2738],[-71.4373,17.635],[-71.7685,18.0394]]]}},{"type":"Feature","properties":{"iso":"218","name":"에콰도르","en":"Ecuador"},"geometry":{"type":"MultiPolygon","coordinates":[[[[-75.2858,-0.107],[-75.6278,-0.1226],[-75.2606,-0.5896],[-75.2498,-0.9524],[-75.4082,-0.9247],[-75.5702,-1.5305],[-76.0886,-2.1329],[-76.679,-2.5635],[-77.8598,-2.9818],[-78.1838,-3.3499],[-78.1586,-3.4644],[-78.3458,-3.3967],[-78.6878,-4.5616],[-79.0334,-4.9696],[-79.3322,-4.9279],[-79.6382,-4.4557],[-80.1386,-4.296],[-80.477,-4.4297],[-80.3546,-4.2092],[-80.4878,-4.1658],[-80.4914,-4.0095],[-80.1782,-3.8776],[-80.3258,-3.3881],[-79.9622,-3.1572],[-79.7282,-2.5791],[-79.8434,-2.067],[-79.9262,-2.5478],[-80.0306,-2.5565],[-80.0054,-2.3534],[-80.2862,-2.7075],[-80.9306,-2.2683],[-80.7614,-1.935],[-80.9018,-1.0792],[-80.5526,-0.8483],[-80.4554,-0.5861],[-80.2826,-0.6209],[-80.4806,-0.3674],[-80.045,0.1551],[-80.0342,0.8339],[-78.9002,1.2054],[-78.8606,1.4554],[-78.1802,0.9693],[-77.7014,0.8374],[-77.3954,0.3947],[-76.4954,0.235],[-76.2722,0.4398],[-75.2858,-0.107]]],[[[-91.2735,0.0249],[-91.2087,-0.0393],[-91.1763,-0.2233],[-90.9747,-0.4177],[-90.9603,-0.5948],[-90.7983,-0.7528],[-90.9063,-0.9403],[-91.1295,-1.0201],[-91.3707,-1.0167],[-91.4823,-0.9247],[-91.4967,-0.8604],[-91.3347,-0.7059],[-91.1439,-0.6226],[-91.1223,-0.5584],[-91.1979,-0.4976],[-91.2483,-0.3743],[-91.3707,-0.2875],[-91.4283,-0.0237],[-91.5507,-0.0462],[-91.5975,0.0024],[-91.4895,0.1048],[-91.3599,0.1256],[-91.2735,0.0249]]],[[[-80.1314,-2.9731],[-80.1494,-3.0113],[-80.2466,-3.0079],[-80.2718,-2.9957],[-80.2502,-2.8117],[-80.225,-2.7527],[-80.1458,-2.6971],[-80.081,-2.6693],[-79.9982,-2.6746],[-79.9082,-2.7249],[-80.0126,-2.8204],[-80.0918,-2.8464],[-80.1314,-2.9731]]],[[[-90.3339,-0.7719],[-90.3879,-0.7736],[-90.5427,-0.6764],[-90.5319,-0.5809],[-90.4707,-0.5167],[-90.2691,-0.4855],[-90.1863,-0.5445],[-90.1935,-0.6591],[-90.2619,-0.7424],[-90.3339,-0.7719]]],[[[-89.4195,-0.9108],[-89.5383,-0.9524],[-89.6031,-0.9142],[-89.6103,-0.8882],[-89.5419,-0.8274],[-89.4807,-0.7927],[-89.4231,-0.7216],[-89.3187,-0.6799],[-89.2863,-0.6903],[-89.2683,-0.7042],[-89.2611,-0.7285],[-89.2935,-0.7858],[-89.3583,-0.8257],[-89.4195,-0.9108]]],[[[-90.5751,-0.3344],[-90.6219,-0.3639],[-90.8091,-0.3292],[-90.8667,-0.2719],[-90.8199,-0.1921],[-90.7803,-0.1608],[-90.6687,-0.1903],[-90.5535,-0.2789],[-90.5751,-0.3344]]],[[[-91.4247,-0.4611],[-91.5255,-0.4785],[-91.6119,-0.4438],[-91.6479,-0.39],[-91.6551,-0.3101],[-91.6479,-0.2841],[-91.4607,-0.2563],[-91.3995,-0.3223],[-91.3995,-0.4212],[-91.4247,-0.4611]]],[[[-90.4239,-1.3396],[-90.4635,-1.3413],[-90.5211,-1.2996],[-90.4779,-1.2215],[-90.4311,-1.2406],[-90.3987,-1.2614],[-90.3807,-1.2927],[-90.4239,-1.3396]]],[[[-78.911,1.2523],[-78.965,1.2453],[-78.9902,1.2939],[-78.9218,1.3495],[-78.9002,1.3599],[-78.911,1.2523]]]]}},{"type":"Feature","properties":{"iso":"818","name":"이집트","en":"Egypt"},"geometry":{"type":"Polygon","coordinates":[[[36.8698,21.9975],[31.4337,21.9958],[31.4013,22.2024],[31.2105,21.9941],[24.9788,21.9958],[24.9788,29.1811],[24.7016,30.2019],[24.9752,30.7765],[24.8528,31.3355],[25.1517,31.6549],[25.3821,31.5126],[25.8933,31.6202],[27.2469,31.3772],[29.0721,30.8303],[30.2241,31.2591],[30.3969,31.457],[30.9225,31.5664],[30.5625,31.4171],[31.0017,31.4622],[31.0845,31.6028],[31.5237,31.4587],[31.8873,31.5421],[32.1357,31.3407],[31.8909,31.483],[31.7721,31.2921],[32.1033,31.0924],[32.2833,31.2001],[32.2149,31.2938],[32.6037,31.0681],[33.6657,31.1306],[34.1985,31.3233],[34.9041,29.478],[34.7349,29.2714],[34.4001,28.0163],[34.2201,27.7645],[33.2481,28.5683],[32.5641,29.9745],[32.3589,29.6307],[32.8989,28.5648],[33.5469,27.8982],[33.5505,27.6066],[33.8493,27.1847],[33.9573,26.6483],[35.1958,24.4748],[35.7826,23.9384],[35.5414,23.921],[35.5054,23.7787],[35.6962,22.9454],[36.229,22.6294],[36.8698,21.9975]]]}},{"type":"Feature","properties":{"iso":"222","name":"엘살바도르","en":"El Salvador"},"geometry":{"type":"Polygon","coordinates":[[[-89.3619,14.4164],[-89.0559,14.3296],[-88.7067,14.0327],[-88.5123,13.9789],[-88.4835,13.8539],[-88.1523,13.9876],[-87.9903,13.88],[-87.7311,13.8418],[-87.7815,13.5206],[-87.7311,13.4824],[-87.8391,13.3852],[-87.8211,13.2845],[-87.9291,13.1804],[-88.1811,13.1647],[-88.6851,13.2811],[-88.5123,13.1838],[-89.2791,13.4772],[-89.8047,13.5606],[-90.0963,13.7359],[-90.0495,13.9043],[-89.5455,14.2411],[-89.5743,14.3904],[-89.3619,14.4164]]]}},{"type":"Feature","properties":{"iso":"226","name":"적도 기니","en":"Eq. Guinea"},"geometry":{"type":"MultiPolygon","coordinates":[[[[11.3275,2.1672],[11.3347,1.0006],[10.0279,1.004],[9.9055,0.9606],[9.7615,1.0752],[9.5923,1.0318],[9.3871,1.1394],[9.4951,1.4346],[9.6319,1.5648],[9.8083,1.9276],[9.8011,2.3043],[9.9811,2.1672],[11.3275,2.1672]]],[[[8.7355,3.7591],[8.9083,3.7573],[8.9515,3.7053],[8.9479,3.6271],[8.7931,3.3997],[8.7643,3.3042],[8.7031,3.2244],[8.6527,3.2174],[8.4763,3.2643],[8.4439,3.2938],[8.4331,3.332],[8.4655,3.4501],[8.5771,3.483],[8.6743,3.7365],[8.7355,3.7591]]]]}},{"type":"Feature","properties":{"iso":"232","name":"에리트레아","en":"Eritrea"},"geometry":{"type":"MultiPolygon","coordinates":[[[[36.5242,14.2567],[36.427,15.1316],[36.913,16.2965],[37.0102,17.0586],[37.4098,17.0621],[37.5466,17.3242],[38.2198,17.5638],[38.6086,18.0047],[39.0334,17.0864],[39.2998,15.9215],[39.7858,15.1247],[39.865,15.4702],[40.2034,15.0136],[41.1754,14.6195],[41.6578,13.9824],[42.2446,13.5883],[42.3994,13.2133],[42.5218,13.222],[42.7954,12.8644],[42.9682,12.8089],[43.0006,12.8991],[43.1158,12.7082],[42.8674,12.6231],[42.7054,12.3801],[42.3778,12.4669],[40.819,14.1109],[40.1422,14.4563],[39.199,14.4789],[39.0226,14.6282],[38.4322,14.4286],[37.885,14.8521],[37.5718,14.1491],[37.2586,14.4546],[37.0246,14.2723],[36.5242,14.2567]]],[[[40.1422,15.6958],[40.1818,15.6438],[40.2358,15.6663],[40.2502,15.7028],[40.4086,15.6299],[40.3978,15.5795],[40.3042,15.5778],[40.1962,15.5986],[40.0954,15.5917],[39.9766,15.6125],[39.9478,15.6958],[40.0234,15.6559],[40.0702,15.6767],[40.0162,15.734],[39.9406,15.7444],[39.9442,15.7896],[40.0018,15.8278],[39.955,15.8903],[40.0414,15.8746],[40.0954,15.8382],[40.1314,15.7948],[40.1422,15.6958]]],[[[40.0774,16.083],[40.1098,15.9857],[40.0126,16.0222],[39.9946,16.043],[40.0378,16.0812],[40.0486,16.1038],[40.0774,16.083]]]]}},{"type":"Feature","properties":{"iso":"233","name":"에스토니아","en":"Estonia"},"geometry":{"type":"MultiPolygon","coordinates":[[[[27.3513,57.5283],[26.4621,57.5439],[25.9905,57.8373],[25.2813,58.0491],[24.3236,57.8703],[24.5288,58.3546],[24.1148,58.2661],[23.7692,58.3616],[23.51,58.6584],[23.6792,58.7869],[23.5028,58.7904],[23.4308,58.9206],[23.4956,59.1949],[24.0824,59.2921],[24.0536,59.3719],[24.3812,59.4726],[25.4433,59.5212],[25.5081,59.6393],[26.9733,59.4501],[28.0137,59.4848],[28.1505,59.3737],[27.8985,59.2782],[27.4341,58.7869],[27.5025,58.221],[27.7797,57.8703],[27.5421,57.7991],[27.3513,57.5283]]],[[[22.6172,58.622],[22.9628,58.6064],[23.3228,58.4501],[23.1284,58.4362],[22.7288,58.2314],[22.3724,58.2175],[22.268,58.1602],[22.1528,57.9675],[21.998,57.9311],[21.9872,57.9953],[22.1888,58.155],[21.8828,58.2626],[21.854,58.3008],[21.9836,58.3859],[21.8612,58.497],[22.268,58.5074],[22.3292,58.5803],[22.6172,58.622]]],[[[22.9232,58.8268],[22.8404,58.7782],[22.7684,58.8216],[22.6604,58.7088],[22.5416,58.6897],[22.4732,58.7123],[22.4804,58.7539],[22.412,58.8633],[22.1636,58.898],[22.0556,58.9432],[22.4624,58.9744],[22.5884,59.082],[22.6496,59.0872],[22.7036,59.0751],[22.7252,59.0143],[22.9088,58.9918],[22.9808,58.9206],[23.0096,58.8338],[22.9232,58.8268]]],[[[23.3444,58.5508],[23.2616,58.5404],[23.0636,58.6116],[23.1104,58.6584],[23.1644,58.6775],[23.3336,58.648],[23.3552,58.5751],[23.3444,58.5508]]]]}},{"type":"Feature","properties":{"iso":"748","name":"에스와티니","en":"eSwatini"},"geometry":{"type":"Polygon","coordinates":[[[31.9485,-25.9578],[32.0601,-26.0186],[32.0421,-26.2807],[32.1069,-26.5203],[32.1141,-26.8397],[31.9953,-26.8172],[31.9593,-27.3067],[31.4697,-27.2963],[31.0629,-27.1123],[30.8829,-26.7929],[30.7929,-26.7651],[30.7857,-26.614],[30.8037,-26.4127],[31.0881,-25.9804],[31.2069,-25.8433],[31.3833,-25.7426],[31.8729,-25.9821],[31.9485,-25.9578]]]}},{"type":"Feature","properties":{"iso":"231","name":"에티오피아","en":"Ethiopia"},"geometry":{"type":"Polygon","coordinates":[[[35.2678,5.4916],[34.9833,5.8579],[34.7097,6.6599],[33.9033,7.5088],[33.0825,7.8231],[33.0141,7.9515],[33.2805,8.4376],[33.9537,8.4428],[34.0941,8.5817],[34.0797,9.5139],[34.3101,10.191],[34.2741,10.5278],[34.5729,10.8802],[34.7709,10.7465],[34.9329,10.8645],[35.113,11.8159],[35.671,12.6231],[36.1246,12.7568],[36.5242,14.2567],[37.0246,14.2723],[37.2586,14.4546],[37.5718,14.1491],[37.885,14.8521],[38.4322,14.4286],[39.073,14.6282],[39.199,14.4789],[40.1422,14.4563],[40.819,14.1109],[42.3778,12.4669],[41.791,11.6857],[41.7982,10.9808],[42.5578,11.0815],[42.9214,10.9999],[42.655,10.6007],[42.8422,10.2031],[43.483,9.3803],[43.9834,9.0087],[46.9787,7.9967],[47.9795,7.9967],[44.941,4.9118],[43.9906,4.95],[43.537,4.8406],[43.015,4.5628],[42.8566,4.325],[42.025,4.1375],[41.8846,3.9778],[41.1394,3.9622],[40.765,4.2729],[39.8434,3.8511],[39.4942,3.4553],[38.0866,3.648],[36.9058,4.4118],[36.0238,4.4674],[35.7646,4.8076],[35.7466,5.344],[35.3254,5.3649],[35.2678,5.4916]]]}},{"type":"Feature","properties":{"iso":"234","name":"페로 제도","en":"Faeroe Is."},"geometry":{"type":"MultiPolygon","coordinates":[[[[-6.6295,62.2277],[-6.6547,62.094],[-6.6979,62.094],[-6.7699,62.1322],[-6.8239,62.1391],[-6.8419,62.12],[-6.8383,62.0957],[-6.7231,61.9898],[-6.7267,61.9516],[-6.8095,61.9777],[-7.0147,62.094],[-7.1731,62.285],[-6.9571,62.3162],[-6.6295,62.2277]]],[[[-7.1875,62.1391],[-7.0975,62.1009],[-7.0651,62.0732],[-7.1155,62.0471],[-7.2559,62.0454],[-7.3783,62.0749],[-7.4215,62.1409],[-7.2343,62.1513],[-7.1875,62.1391]]],[[[-6.6223,61.8058],[-6.6439,61.7676],[-6.6691,61.7694],[-6.7627,61.8145],[-6.8383,61.8405],[-6.8635,61.8631],[-6.8851,61.8996],[-6.7915,61.8961],[-6.6619,61.8614],[-6.6259,61.8267],[-6.6223,61.8058]]],[[[-6.6979,61.4447],[-6.6799,61.4135],[-6.7015,61.417],[-6.7699,61.4517],[-6.8887,61.535],[-6.9283,61.6027],[-6.9355,61.634],[-6.9067,61.6305],[-6.8815,61.6027],[-6.7699,61.5836],[-6.7411,61.5697],[-6.7411,61.5367],[-6.7051,61.4968],[-6.6979,61.4447]]],[[[-6.4063,62.2589],[-6.4531,62.186],[-6.5431,62.2051],[-6.5611,62.2242],[-6.5503,62.278],[-6.5539,62.3561],[-6.4747,62.2919],[-6.4063,62.2589]]]]}},{"type":"Feature","properties":{"iso":"238","name":"포클랜드 제도","en":"Falkland Is."},"geometry":{"type":"MultiPolygon","coordinates":[[[[-58.8516,-51.2705],[-58.6968,-51.3278],[-58.4268,-51.3243],[-58.38,-51.3729],[-58.5204,-51.4233],[-58.5096,-51.484],[-58.272,-51.5743],[-58.2576,-51.4163],[-57.9768,-51.3851],[-57.8076,-51.5187],[-57.9588,-51.583],[-57.7932,-51.6368],[-57.84,-51.7097],[-58.6824,-51.9354],[-58.6536,-52.0986],[-59.1972,-52.017],[-59.0676,-52.1732],[-59.3412,-52.1958],[-59.3952,-52.3086],[-59.532,-52.2357],[-59.6472,-52.135],[-59.5356,-51.9701],[-59.5716,-51.925],[-59.262,-51.7375],[-59.0604,-51.6854],[-59.0964,-51.491],[-58.8876,-51.3573],[-58.9164,-51.2722],[-58.8516,-51.2705]]],[[[-60.288,-51.4615],[-60.1404,-51.4806],[-59.9172,-51.3885],[-59.7876,-51.4458],[-59.4636,-51.4111],[-59.388,-51.3608],[-59.2692,-51.4267],[-59.9208,-51.9701],[-60.2448,-51.9857],[-60.3852,-52.1541],[-60.6876,-52.1888],[-60.9612,-52.0569],[-60.7632,-51.9458],[-60.5904,-51.951],[-60.2376,-51.7722],[-60.2772,-51.7167],[-60.5004,-51.7566],[-60.5832,-51.7132],[-60.2448,-51.6385],[-60.5076,-51.4858],[-60.5688,-51.3573],[-60.288,-51.4615]]],[[[-61.0188,-51.7861],[-60.9468,-51.8],[-60.8748,-51.7948],[-60.9144,-51.8972],[-60.9468,-51.9458],[-61.0332,-51.9423],[-61.116,-51.8746],[-61.1448,-51.8399],[-61.0512,-51.8139],[-61.0188,-51.7861]]],[[[-60.1116,-51.3955],[-60.2484,-51.3955],[-60.2772,-51.3625],[-60.2736,-51.2809],[-60.1728,-51.274],[-60.0684,-51.3087],[-60.0756,-51.3434],[-60.1116,-51.3955]]],[[[-59.6832,-52.2322],[-59.748,-52.2513],[-59.766,-52.2427],[-59.784,-52.2045],[-59.7876,-52.1559],[-59.7948,-52.135],[-59.7516,-52.142],[-59.6796,-52.1802],[-59.6832,-52.2322]]],[[[-58.4376,-52.0118],[-58.434,-52.0986],[-58.5132,-52.0708],[-58.542,-52.0291],[-58.4988,-51.9996],[-58.4592,-52.0014],[-58.4376,-52.0118]]]]}},{"type":"Feature","properties":{"iso":"242","name":"피지","en":"Fiji"},"geometry":{"type":"MultiPolygon","coordinates":[[[[180,-16.1685],[179.6184,-16.5279],[179.5644,-16.6372],[179.568,-16.7466],[179.8416,-16.5383],[179.9316,-16.5192],[179.8884,-16.6667],[179.928,-16.7449],[179.4204,-16.8074],[179.3232,-16.7188],[179.2008,-16.7119],[179.0064,-16.8994],[178.884,-16.8855],[178.7076,-16.9758],[178.6032,-16.8004],[178.4988,-16.7883],[178.5852,-16.6216],[178.686,-16.665],[178.8048,-16.632],[178.9596,-16.4827],[179.3592,-16.3803],[179.55,-16.2501],[180,-16.1685]]],[[[178.2792,-17.3716],[178.2792,-17.4167],[178.5924,-17.6511],[178.5744,-17.75],[178.668,-18.0816],[178.3332,-18.1354],[178.1604,-18.25],[177.9552,-18.2639],[177.3216,-18.0781],[177.264,-17.8628],[177.4116,-17.7535],[177.4008,-17.632],[177.5052,-17.54],[177.8184,-17.3889],[177.9408,-17.3959],[178.1892,-17.3125],[178.2792,-17.3716]]],[[[178.488,-18.9739],[178.488,-19.0173],[178.3584,-19.0451],[178.2864,-19.0034],[178.1604,-19.1215],[178.02,-19.151],[177.9588,-19.1215],[178.0524,-19.0607],[178.1028,-19.0659],[178.2072,-18.9704],[178.3332,-18.934],[178.488,-18.9739]]],[[[-180,-16.7848],[-179.892,-16.6997],[-179.8596,-16.6876],[-179.8236,-16.7657],[-179.8668,-16.8508],[-179.9748,-16.9254],[-180,-16.9636],[-180,-16.7848]]],[[[180,-16.9636],[179.9244,-17.0001],[179.8956,-16.9636],[179.9316,-16.8768],[180,-16.7865],[180,-16.9636]]],[[[179.3484,-18.1024],[179.3412,-18.1111],[179.2548,-18.0312],[179.2548,-17.9983],[179.2728,-17.9705],[179.3052,-17.9444],[179.3376,-17.9896],[179.3628,-18.066],[179.3484,-18.1024]]],[[[-178.956,-17.2726],[-178.9812,-17.3073],[-179.0028,-17.2952],[-178.974,-17.2379],[-178.9704,-17.2118],[-179.0136,-17.1823],[-179.0172,-17.1615],[-179.0064,-17.1476],[-178.92,-17.2084],[-178.9164,-17.2223],[-178.9236,-17.2483],[-178.956,-17.2726]]],[[[179.424,-17.3664],[179.388,-17.3941],[179.3736,-17.257],[179.406,-17.257],[179.4312,-17.2709],[179.4456,-17.3056],[179.424,-17.3664]]],[[[178.8264,-17.7292],[178.776,-17.7465],[178.7472,-17.6858],[178.7868,-17.625],[178.83,-17.6181],[178.8516,-17.6806],[178.8264,-17.7292]]],[[[177.12,-12.5055],[177.084,-12.516],[177.0192,-12.5073],[177.0048,-12.4917],[177.066,-12.4778],[177.1164,-12.483],[177.1272,-12.4934],[177.12,-12.5055]]],[[[177.2352,-17.1476],[177.1812,-17.1632],[177.21,-17.0851],[177.2388,-17.0591],[177.2892,-17.0487],[177.2748,-17.1042],[177.2352,-17.1476]]],[[[-178.2504,-17.9531],[-178.308,-17.9635],[-178.3584,-17.9201],[-178.326,-17.875],[-178.2792,-17.8872],[-178.254,-17.9306],[-178.2504,-17.9531]]],[[[-178.9884,-17.9774],[-179.0172,-17.9913],[-179.0388,-17.9878],[-179.064,-17.9722],[-179.0784,-17.9444],[-179.046,-17.9201],[-178.9992,-17.9479],[-178.9884,-17.9774]]],[[[-178.7616,-18.2344],[-178.7724,-18.2517],[-178.8264,-18.2222],[-178.848,-18.2014],[-178.7904,-18.1857],[-178.7616,-18.191],[-178.7616,-18.2344]]],[[[-179.7984,-18.9409],[-179.7984,-18.9704],[-179.8128,-18.9687],[-179.8308,-18.9548],[-179.8452,-18.9704],[-179.8524,-19.0034],[-179.8668,-18.9982],[-179.8668,-18.9791],[-179.856,-18.9426],[-179.8308,-18.9235],[-179.7984,-18.9409]]],[[[-178.5348,-19.1666],[-178.5456,-19.1753],[-178.5744,-19.1649],[-178.596,-19.151],[-178.5996,-19.1371],[-178.5888,-19.1197],[-178.5672,-19.1093],[-178.5564,-19.1128],[-178.5744,-19.1249],[-178.5744,-19.144],[-178.5564,-19.1544],[-178.542,-19.1562],[-178.5348,-19.1666]]],[[[-180,-16.1529],[-179.9676,-16.1268],[-179.946,-16.1268],[-179.9568,-16.1494],[-180,-16.1685],[-180,-16.1529]]],[[[174.6287,-21.6942],[174.6215,-21.7064],[174.5927,-21.7029],[174.5855,-21.6803],[174.6035,-21.6682],[174.6287,-21.6751],[174.6287,-21.6942]]],[[[-178.7112,-20.6682],[-178.7112,-20.67],[-178.7148,-20.67],[-178.722,-20.6665],[-178.7292,-20.6596],[-178.7292,-20.6457],[-178.7256,-20.6457],[-178.7184,-20.6526],[-178.7112,-20.6682]]]]}},{"type":"Feature","properties":{"iso":"246","name":"핀란드","en":"Finland"},"geometry":{"type":"MultiPolygon","coordinates":[[[[24.1544,65.8056],[23.7008,66.2535],[23.7008,66.4809],[23.9888,66.8107],[23.6432,67.1301],[23.7332,67.4235],[23.456,67.46],[23.5028,67.8749],[23.6396,67.9547],[22.8548,68.3679],[21.998,68.5207],[20.6228,69.0363],[21.0656,69.0415],[21.0656,69.2133],[21.5948,69.2741],[22.412,68.7203],[23.3228,68.6491],[23.996,68.7984],[24.9428,68.5936],[25.7493,68.9894],[25.7673,69.2828],[26.0121,69.6526],[26.5269,69.9147],[27.8913,70.0623],[29.1405,69.6717],[29.3349,69.4737],[28.8453,69.1769],[28.9641,69.0224],[28.4133,68.9043],[28.7733,68.8401],[28.4709,68.4877],[28.6869,68.1891],[29.3421,68.0624],[29.9865,67.6683],[29.0649,66.8923],[30.0873,65.7865],[30.0945,65.6823],[29.7165,65.625],[29.8209,65.5695],[29.6085,65.2483],[29.8281,65.1459],[29.6049,64.9688],[30.1089,64.7327],[29.9865,64.5244],[30.4869,64.2362],[30.5265,64.0765],[29.9901,63.7345],[31.1817,63.2085],[31.5345,62.8856],[30.9369,62.3232],[27.7977,60.5368],[26.5341,60.4135],[26.5701,60.6253],[26.3793,60.424],[25.9545,60.4743],[26.0373,60.3424],[25.7565,60.2677],[25.6557,60.3337],[24.446,60.0212],[23.4632,59.9865],[22.9628,59.8268],[23.1968,60.0212],[22.8656,60.2156],[22.7936,60.0768],[22.4624,60.0299],[22.5848,60.3806],[21.4364,60.5958],[21.3608,60.9673],[21.566,61.4847],[21.4976,61.5524],[21.6056,61.5923],[21.2564,61.9898],[21.3428,62.278],[21.1052,62.6235],[21.4724,63.0332],[21.6524,63.0401],[21.5444,63.205],[22.3184,63.3109],[22.2428,63.4377],[22.5308,63.6477],[23.6,64.0401],[24.5576,64.8004],[25.2885,64.8612],[25.3461,65.4792],[24.6764,65.6702],[24.6296,65.8594],[24.1544,65.8056]]],[[[24.8492,64.9914],[24.698,64.9584],[24.5792,64.9792],[24.5756,65.0435],[24.6512,65.0747],[24.7844,65.0869],[24.9716,65.0556],[24.9968,65.0383],[24.8924,65.0261],[24.8492,64.9914]]],[[[21.2168,63.2415],[21.2276,63.2224],[21.2888,63.2276],[21.3644,63.2623],[21.422,63.2467],[21.4148,63.1981],[21.368,63.2068],[21.3176,63.179],[21.3104,63.1634],[21.2528,63.1512],[21.1484,63.1998],[21.0836,63.278],[21.2348,63.278],[21.2168,63.2415]]],[[[22.1744,60.3701],[22.3004,60.3476],[22.3544,60.3563],[22.4156,60.3042],[22.3112,60.2695],[22.304,60.2278],[22.3472,60.2035],[22.3616,60.1653],[22.2572,60.1653],[22.2104,60.1965],[22.1888,60.2365],[22.0772,60.2868],[22.1096,60.3146],[22.1276,60.3563],[22.1744,60.3701]]],[[[21.4508,60.5299],[21.4364,60.483],[21.368,60.4882],[21.2996,60.4795],[21.2456,60.5264],[21.2132,60.6045],[21.224,60.6201],[21.2672,60.6375],[21.2996,60.5958],[21.4508,60.5299]]],[[[21.9944,60.3372],[21.9224,60.332],[21.818,60.3823],[21.8072,60.4014],[21.8468,60.4118],[21.818,60.4517],[21.8288,60.4691],[21.908,60.4379],[21.9512,60.4014],[21.908,60.3927],[21.98,60.3545],[21.9944,60.3372]]],[[[21.8324,60.141],[21.7316,60.1063],[21.6956,60.115],[21.7064,60.1722],[21.764,60.1983],[21.8648,60.2018],[21.8324,60.141]]],[[[21.6272,60.108],[21.5408,60.0976],[21.4868,60.1271],[21.5084,60.1479],[21.5696,60.1722],[21.6344,60.1688],[21.6488,60.141],[21.6272,60.108]]]]}},{"type":"Feature","properties":{"iso":"258","name":"프랑스령 폴리네시아","en":"Fr. Polynesia"},"geometry":{"type":"MultiPolygon","coordinates":[[[[-149.3205,-17.6892],[-149.1765,-17.7361],[-149.1513,-17.8125],[-149.1801,-17.8628],[-149.2557,-17.8507],[-149.2917,-17.8229],[-149.3421,-17.7326],[-149.4825,-17.7535],[-149.5797,-17.7344],[-149.6337,-17.6181],[-149.6337,-17.5643],[-149.6121,-17.5313],[-149.5077,-17.4966],[-149.3781,-17.5226],[-149.3313,-17.5886],[-149.3205,-17.6892]]],[[[-139.0244,-9.695],[-138.8732,-9.747],[-138.8264,-9.7418],[-138.8732,-9.7922],[-139.0244,-9.8199],[-139.0748,-9.846],[-139.1324,-9.8286],[-139.1648,-9.7696],[-139.0244,-9.695]]],[[[-145.4865,-16.33],[-145.4829,-16.3473],[-145.5045,-16.3456],[-145.5405,-16.2952],[-145.5765,-16.2015],[-145.6089,-16.165],[-145.6125,-16.08],[-145.4865,-16.33]]],[[[-140.81,-17.8559],[-140.8028,-17.875],[-140.8424,-17.8733],[-140.8532,-17.8663],[-140.8496,-17.8316],[-140.8028,-17.7517],[-140.7632,-17.717],[-140.648,-17.6702],[-140.6372,-17.6788],[-140.7776,-17.7535],[-140.8316,-17.8385],[-140.828,-17.849],[-140.81,-17.8559]]],[[[-140.072,-8.9103],[-140.1692,-8.9346],[-140.216,-8.9294],[-140.252,-8.8478],[-140.2412,-8.7974],[-140.2232,-8.7818],[-140.0576,-8.8009],[-140.0432,-8.8391],[-140.0468,-8.8738],[-140.072,-8.9103]]],[[[-136.2956,-18.5451],[-136.3136,-18.5659],[-136.3172,-18.5451],[-136.436,-18.4895],[-136.4648,-18.4843],[-136.4792,-18.4704],[-136.4576,-18.4635],[-136.4252,-18.4739],[-136.328,-18.5191],[-136.2956,-18.5451]]],[[[-143.4416,-16.6199],[-143.3876,-16.6685],[-143.4596,-16.6355],[-143.5496,-16.6216],[-143.5172,-16.6129],[-143.4632,-16.6129],[-143.4416,-16.6199]]],[[[-140.8316,-18.1892],[-140.8244,-18.217],[-140.8604,-18.1979],[-140.8964,-18.1476],[-140.9576,-18.0851],[-140.972,-18.059],[-140.9252,-18.0833],[-140.8316,-18.1892]]],[[[-145.0509,-15.856],[-145.0581,-15.9012],[-145.0761,-15.8578],[-145.1625,-15.7571],[-145.1337,-15.7623],[-145.0509,-15.856]]],[[[-151.4085,-16.8785],[-151.4481,-16.8785],[-151.4841,-16.8629],[-151.4769,-16.7605],[-151.4661,-16.7397],[-151.4121,-16.7744],[-151.3653,-16.8646],[-151.4085,-16.8785]]],[[[-143.5712,-16.6355],[-143.6108,-16.6407],[-143.708,-16.5817],[-143.6684,-16.5817],[-143.6144,-16.6181],[-143.5712,-16.6355]]],[[[-149.8137,-17.5452],[-149.8461,-17.5712],[-149.8857,-17.5521],[-149.9037,-17.5278],[-149.9109,-17.5018],[-149.9037,-17.4688],[-149.8101,-17.474],[-149.7813,-17.4879],[-149.8137,-17.5452]]],[[[-139.5572,-8.9398],[-139.622,-8.9485],[-139.6328,-8.8981],[-139.6112,-8.8721],[-139.5824,-8.8599],[-139.5356,-8.8756],[-139.5068,-8.8964],[-139.5104,-8.9155],[-139.5572,-8.9398]]],[[[-140.0756,-9.4259],[-140.0972,-9.445],[-140.1368,-9.3842],[-140.144,-9.3599],[-140.072,-9.3287],[-140.0324,-9.3443],[-140.0756,-9.4259]]],[[[-140.684,-18.3802],[-140.6732,-18.4166],[-140.6948,-18.3993],[-140.774,-18.3646],[-140.7812,-18.335],[-140.684,-18.3802]]],[[[-138.65,-10.5161],[-138.686,-10.5317],[-138.6896,-10.4258],[-138.6428,-10.4466],[-138.6248,-10.4623],[-138.632,-10.4918],[-138.65,-10.5161]]],[[[-138.506,-20.8575],[-138.5348,-20.8766],[-138.524,-20.8505],[-138.5456,-20.795],[-138.5672,-20.7863],[-138.5456,-20.7707],[-138.5132,-20.8141],[-138.506,-20.8575]]],[[[-136.9724,-18.342],[-136.9724,-18.3611],[-137.066,-18.2656],[-137.03,-18.2725],[-136.9724,-18.342]]],[[[-139.0604,-9.931],[-139.1324,-10.0092],[-139.136,-9.9258],[-139.1072,-9.9154],[-139.082,-9.9154],[-139.0604,-9.931]]],[[[-151.4661,-16.6581],[-151.4841,-16.665],[-151.5057,-16.6476],[-151.5129,-16.6199],[-151.5057,-16.5747],[-151.4589,-16.6042],[-151.4373,-16.6233],[-151.4661,-16.6581]]],[[[-142.5128,-16.0956],[-142.5308,-16.1077],[-142.5056,-16.0279],[-142.4804,-16.0175],[-142.5128,-16.0956]]]]}},{"type":"Feature","properties":{"iso":"250","name":"프랑스","en":"France"},"geometry":{"type":"MultiPolygon","coordinates":[[[[7.6159,47.5932],[7.3423,47.4334],[6.9679,47.4525],[6.8995,47.3935],[7.0003,47.3223],[6.4567,46.9491],[5.9707,46.2148],[6.2011,46.1922],[6.4279,46.43],[6.7771,46.4075],[6.7735,46.1644],[7.0219,45.9266],[6.7915,45.7408],[7.1551,45.4006],[7.0795,45.2391],[6.6331,45.069],[6.9931,44.8277],[7.0291,44.7166],[6.8419,44.51],[6.8995,44.3364],[7.3171,44.1385],[7.6375,44.1646],[7.4935,43.767],[6.5719,43.1993],[6.1147,43.0726],[5.4055,43.2288],[5.0599,43.4441],[4.7106,43.3729],[3.9114,43.5639],[3.2598,43.1924],[3.051,42.9146],[3.213,42.4303],[2.0322,42.3539],[1.7046,42.5032],[1.7082,42.6039],[0.765,42.8382],[0.6318,42.689],[-0.0414,42.689],[-1.4814,43.0709],[-1.4094,43.2393],[-1.7946,43.4077],[-1.485,43.5639],[-1.2438,44.5604],[-1.0782,44.6906],[-1.1538,44.7635],[-1.2438,44.6663],[-1.0818,45.5325],[-0.549,45.0013],[-0.7902,45.4683],[-1.197,45.7148],[-1.0314,45.7408],[-1.1466,46.312],[-1.7874,46.5151],[-2.061,46.8102],[-2.0178,47.0376],[-2.1978,47.1626],[-2.0286,47.2737],[-1.7442,47.2164],[-2.5038,47.3119],[-2.4282,47.4716],[-2.7702,47.5133],[-2.7882,47.6261],[-4.311,47.8223],[-4.6782,48.0393],[-4.329,48.1695],[-4.5774,48.2893],[-4.2426,48.3032],[-4.761,48.4507],[-4.5306,48.6191],[-3.231,48.8413],[-2.691,48.5375],[-2.4462,48.6487],[-2.0034,48.5827],[-1.9062,48.6973],[-1.377,48.6521],[-1.5642,48.8049],[-1.5822,49.2024],[-1.8558,49.6833],[-1.2582,49.6798],[-1.1394,49.3882],[-0.1638,49.2962],[0.4158,49.4489],[0.1278,49.508],[0.1854,49.7024],[1.2438,49.9975],[1.593,50.2527],[1.6722,50.8846],[2.5254,51.0964],[2.7594,50.751],[3.1086,50.7787],[3.2742,50.5322],[3.5946,50.4767],[3.6882,50.3065],[4.1742,50.2458],[4.149,49.9715],[4.545,49.9611],[4.8186,50.1538],[4.869,49.7875],[5.5063,49.5114],[6.2407,49.4941],[6.5359,49.3951],[6.7339,49.1608],[7.4503,49.1521],[8.1343,48.9733],[7.6159,48.1574],[7.5295,47.673],[7.6159,47.5932]]],[[[-54.6179,2.3269],[-54.4019,2.4623],[-54.1967,2.8182],[-54.2039,3.1376],[-53.9915,3.5889],[-54.3515,4.0542],[-54.4739,4.9153],[-53.9195,5.7694],[-52.9007,5.4256],[-52.2923,4.943],[-52.3247,4.7712],[-52.2203,4.8632],[-52.0583,4.7173],[-52.0043,4.3528],[-51.8279,4.6358],[-51.6515,4.0611],[-52.3283,3.181],[-52.6991,2.3633],[-53.0087,2.181],[-53.2283,2.2054],[-53.3327,2.339],[-53.5091,2.254],[-53.7683,2.3546],[-54.1283,2.1203],[-54.6179,2.3269]]],[[[9.4807,42.8053],[9.4555,42.6594],[9.5275,42.5518],[9.5563,42.1612],[9.4015,41.9268],[9.3727,41.6786],[9.1855,41.3852],[8.8075,41.5883],[8.8867,41.7012],[8.7175,41.7619],[8.7391,41.9251],[8.6203,41.9303],[8.6995,42.0952],[8.5879,42.1612],[8.5663,42.2185],[8.6743,42.2845],[8.5663,42.3574],[8.8147,42.6074],[9.1387,42.7324],[9.3151,42.7133],[9.3619,43.0171],[9.4627,42.9806],[9.4807,42.8053]]],[[[55.7988,-21.3401],[55.6548,-21.3696],[55.5576,-21.3592],[55.3632,-21.2741],[55.3092,-21.2168],[55.2336,-21.0588],[55.3128,-20.9043],[55.4496,-20.8644],[55.5972,-20.88],[55.662,-20.9061],[55.8384,-21.1387],[55.824,-21.2776],[55.7988,-21.3401]]],[[[-60.828,14.4945],[-60.8352,14.4372],[-60.8604,14.4268],[-60.9,14.4737],[-61.062,14.4667],[-61.0908,14.5292],[-61.0116,14.6022],[-61.1052,14.6212],[-61.1412,14.6525],[-61.2204,14.8035],[-61.2132,14.8487],[-61.1808,14.8712],[-61.1268,14.8747],[-61.026,14.8261],[-60.954,14.7567],[-60.9288,14.7549],[-60.918,14.7358],[-60.9324,14.6855],[-60.8712,14.6143],[-60.828,14.4945]]],[[[-61.5912,16.0066],[-61.6704,15.9614],[-61.71,15.9753],[-61.7604,16.0621],[-61.7928,16.3017],[-61.7496,16.3555],[-61.6416,16.326],[-61.5516,16.2705],[-61.5768,16.2271],[-61.5624,16.0482],[-61.5912,16.0066]]],[[[-61.3284,16.2305],[-61.4436,16.2201],[-61.5228,16.2288],[-61.5408,16.3],[-61.5012,16.3607],[-61.53,16.4336],[-61.512,16.477],[-61.4724,16.5065],[-61.4076,16.4684],[-61.3968,16.4128],[-61.3572,16.3625],[-61.1736,16.2566],[-61.3284,16.2305]]],[[[45.1787,-12.976],[45.1175,-12.9847],[45.0887,-12.9586],[45.0707,-12.8961],[45.0923,-12.7868],[45.0419,-12.7017],[45.0923,-12.6531],[45.1355,-12.7087],[45.2219,-12.7521],[45.2039,-12.825],[45.2075,-12.8475],[45.1787,-12.9204],[45.1787,-12.976]]],[[[-1.179,45.904],[-1.215,45.8172],[-1.2798,45.8971],[-1.3698,45.9683],[-1.3878,46.0499],[-1.2834,46.003],[-1.179,45.904]]],[[[-61.2312,15.8903],[-61.2852,15.8868],[-61.3104,15.8955],[-61.3176,15.9545],[-61.2744,15.9962],[-61.2492,16.0066],[-61.2132,15.9597],[-61.2024,15.9215],[-61.2312,15.8903]]]]}},{"type":"Feature","properties":{"iso":"266","name":"가봉","en":"Gabon"},"geometry":{"type":"Polygon","coordinates":[[[13.2931,2.162],[13.1887,1.2801],[14.1823,1.3703],[14.4307,0.9016],[14.3227,0.6239],[13.9483,0.353],[13.8583,-0.2025],[14.4739,-0.574],[14.3839,-1.8899],[14.1643,-2.218],[14.2003,-2.3534],[13.9951,-2.4905],[13.7323,-2.1381],[13.4659,-2.3951],[12.9907,-2.3135],[12.6271,-1.8291],[12.4327,-1.9281],[12.4471,-2.3308],[11.6047,-2.343],[11.5363,-2.836],[11.9359,-3.3186],[11.8783,-3.6658],[11.6875,-3.6814],[11.5039,-3.52],[11.1295,-3.9158],[9.7219,-2.468],[10.0603,-2.5496],[9.6247,-2.3673],[9.3007,-1.9038],[9.4843,-1.8951],[9.2647,-1.8256],[9.0379,-1.3083],[9.3187,-1.6312],[9.5023,-1.5548],[9.2971,-1.5149],[9.3475,-1.3257],[9.0631,-1.2979],[8.7031,-0.5914],[8.9479,-0.6886],[9.2971,-0.3518],[9.3547,0.3444],[9.4699,0.1603],[9.7975,0.044],[10.0027,0.1951],[9.5455,0.2957],[9.3259,0.5527],[9.4951,0.6655],[9.6175,0.577],[9.5923,1.0318],[11.3347,1.0006],[11.3491,2.2991],[13.2211,2.2557],[13.2931,2.162]]]}},{"type":"Feature","properties":{"iso":"270","name":"감비아","en":"Gambia"},"geometry":{"type":"Polygon","coordinates":[[[-16.562,13.5866],[-15.5108,13.5866],[-15.428,13.7272],[-15.1076,13.8123],[-14.4055,13.5033],[-13.9771,13.5432],[-13.8259,13.4078],[-14.2471,13.2359],[-15.1508,13.5571],[-15.2876,13.3956],[-15.8132,13.3245],[-15.8348,13.1561],[-16.6484,13.1543],[-16.7636,13.0641],[-16.8248,13.3418],[-16.67,13.4755],[-16.5548,13.3036],[-16.4144,13.2689],[-16.184,13.2828],[-16.1588,13.3835],[-15.428,13.4685],[-16.1372,13.4477],[-16.3532,13.3435],[-16.562,13.5866]]]}},{"type":"Feature","properties":{"iso":"268","name":"조지아","en":"Georgia"},"geometry":{"type":"Polygon","coordinates":[[[43.4398,41.1075],[42.7558,41.5796],[42.4678,41.439],[41.5102,41.5171],[41.7622,41.9702],[41.4886,42.6594],[39.9766,43.4198],[40.1494,43.5691],[40.6498,43.5344],[41.5822,43.2184],[42.7594,43.1698],[43.7818,42.7462],[43.825,42.5709],[44.5054,42.748],[44.7718,42.616],[44.8726,42.7567],[45.1607,42.6751],[45.3443,42.5292],[45.7043,42.498],[45.6395,42.2046],[46.4315,41.8904],[46.1903,41.6248],[46.6727,41.2863],[46.4567,41.071],[45.2795,41.4494],[44.8402,41.2116],[43.4398,41.1075]]]}},{"type":"Feature","properties":{"iso":"276","name":"독일","en":"Germany"},"geometry":{"type":"MultiPolygon","coordinates":[[[[9.5239,47.5237],[8.5735,47.7754],[8.4043,47.6886],[8.5591,47.6244],[8.4295,47.5914],[7.5655,47.607],[7.6159,48.1574],[8.1343,48.9733],[7.4503,49.1521],[6.7339,49.1608],[6.3451,49.4524],[6.4891,49.7979],[6.2551,49.8725],[6.1075,50.0947],[6.3631,50.317],[6.3415,50.4524],[5.8591,51.0304],[6.1291,51.1468],[6.1939,51.4106],[5.9491,51.803],[6.7411,51.9106],[6.7231,52.0807],[6.9787,52.2057],[7.0363,52.3811],[6.6907,52.5304],[6.7483,52.6345],[7.0147,52.6328],[7.1803,52.9661],[7.1983,53.282],[7.0543,53.3758],[7.2055,53.6553],[8.0083,53.69],[8.1667,53.5442],[8.1091,53.4678],[8.2459,53.4452],[8.3323,53.6067],[8.4943,53.3949],[8.6203,53.8758],[9.2071,53.8567],[9.7831,53.5546],[8.9767,53.9261],[8.9083,54.2612],[8.6455,54.2941],[8.9587,54.5389],[8.6707,54.9035],[9.6175,54.8549],[10.0207,54.6743],[9.8695,54.4729],[10.7299,54.3167],[11.0143,54.3792],[11.0071,54.1813],[10.8091,54.0754],[10.9171,53.9955],[11.3995,53.9452],[12.1123,54.1691],[12.5767,54.4677],[13.0303,54.4104],[13.4479,54.1414],[13.7251,54.1535],[13.8655,53.8532],[14.2579,53.7299],[14.4127,53.2161],[14.1283,52.8776],[14.6179,52.5286],[14.5531,52.3602],[14.7511,52.0825],[14.5999,51.8325],[14.7259,51.5235],[14.9347,51.4349],[14.9635,51.0947],[14.7655,50.8187],[14.3191,51.0374],[14.3695,50.8985],[13.5559,50.7041],[12.9439,50.4072],[12.5479,50.3933],[12.2779,50.1815],[12.0907,50.2683],[12.5119,49.8951],[12.3895,49.7389],[12.6307,49.4611],[13.7683,48.8153],[13.7863,48.5879],[13.4875,48.5827],[13.3759,48.3622],[12.7603,48.107],[12.9547,47.89],[12.8971,47.7216],[13.0555,47.6557],[13.0159,47.4786],[12.6847,47.6695],[12.2095,47.7182],[12.1843,47.6192],[11.0431,47.3935],[10.4383,47.5515],[10.1827,47.2789],[9.9703,47.5046],[9.5239,47.5237]]],[[[13.7107,54.3827],[13.7359,54.315],[13.7071,54.282],[13.5955,54.3375],[13.4803,54.3375],[13.4155,54.249],[13.3651,54.2455],[13.1887,54.3254],[13.1635,54.3653],[13.1779,54.5441],[13.2319,54.5823],[13.2391,54.6379],[13.3363,54.6969],[13.4227,54.6986],[13.4911,54.6153],[13.6567,54.5597],[13.6711,54.5354],[13.5811,54.4643],[13.6027,54.4243],[13.7107,54.3827]]],[[[14.2111,53.9504],[14.1967,53.9192],[14.2147,53.8706],[14.0491,53.8636],[13.9267,53.8792],[13.9015,53.9383],[13.9231,53.9973],[13.8259,54.0598],[13.8259,54.1275],[14.2111,53.9504]]],[[[8.3071,54.7872],[8.2855,54.7663],[8.2963,54.9087],[8.4043,55.058],[8.4511,55.0545],[8.4043,55.0146],[8.3899,54.9868],[8.3719,54.9295],[8.3791,54.9],[8.6311,54.8913],[8.6023,54.8653],[8.3467,54.8479],[8.3071,54.7872]]],[[[11.2843,54.4174],[11.1295,54.4157],[11.0719,54.4556],[11.0107,54.466],[11.0431,54.5163],[11.0863,54.5337],[11.2339,54.5007],[11.2807,54.4382],[11.2843,54.4174]]],[[[8.5879,54.7125],[8.5483,54.6882],[8.4547,54.6917],[8.4007,54.7142],[8.4187,54.7386],[8.4691,54.7576],[8.5087,54.7611],[8.5735,54.749],[8.5879,54.7125]]]]}},{"type":"Feature","properties":{"iso":"288","name":"가나","en":"Ghana"},"geometry":{"type":"Polygon","coordinates":[[[-0.0702,11.1163],[0.009,11.0208],[-0.0846,10.6736],[0.3798,10.2917],[0.2646,9.6441],[0.3438,9.6042],[0.2322,9.4636],[0.5274,9.3993],[0.4878,8.8508],[0.3726,8.7588],[0.6858,8.3543],[0.4986,7.547],[0.6354,7.3543],[0.5238,6.8509],[0.7362,6.4534],[1.1862,6.0888],[0.9486,5.811],[0.261,5.7572],[-2.0034,4.7625],[-3.1122,5.0889],[-2.817,5.1531],[-2.7558,5.4326],[-2.997,5.7121],[-3.2346,6.8075],[-2.9862,7.205],[-2.7882,7.9324],[-2.5074,8.2085],[-2.7486,9.0452],[-2.7666,10.2378],[-2.9142,10.592],[-2.8314,10.9982],[-0.6282,10.927],[-0.3006,11.1666],[-0.0702,11.1163]]]}},{"type":"Feature","properties":{"iso":"300","name":"그리스","en":"Greece"},"geometry":{"type":"MultiPolygon","coordinates":[[[[26.3217,41.7168],[26.5809,41.6005],[26.6241,41.4026],[26.3325,41.2394],[26.3541,40.9963],[26.1093,40.7498],[25.1049,40.9946],[24.7916,40.8575],[24.4784,40.9477],[24.0824,40.7238],[23.762,40.7481],[23.8664,40.4183],[24.212,40.328],[24.3416,40.1474],[23.9132,40.3592],[23.7296,40.3297],[23.9672,40.1145],[23.9456,39.9652],[23.6648,40.2238],[23.4272,40.2638],[23.4668,40.0745],[23.6756,39.9582],[23.3948,39.9895],[23.312,40.2169],[22.898,40.3992],[22.9232,40.5901],[22.628,40.4964],[22.592,40.0363],[23.3264,39.1753],[23.1536,39.1006],[23.1608,39.2586],[22.9196,39.3055],[22.8872,39.1701],[23.0672,39.0381],[22.5704,38.868],[23.9672,38.2743],[24.0536,37.7101],[23.5028,38.0347],[23.0348,37.8785],[23.4884,37.441],[23.1608,37.3334],[22.7252,37.5417],[23.1608,36.448],[22.718,36.7935],[22.4264,36.4758],[22.0808,37.0296],[21.9548,36.9897],[21.8936,36.7379],[21.7388,36.8629],[21.584,37.0817],[21.6776,37.3872],[21.1232,37.8924],[21.404,38.1962],[21.9548,38.3212],[22.9196,37.9583],[22.8944,38.0504],[23.1824,38.1337],[22.4228,38.4392],[21.4724,38.3212],[21.332,38.4878],[21.1844,38.3455],[20.7668,38.875],[21.1124,38.8958],[21.1196,39.0295],[20.7812,39.0086],[20.3024,39.3263],[20,39.71],[20.2484,39.6787],[20.3816,39.802],[20.3096,39.9791],[20.6588,40.1179],[21.0296,40.6231],[20.9648,40.8505],[21.5768,40.8696],[21.9944,41.1318],[22.4948,41.1179],[22.7252,41.1786],[22.7828,41.3314],[24.0572,41.5276],[24.518,41.5519],[24.7736,41.3557],[25.2525,41.2429],[25.9221,41.3123],[26.1561,41.4356],[26.0841,41.7046],[26.3217,41.7168]]],[[[23.852,35.5349],[24.1652,35.5956],[24.1976,35.5366],[24.1076,35.495],[24.2552,35.4689],[24.3128,35.363],[24.7196,35.4255],[25.4757,35.3057],[25.7313,35.3491],[25.7925,35.1234],[26.3217,35.3144],[26.2461,35.0453],[26.1669,35.0193],[24.7988,34.9342],[24.7088,35.0887],[24.464,35.1599],[23.5928,35.2571],[23.5712,35.5349],[23.672,35.514],[23.7368,35.6547],[23.852,35.5349]]],[[[23.4164,38.9583],[23.5244,38.8142],[24.1292,38.6493],[24.2768,38.2205],[24.3596,38.1632],[24.5648,38.1476],[24.5792,38.0208],[24.5036,37.9705],[24.3596,38.0191],[24.212,38.1181],[24.0392,38.3906],[23.6504,38.4427],[23.618,38.5521],[23.2508,38.802],[22.8692,38.8697],[23.258,39.0312],[23.4164,38.9583]]],[[[26.4117,39.3298],[26.3937,39.2708],[26.5305,39.1718],[26.5773,39.1093],[26.5845,39.0312],[26.4873,39.0746],[26.5485,38.9947],[26.3901,38.9739],[26.1597,39.026],[26.1093,39.0815],[26.2749,39.1978],[26.1777,39.1944],[26.0733,39.0954],[25.9077,39.1388],[25.8429,39.1996],[25.9113,39.2881],[26.0877,39.3037],[26.1633,39.3315],[26.1669,39.3732],[26.3469,39.3836],[26.4117,39.3298]]],[[[27.8445,35.929],[27.7473,35.9116],[27.7149,35.9567],[27.7581,36.0696],[27.7149,36.172],[27.7761,36.2137],[27.8157,36.2762],[27.9129,36.3456],[28.2333,36.4341],[28.2297,36.3699],[28.1433,36.2102],[28.0677,36.1303],[28.0893,36.0661],[27.9669,36.047],[27.8445,35.929]]],[[[26.8257,37.8108],[26.9481,37.7778],[27.0381,37.7709],[27.0561,37.7101],[26.9769,37.6997],[26.8437,37.6441],[26.7897,37.6563],[26.7213,37.7049],[26.5809,37.724],[26.6385,37.7813],[26.7429,37.809],[26.8257,37.8108]]],[[[20.0792,39.4322],[20.1008,39.3767],[19.9748,39.4114],[19.8848,39.4617],[19.8092,39.585],[19.6472,39.7256],[19.6472,39.7673],[19.7084,39.7985],[19.838,39.8193],[19.9244,39.7742],[19.9352,39.7464],[19.8452,39.6683],[19.9028,39.6197],[19.928,39.5051],[19.9568,39.4704],[20.0792,39.4322]]],[[[26.0949,38.2187],[25.9977,38.1615],[25.8933,38.243],[25.8753,38.2691],[25.9509,38.3021],[25.9905,38.3542],[25.9617,38.4166],[25.8501,38.5087],[25.8465,38.5746],[26.0121,38.6024],[26.1093,38.5451],[26.1597,38.5399],[26.1417,38.4861],[26.1561,38.3021],[26.1093,38.2795],[26.0949,38.2187]]],[[[20.612,38.3837],[20.6264,38.2674],[20.6948,38.2465],[20.7884,38.1424],[20.7812,38.0885],[20.7596,38.0712],[20.6048,38.1198],[20.5688,38.0972],[20.522,38.1059],[20.5004,38.184],[20.4536,38.2344],[20.3924,38.1892],[20.3528,38.1806],[20.3528,38.2222],[20.4104,38.3368],[20.4356,38.3559],[20.4824,38.3177],[20.5184,38.3316],[20.5472,38.3941],[20.5616,38.4757],[20.612,38.3837]]],[[[26.9481,36.7275],[26.9193,36.7258],[26.9553,36.7744],[27.0597,36.8404],[27.2145,36.8994],[27.2649,36.9046],[27.3513,36.8681],[27.1929,36.8091],[27.1497,36.7779],[27.0345,36.7709],[26.9481,36.7275]]],[[[27.1749,35.4654],[27.1389,35.4099],[27.0993,35.4568],[27.1173,35.5106],[27.0705,35.5974],[27.1569,35.7258],[27.1569,35.7883],[27.2217,35.8213],[27.2073,35.7137],[27.1569,35.6286],[27.2073,35.5592],[27.2325,35.4793],[27.1749,35.4654]]],[[[25.4361,39.9825],[25.4001,39.9495],[25.3713,39.8905],[25.3569,39.8089],[25.2993,39.8055],[25.2633,39.8228],[25.2489,39.894],[25.2237,39.8923],[25.1841,39.8298],[25.1265,39.8263],[25.0617,39.8523],[25.0581,39.9999],[25.2345,40.0051],[25.2849,39.9565],[25.3497,39.9843],[25.3749,40.0155],[25.4505,40.0346],[25.4361,39.9825]]],[[[20.8892,37.8056],[20.9936,37.7084],[20.9108,37.7327],[20.8172,37.665],[20.7056,37.7431],[20.6336,37.8229],[20.6192,37.8542],[20.6912,37.9288],[20.7596,37.8524],[20.8388,37.8403],[20.8892,37.8056]]],[[[26.0301,37.5295],[25.9833,37.5261],[25.9977,37.566],[26.0877,37.6354],[26.2101,37.6389],[26.3505,37.6736],[26.2965,37.6198],[26.2065,37.5677],[26.0301,37.5295]]],[[[25.8609,36.79],[25.7709,36.7831],[25.7421,36.79],[25.8357,36.8247],[25.8537,36.8473],[25.9437,36.8872],[26.0013,36.9376],[26.0661,36.9029],[25.9833,36.8803],[25.8609,36.79]]],[[[24.9932,37.7604],[24.9608,37.6927],[24.8852,37.7709],[24.7988,37.8247],[24.7664,37.8715],[24.716,37.8993],[24.7016,37.9618],[24.7628,37.9879],[24.7916,37.9896],[24.8564,37.9132],[24.9572,37.9045],[24.95,37.8577],[24.9932,37.7604]]],[[[24.7736,40.6144],[24.6476,40.5797],[24.5144,40.6474],[24.518,40.6873],[24.5864,40.7689],[24.6224,40.7932],[24.7196,40.7863],[24.7736,40.7307],[24.788,40.7047],[24.77,40.6596],[24.7736,40.6144]]],[[[25.5477,36.9671],[25.4577,36.9289],[25.3965,36.9844],[25.3605,37.0712],[25.5261,37.1962],[25.5657,37.1858],[25.5873,37.1528],[25.5837,37.04],[25.5477,36.9671]]],[[[20.6876,38.6093],[20.648,38.6007],[20.5832,38.6024],[20.5544,38.5833],[20.558,38.6614],[20.594,38.7604],[20.6336,38.8177],[20.6948,38.8437],[20.72,38.7986],[20.7164,38.6389],[20.6876,38.6093]]],[[[25.2561,37.599],[25.2201,37.5348],[25.1553,37.5452],[25.0509,37.6146],[25.0149,37.6459],[24.9968,37.6771],[25.0401,37.6806],[25.0905,37.6476],[25.2237,37.6302],[25.2561,37.599]]],[[[23.0528,36.1894],[23.042,36.146],[22.9412,36.1755],[22.9124,36.2206],[22.9052,36.3196],[22.934,36.3682],[22.952,36.3838],[22.9988,36.3282],[23.096,36.2466],[23.0528,36.1894]]],[[[25.6845,40.4269],[25.5729,40.4009],[25.4469,40.4825],[25.5693,40.5155],[25.6233,40.4912],[25.6629,40.4634],[25.6845,40.4269]]],[[[24.6764,38.809],[24.5684,38.7847],[24.5396,38.7882],[24.5648,38.8194],[24.5648,38.8316],[24.4604,38.8888],[24.4748,38.9618],[24.4856,38.9808],[24.5648,38.9427],[24.5828,38.8784],[24.6764,38.809]]],[[[24.536,36.764],[24.5324,36.6841],[24.3272,36.6563],[24.356,36.7449],[24.4244,36.7136],[24.4496,36.7293],[24.4604,36.7466],[24.536,36.764]]],[[[26.4621,36.5852],[26.3829,36.5609],[26.3325,36.5105],[26.2713,36.547],[26.2713,36.5956],[26.3361,36.58],[26.3829,36.6077],[26.3685,36.639],[26.4225,36.6234],[26.4621,36.5852]]],[[[23.78,39.1145],[23.7368,39.0798],[23.6648,39.0954],[23.5928,39.2083],[23.78,39.1145]]],[[[25.2777,37.0678],[25.1985,36.9914],[25.1337,37.0001],[25.1049,37.0348],[25.1481,37.1077],[25.2345,37.1494],[25.2741,37.1372],[25.2705,37.0834],[25.2777,37.0678]]],[[[20.7596,38.3298],[20.7092,38.3194],[20.648,38.4149],[20.6228,38.4809],[20.648,38.4844],[20.6732,38.4757],[20.702,38.4514],[20.702,38.4253],[20.7128,38.3993],[20.7596,38.3298]]],[[[24.4352,37.3438],[24.3776,37.3143],[24.3992,37.3837],[24.3704,37.4202],[24.3956,37.4497],[24.4316,37.4757],[24.482,37.408],[24.4352,37.3438]]],[[[25.4037,37.4184],[25.3065,37.4132],[25.3137,37.4896],[25.3497,37.5087],[25.4613,37.4705],[25.4577,37.4462],[25.4037,37.4184]]],[[[24.356,37.5764],[24.2876,37.5278],[24.2768,37.6007],[24.32,37.6771],[24.3776,37.6823],[24.3992,37.6493],[24.356,37.5764]]],[[[27.0201,36.9584],[26.9193,36.9445],[26.9373,37.0244],[26.8905,37.0869],[26.9661,37.0521],[27.0165,37.0105],[27.0417,37.0018],[27.0345,36.9758],[27.0201,36.9584]]],[[[25.3821,36.6737],[25.3641,36.6581],[25.2885,36.7223],[25.2597,36.7588],[25.2957,36.79],[25.4073,36.7171],[25.3821,36.6737]]],[[[25.4829,36.3925],[25.4361,36.3404],[25.3713,36.3595],[25.3965,36.3786],[25.4145,36.4046],[25.4145,36.4428],[25.3965,36.4654],[25.4073,36.4741],[25.4685,36.4359],[25.4829,36.3925]]],[[[23.888,39.1579],[23.8412,39.1458],[23.888,39.2256],[23.9708,39.2673],[23.9384,39.2013],[23.888,39.1579]]],[[[23.5496,37.9254],[23.51,37.9011],[23.4668,37.9028],[23.4344,37.9115],[23.42,37.9306],[23.438,37.941],[23.4632,37.9809],[23.4848,37.9913],[23.5172,37.9861],[23.5352,37.9705],[23.5496,37.9254]]],[[[24.9428,37.4931],[24.9392,37.3889],[24.9104,37.3907],[24.896,37.4063],[24.896,37.4462],[24.9068,37.5087],[24.9428,37.4931]]],[[[24.5252,37.1251],[24.4856,37.1094],[24.4244,37.132],[24.4424,37.1876],[24.482,37.2101],[24.5288,37.1928],[24.536,37.1685],[24.5252,37.1251]]],[[[24.7196,36.9219],[24.7016,36.9167],[24.6764,36.9601],[24.6692,36.9983],[24.68,37.0209],[24.716,37.0244],[24.7628,36.9497],[24.7196,36.9219]]],[[[27.8589,36.5539],[27.8373,36.5383],[27.7869,36.5834],[27.7869,36.6077],[27.8373,36.6355],[27.8625,36.6407],[27.8697,36.6234],[27.8697,36.5834],[27.8589,36.5539]]]]}},{"type":"Feature","properties":{"iso":"304","name":"그린란드","en":"Greenland"},"geometry":{"type":"MultiPolygon","coordinates":[[[[-29.9541,83.5649],[-25.7961,83.2611],[-31.9917,83.0858],[-32.0313,82.9833],[-25.1229,83.1604],[-24.4712,82.8774],[-22.5236,82.7889],[-21.5192,82.5962],[-23.1176,82.3254],[-29.5797,82.1605],[-29.8857,82.0546],[-29.5437,81.94],[-27.8409,82.0494],[-25.1481,82.0008],[-24.2948,81.7004],[-23.4956,81.7733],[-22.9412,82.0303],[-21.3392,82.0685],[-21.1304,81.9348],[-21.1448,81.6952],[-21.5048,81.4383],[-23.0708,80.9262],[-23.1968,80.848],[-23.1176,80.7786],[-19.6292,81.6397],[-17.4548,81.3984],[-16.2668,81.7542],[-15.4496,81.8376],[-12.4327,81.6831],[-11.4247,81.4799],[-13.1275,81.0876],[-14.4523,80.9939],[-14.2291,80.8706],[-14.5027,80.763],[-16.76,80.5738],[-15.9356,80.4279],[-16.49,80.2526],[-18.0704,80.1727],[-19.4276,80.2578],[-20.1512,80.0113],[-20.0684,79.7735],[-19.352,79.7335],[-19.4132,79.3481],[-18.992,79.178],[-21.134,78.6589],[-20.954,78.5548],[-21.728,77.7093],[-21.3788,77.6972],[-20.864,77.9125],[-19.4888,77.718],[-19.2944,77.5861],[-20.162,77.6903],[-20.6804,77.6191],[-20.2304,77.3691],[-19.3016,77.2215],[-18.4412,77.2597],[-18.2936,77.133],[-18.3368,76.9212],[-18.6068,76.7632],[-20.486,76.9212],[-21.6164,76.6886],[-22.3328,76.7945],[-22.6064,76.6799],[-21.8756,76.574],[-21.4868,76.2719],[-20.8856,76.3032],[-19.8632,76.1209],[-19.9568,75.9959],[-19.5104,75.7581],[-19.3988,75.4942],[-19.3736,75.298],[-19.5248,75.18],[-20.486,75.3137],[-21.6488,75.0238],[-22.232,75.1192],[-21.6956,74.9647],[-20.9864,75.0741],[-20.7848,74.8918],[-21.0368,74.654],[-20.8604,74.6366],[-20.4176,74.9751],[-19.9856,74.9751],[-19.2872,74.5464],[-19.2728,74.3432],[-21.1304,74.1106],[-21.9548,74.2443],[-21.7604,74.4821],[-21.9836,74.5672],[-21.9728,74.3901],[-22.3328,74.286],[-22.196,74.2061],[-22.3364,74.0637],[-22.1348,73.9908],[-20.3672,73.8485],[-20.5112,73.4926],[-20.6372,73.4631],[-22.3472,73.2687],[-23.2328,73.3971],[-24.158,73.7651],[-24.6764,73.602],[-25.5225,73.8519],[-24.7772,73.5395],[-26.0625,73.253],[-27.2721,73.437],[-26.5413,73.2496],[-27.5601,73.1385],[-27.3477,73.0673],[-25.0581,73.3971],[-24.1328,73.4093],[-22.0376,72.918],[-22.0736,72.3989],[-22.2788,72.3451],[-22.2932,72.1194],[-24.068,72.4979],[-24.6296,73.0378],[-26.6565,72.7166],[-24.8132,72.9024],[-24.7016,72.5065],[-25.2021,72.3937],[-24.572,72.4197],[-21.9584,71.7444],[-22.466,71.5257],[-22.4804,71.3834],[-22.4192,71.2479],[-22.3004,71.432],[-21.7532,71.4788],[-21.5228,70.5258],[-22.3832,70.4615],[-22.4372,70.8608],[-22.6892,70.4372],[-23.3264,70.4511],[-23.9708,70.649],[-24.5612,71.2236],[-25.8861,71.5726],[-27.0885,71.6264],[-27.1065,71.5326],[-25.8429,71.4806],[-25.6665,71.2653],[-26.7177,70.9511],[-28.3989,70.9928],[-27.9777,70.84],[-28.1469,70.656],[-29.0721,70.4442],[-26.5089,70.3973],[-27.3297,70.2168],[-27.6285,70.0275],[-27.3837,69.9911],[-27.0273,70.2011],[-25.5297,70.3539],[-22.2068,70.1074],[-23.0888,69.8834],[-23.0492,69.7932],[-23.8664,69.7359],[-23.7404,69.5883],[-24.2984,69.5849],[-24.2948,69.439],[-25.1877,69.2602],[-25.0941,69.1647],[-26.4837,68.6752],[-30.1953,68.1995],[-30.7209,68.2516],[-30.6093,68.1179],[-30.9801,68.0606],[-32.3265,68.4374],[-32.1789,68.2568],[-32.3661,68.2134],[-32.1645,67.9912],[-33.1581,67.6266],[-34.1013,66.7257],[-34.6341,66.434],[-35.1886,66.25],[-35.869,66.441],[-35.6314,66.1406],[-36.3802,65.8316],[-36.5278,66.007],[-36.6646,65.7899],[-37.0642,65.8715],[-37.7554,65.5938],[-38.0002,65.7101],[-37.2802,66.3038],[-38.155,66.3854],[-37.7518,66.2621],[-38.1406,65.9028],[-38.5186,66.0104],[-38.2162,65.8386],[-38.2018,65.7118],[-40.1746,65.5556],[-39.577,65.3403],[-40.2538,65.0487],[-41.089,65.0348],[-40.9666,64.8681],[-40.657,64.915],[-40.1818,64.4793],[-40.783,64.2223],[-41.5822,64.2987],[-41.0314,64.1217],[-40.6174,64.1321],[-40.549,63.7258],[-40.7758,63.5331],[-41.0494,63.514],[-41.107,63.2745],[-41.3878,63.0627],[-42.1762,63.2085],[-41.6362,62.9724],[-41.9098,62.7363],[-42.943,62.7207],[-42.1546,62.5679],[-42.3202,62.153],[-42.1114,61.8579],[-42.5866,61.7173],[-42.3238,61.6826],[-42.7162,60.7677],[-43.0438,60.5229],[-43.9222,60.5958],[-43.213,60.391],[-43.123,60.0611],[-43.321,59.9275],[-43.9546,60.0247],[-43.6594,59.858],[-43.9078,59.8146],[-44.4118,59.9223],[-44.455,60.0143],[-44.2246,60.2729],[-44.6134,60.016],[-45.3803,60.2035],[-45.3695,60.3736],[-44.9734,60.4569],[-44.7574,60.6653],[-45.3803,60.4448],[-46.0463,60.6149],[-46.1435,60.7764],[-45.8699,61.2191],[-46.8743,60.8163],[-48.1811,60.7694],[-48.2063,60.8562],[-47.7707,60.9986],[-48.3863,61.0055],[-48.4295,61.1878],[-48.9227,61.2781],[-49.0487,61.5246],[-49.2899,61.5906],[-49.1927,61.686],[-49.3799,61.8909],[-48.8291,62.0801],[-49.6247,61.9985],[-49.6679,62.1513],[-49.5527,62.2329],[-50.3195,62.4724],[-50.2979,62.7224],[-49.7939,63.0453],[-50.3915,62.8214],[-51.4679,63.6425],[-51.5471,64.0053],[-50.2619,64.2137],[-50.4851,64.2085],[-50.4383,64.3126],[-51.5435,64.0973],[-51.7091,64.205],[-51.2303,64.5609],[-50.8343,64.5591],[-50.6831,64.6789],[-50.3555,64.6824],[-50.0099,64.448],[-50.1215,64.7032],[-50.5175,64.7657],[-50.9603,65.2014],[-50.7227,64.797],[-51.2195,64.6286],[-51.1403,64.7865],[-51.2555,64.7588],[-51.9215,64.2189],[-52.0943,64.4168],[-52.2599,65.1546],[-52.5371,65.3282],[-51.6191,65.7136],[-51.0935,65.7761],[-51.7235,65.724],[-52.5515,65.4618],[-52.7603,65.5903],[-53.1995,65.5938],[-53.1059,65.9774],[-53.3903,66.0486],[-51.2267,66.8819],[-53.0375,66.2014],[-53.6135,66.1545],[-53.6351,66.4132],[-53.4191,66.6493],[-53.0375,66.8263],[-52.3859,66.8819],[-53.6855,66.9861],[-53.8835,67.1354],[-53.7971,67.4183],[-52.5119,67.762],[-50.6147,67.5277],[-51.1727,67.6943],[-50.8883,67.7829],[-50.9675,67.8072],[-51.7667,67.7377],[-52.3463,67.8367],[-53.7359,67.5485],[-53.1527,68.2082],[-51.5975,68.0554],[-51.1691,68.3853],[-52.1987,68.2204],[-53.3831,68.2967],[-53.0411,68.611],[-52.6055,68.7082],[-51.6227,68.5346],[-51.1331,68.5988],[-50.8019,68.7915],[-51.2483,68.7394],[-51.0863,69.1283],[-50.2979,69.1699],[-51.0755,69.2099],[-50.8055,69.663],[-50.3483,69.7966],[-50.4995,69.9355],[-50.3231,70.0275],[-52.2563,70.0588],[-53.0231,70.3018],[-54.0131,70.4216],[-54.5315,70.6994],[-54.1643,70.8209],[-52.8035,70.7514],[-51.5255,70.439],[-50.6831,70.3973],[-51.3239,70.5883],[-51.2555,70.8521],[-51.7739,71.0101],[-51.0179,71.0014],[-51.3779,71.1195],[-53.0087,71.1802],[-53.1167,71.3122],[-52.7495,71.5014],[-51.7775,71.6837],[-53.4407,71.5795],[-53.1455,71.8069],[-53.3327,71.7896],[-53.4191,71.9996],[-53.8115,72.293],[-53.6531,72.3625],[-53.9267,72.3191],[-53.4767,71.8503],[-54.0203,71.6576],[-53.9627,71.4597],[-54.8195,71.3747],[-55.5936,71.5535],[-55.6692,71.6924],[-55.3164,72.1107],[-54.8411,72.3798],[-55.5828,72.1784],[-55.6368,72.3],[-55.2948,72.3538],[-55.6008,72.4527],[-54.9239,72.5725],[-54.7403,72.701],[-54.7367,72.8728],[-55.0716,73.0152],[-55.6692,73.0083],[-55.6944,73.1124],[-55.2876,73.3277],[-55.446,73.4613],[-55.7376,73.3832],[-56.1048,73.5586],[-55.8384,73.7599],[-56.2272,74.1297],[-57.2316,74.1245],[-56.706,74.22],[-56.7168,74.43],[-56.256,74.5273],[-58.5672,75.3536],[-58.2504,75.5064],[-58.5168,75.6886],[-61.188,76.1574],[-63.2904,76.3518],[-65.3713,76.1313],[-65.9545,76.2424],[-66.4657,76.14],[-67.0777,76.1956],[-66.6745,75.9768],[-66.8257,75.9681],[-68.3161,76.0914],[-69.4825,76.3987],[-68.1145,76.6504],[-69.8893,76.8275],[-69.6949,76.9889],[-70.6129,76.8223],[-71.1565,77.074],[-70.6021,77.1938],[-68.9785,77.1955],[-68.1361,77.3795],[-66.3901,77.2806],[-66.4549,77.3934],[-66.2677,77.5149],[-66.8221,77.6868],[-67.6897,77.5236],[-68.6221,77.6017],[-69.3529,77.4663],[-70.5625,77.718],[-70.1161,77.8413],[-71.2717,77.8135],[-72.8197,78.1937],[-72.5821,78.2788],[-72.7153,78.3621],[-72.4741,78.4819],[-71.6497,78.6225],[-68.9929,78.8568],[-69.0289,78.9436],[-68.3773,79.0374],[-65.8249,79.1745],[-65.2885,79.4367],[-64.7916,80.0009],[-64.1796,80.0998],[-66.8437,80.0755],[-67.1929,80.2804],[-66.6097,80.5304],[-64.5144,81.0008],[-63.7224,81.0581],[-63.06,80.8862],[-63.2364,81.0841],[-62.9916,81.2074],[-61.4364,81.1327],[-61.1016,81.3966],[-61.2024,81.7473],[-60.432,81.9209],[-59.2836,81.8844],[-56.616,81.3636],[-59.2692,81.9817],[-54.5495,82.3514],[-53.6711,82.1639],[-53.5559,81.6535],[-53.0411,81.8705],[-52.9259,82.0389],[-53.1023,82.1188],[-53.0231,82.3219],[-50.8955,81.8949],[-49.5419,81.9174],[-50.7119,82.2368],[-50.9891,82.4608],[-50.0387,82.4729],[-48.8615,82.4052],[-44.7286,81.7803],[-44.5306,81.8497],[-44.6386,82.1049],[-44.239,82.3688],[-44.3254,82.4712],[-45.5567,82.7472],[-41.3698,82.7507],[-46.1363,82.8583],[-46.4783,82.9521],[-46.1687,83.0632],[-45.4163,83.018],[-43.0078,83.2646],[-41.3014,83.1014],[-40.3582,83.3323],[-38.155,82.999],[-37.9354,83.1604],[-38.749,83.3705],[-36.607,83.5371],[-29.9541,83.5649]]],[[[-52.7315,69.9442],[-52.0439,69.8071],[-51.8999,69.6039],[-52.7711,69.3644],[-53.7539,69.2602],[-54.1823,69.4043],[-53.6567,69.4651],[-53.8259,69.5397],[-54.7331,69.6109],[-54.9203,69.7133],[-54.7871,69.9494],[-54.3227,69.9425],[-54.8303,70.1334],[-54.7043,70.2567],[-54.3731,70.3174],[-53.2967,70.2046],[-52.7315,69.9442]]],[[[-25.4325,70.9216],[-25.3929,70.8348],[-25.4685,70.7792],[-25.3461,70.6942],[-25.4037,70.6525],[-26.2173,70.4546],[-26.6061,70.5535],[-28.0353,70.4876],[-27.7149,70.7133],[-27.7077,70.8973],[-27.6177,70.9146],[-26.6205,70.8764],[-25.8177,71.0431],[-25.4325,70.9216]]],[[[-44.8654,82.0841],[-46.7519,82.348],[-47.3495,82.5997],[-46.3991,82.6917],[-44.9158,82.4799],[-44.7502,82.4018],[-44.8654,82.0841]]],[[[-17.6132,79.8255],[-18.0344,79.711],[-18.6608,79.7196],[-19.0316,79.7735],[-19.1396,79.8516],[-18.9956,79.9401],[-18.5456,80.0113],[-17.4728,80.0287],[-17.4008,79.9401],[-17.6132,79.8255]]],[[[-18.002,75.4074],[-17.8868,75.2043],[-17.7608,75.1435],[-17.498,75.1522],[-17.3936,75.0376],[-17.5844,74.9925],[-18.6716,75.0012],[-18.8912,75.0724],[-18.8552,75.3189],[-18.6356,75.39],[-18.452,75.3276],[-18.002,75.4074]]],[[[-55.0176,72.7913],[-55.5684,72.5638],[-55.8708,72.6628],[-56.1408,72.668],[-56.2164,72.7183],[-55.9932,72.7826],[-55.518,72.7808],[-55.2048,72.8416],[-55.032,72.8208],[-55.0176,72.7913]]],[[[-71.6677,77.3257],[-72.0241,77.317],[-72.4957,77.3847],[-72.4885,77.4316],[-72.4381,77.4472],[-72.0889,77.4663],[-71.4337,77.3951],[-71.4661,77.3535],[-71.6677,77.3257]]],[[[-18.6644,81.8462],[-18.7688,81.815],[-19.0316,81.8271],[-19.5932,81.9921],[-19.6112,82.0789],[-19.496,82.1171],[-19.316,82.124],[-18.812,81.9487],[-18.6644,81.8462]]],[[[-18.5816,76.0428],[-18.6968,76.015],[-19.0856,76.4299],[-19.0856,76.5809],[-19.0604,76.6955],[-18.884,76.7042],[-18.7328,76.6417],[-18.5816,76.0428]]],[[[-51.0143,69.5519],[-51.1691,69.5171],[-51.2339,69.5519],[-51.3383,69.7324],[-51.3203,69.8036],[-51.3491,69.8539],[-51.2087,69.9147],[-51.0935,69.9234],[-50.9387,69.9095],[-50.6795,69.8487],[-50.7551,69.7984],[-50.9135,69.7567],[-50.9675,69.6647],[-50.9711,69.5831],[-51.0143,69.5519]]],[[[-46.2659,60.7816],[-46.3811,60.6601],[-46.4963,60.6861],[-46.5539,60.7399],[-46.6655,60.766],[-46.7879,60.759],[-46.7915,60.7798],[-46.3955,60.9083],[-46.2047,60.943],[-46.2659,60.7816]]],[[[-17.9552,77.6416],[-18.1496,77.6416],[-18.2216,77.6677],[-18.1748,77.7146],[-17.9048,77.8621],[-17.8148,77.8743],[-17.6816,77.8586],[-17.642,77.7823],[-17.7284,77.7059],[-17.9552,77.6416]]],[[[-51.6767,70.8556],[-52.1195,70.8712],[-52.1447,70.8816],[-52.1483,70.9042],[-52.1051,70.9684],[-51.9683,70.9771],[-51.6299,70.8921],[-51.6083,70.8695],[-51.6767,70.8556]]],[[[-53.5343,71.0414],[-53.6279,71.0344],[-53.8979,71.0848],[-53.9591,71.1282],[-53.9483,71.1559],[-53.8619,71.208],[-53.6999,71.2827],[-53.5847,71.2966],[-53.4407,71.1854],[-53.4335,71.1542],[-53.4551,71.083],[-53.5343,71.0414]]],[[[-18.9956,77.9732],[-19.1288,77.9385],[-19.2188,78.0444],[-19.298,78.185],[-19.316,78.3447],[-19.1108,78.4228],[-19.0064,78.4419],[-18.9344,78.4228],[-18.9524,78.3534],[-18.9524,78.2111],[-18.884,78.1156],[-18.9956,77.9732]]],[[[-37.0318,65.5313],[-37.1866,65.5313],[-37.237,65.6094],[-37.2226,65.6962],[-37.0462,65.7222],[-36.9526,65.6632],[-36.9886,65.5764],[-37.0318,65.5313]]]]}},{"type":"Feature","properties":{"iso":"308","name":"그레나다","en":"Grenada"},"geometry":{"type":"Polygon","coordinates":[[[-61.7172,12.012],[-61.782,12.0086],[-61.7568,12.045],[-61.7496,12.1093],[-61.7136,12.1856],[-61.6596,12.2377],[-61.6056,12.2238],[-61.6272,12.0537],[-61.7172,12.012]]]}},{"type":"Feature","properties":{"iso":"316","name":"괌","en":"Guam"},"geometry":{"type":"Polygon","coordinates":[[[144.7412,13.2585],[144.698,13.2567],[144.662,13.2915],[144.6512,13.314],[144.6476,13.4286],[144.7916,13.5276],[144.8384,13.623],[144.9104,13.5987],[144.9392,13.571],[144.7808,13.4113],[144.7412,13.2585]]]}},{"type":"Feature","properties":{"iso":"320","name":"과테말라","en":"Guatemala"},"geometry":{"type":"Polygon","coordinates":[[[-92.2347,14.5449],[-92.0763,15.0743],[-92.2059,15.2757],[-91.7379,16.0708],[-90.4455,16.0725],[-90.4167,16.3902],[-91.4103,17.2565],[-90.9927,17.253],[-90.9891,17.8172],[-89.1603,17.8155],[-89.2359,15.8937],[-88.6023,15.7635],[-88.5951,15.951],[-88.2279,15.7288],[-89.1711,15.0396],[-89.1711,14.6074],[-89.5743,14.3904],[-89.5455,14.2411],[-90.0495,13.9043],[-90.0963,13.7359],[-90.6075,13.9286],[-91.3779,13.9893],[-92.2347,14.5449]]]}},{"type":"Feature","properties":{"iso":"831","name":"건지섬","en":"Guernsey"},"geometry":{"type":"Polygon","coordinates":[[[-2.511,49.4941],[-2.547,49.4281],[-2.6406,49.4507],[-2.6478,49.468],[-2.5434,49.5062],[-2.5218,49.5062],[-2.511,49.4941]]]}},{"type":"Feature","properties":{"iso":"324","name":"기니","en":"Guinea"},"geometry":{"type":"Polygon","coordinates":[[[-10.2835,8.4845],[-10.7119,8.3352],[-10.4995,8.6876],[-10.6147,9.0591],[-10.7479,9.0955],[-10.6903,9.3143],[-11.2051,9.9774],[-12.4291,9.8976],[-13.0267,9.1042],[-13.2931,9.0487],[-13.4371,9.4202],[-13.6927,9.5365],[-13.6891,9.9271],[-13.8187,9.8872],[-14.0455,10.1406],[-14.4271,10.2483],[-14.6107,10.5503],[-14.5927,10.7673],[-14.6755,10.6892],[-14.7763,10.9322],[-15.05,10.835],[-14.6827,11.5086],[-13.7323,11.736],[-13.7395,12.0103],[-13.9483,12.2151],[-13.7071,12.3124],[-13.7287,12.6735],[-13.0843,12.6335],[-13.0627,12.4894],[-12.4003,12.3401],[-11.3887,12.4044],[-11.5039,12.1978],[-11.3059,12.0155],[-10.9315,12.2047],[-10.7083,11.8992],[-10.2763,12.2134],[-9.7543,12.0294],[-9.3583,12.2551],[-9.3943,12.4651],[-9.0415,12.4026],[-8.8219,11.6735],[-8.3971,11.3662],[-8.6671,11.0086],[-8.3359,10.9913],[-8.2675,10.4861],[-7.9867,10.2778],[-8.1559,9.974],[-8.1379,9.4966],[-7.8967,9.4167],[-7.9183,9.1893],[-7.7779,9.0817],[-7.9399,8.9792],[-7.9507,8.7865],[-7.7203,8.6425],[-7.6807,8.4098],[-8.2099,8.4827],[-8.2567,8.2536],[-8.0083,8.0783],[-8.2063,7.5904],[-8.4871,7.5592],[-8.6599,7.6877],[-8.8903,7.2623],[-9.1171,7.2155],[-9.4627,7.4151],[-9.3691,7.7033],[-9.5167,8.3456],[-9.7831,8.5383],[-10.2835,8.4845]]]}},{"type":"Feature","properties":{"iso":"624","name":"기니비사우","en":"Guinea-Bissau"},"geometry":{"type":"MultiPolygon","coordinates":[[[[-16.7132,12.354],[-15.5756,12.4912],[-15.1976,12.6804],[-13.7287,12.6735],[-13.7071,12.3124],[-13.9483,12.2151],[-13.7395,12.0103],[-13.7323,11.736],[-14.6827,11.5086],[-15.0428,10.9409],[-15.0536,11.1423],[-15.2228,11.0312],[-15.2156,11.1562],[-15.392,11.2169],[-15.356,11.3958],[-15.4784,11.4096],[-15.0716,11.5971],[-15.23,11.6874],[-15.4136,11.6145],[-15.5036,11.7239],[-15.4676,11.8436],[-15.0788,11.9686],[-15.9428,11.7864],[-15.9212,11.9374],[-16.1372,11.9166],[-16.328,12.052],[-16.2452,12.2377],[-16.436,12.2047],[-16.7132,12.354]]],[[[-16.1156,11.059],[-16.1948,11.0451],[-16.2308,11.0937],[-16.238,11.1128],[-16.1948,11.1301],[-16.1768,11.1301],[-16.1444,11.1666],[-16.0868,11.1996],[-16.0688,11.1978],[-16.0544,11.118],[-16.0724,11.0833],[-16.1156,11.059]]],[[[-15.986,11.8818],[-16.04,11.7603],[-16.1012,11.7725],[-16.148,11.8454],[-16.1516,11.8766],[-16.022,11.887],[-15.986,11.8818]]],[[[-15.9032,11.4652],[-15.95,11.4339],[-15.9968,11.4496],[-16.022,11.4773],[-16.0184,11.5277],[-15.9644,11.5989],[-15.914,11.5885],[-15.9032,11.4652]]],[[[-15.896,11.0833],[-15.9068,11.0555],[-15.9644,11.059],[-15.95,11.0867],[-15.9644,11.0954],[-15.9464,11.1805],[-15.9392,11.1926],[-15.9104,11.1614],[-15.896,11.0833]]],[[[-15.554,11.5364],[-15.5612,11.5138],[-15.6188,11.5329],[-15.536,11.618],[-15.482,11.6319],[-15.4856,11.5676],[-15.5252,11.5537],[-15.554,11.5364]]],[[[-15.7268,11.2152],[-15.7268,11.1753],[-15.7664,11.1822],[-15.7808,11.1944],[-15.7556,11.269],[-15.716,11.302],[-15.6728,11.2968],[-15.6584,11.2864],[-15.6656,11.2586],[-15.6872,11.2343],[-15.7268,11.2152]]]]}},{"type":"Feature","properties":{"iso":"328","name":"가이아나","en":"Guyana"},"geometry":{"type":"Polygon","coordinates":[[[-60.7416,5.2017],[-61.3896,5.9395],[-61.1304,6.2138],[-61.1448,6.6947],[-60.7164,6.7676],[-60.3528,7.0037],[-60.324,7.1339],[-60.6336,7.2102],[-60.72,7.5366],[-60.5148,7.8126],[-59.8488,8.2484],[-60.018,8.5487],[-59.2008,8.0748],[-58.5096,7.3977],[-58.4808,7.0384],[-58.6716,6.3909],[-58.2972,6.8787],[-57.984,6.7867],[-57.228,6.1791],[-57.1956,5.5489],[-57.318,5.3354],[-57.21,5.1947],[-57.3324,5.0194],[-57.8796,4.8805],[-58.056,4.1011],[-57.6456,3.3945],[-57.3036,3.3772],[-57.1956,2.8529],[-56.706,2.037],[-56.4828,1.9415],[-57.318,1.964],[-57.5448,1.7262],[-57.984,1.6481],[-58.0344,1.5196],[-58.3404,1.5873],[-58.5132,1.2853],[-58.7868,1.2089],[-59.2296,1.3755],[-59.7408,1.8738],[-59.7552,2.2748],[-59.9928,2.6897],[-59.856,3.5872],[-59.55,3.9344],[-59.7372,4.2261],[-59.7048,4.3806],[-60.1476,4.5333],[-59.9892,5.0836],[-60.1404,5.2381],[-60.7416,5.2017]]]}},{"type":"Feature","properties":{"iso":"332","name":"아이티","en":"Haiti"},"geometry":{"type":"MultiPolygon","coordinates":[[[[-71.7793,19.7182],[-71.7469,19.2859],[-71.6461,19.1644],[-71.8081,18.9873],[-71.7433,18.7321],[-71.9989,18.5984],[-71.7613,18.3415],[-71.7685,18.0394],[-72.0601,18.2287],[-72.8773,18.1523],[-73.3849,18.2512],[-73.7485,18.1905],[-73.8853,18.0412],[-74.4613,18.3936],[-74.3857,18.6245],[-74.2273,18.6627],[-72.7909,18.4352],[-72.3769,18.5741],[-72.3481,18.6748],[-72.8125,19.0724],[-72.7045,19.4404],[-73.0537,19.6105],[-73.3957,19.6591],[-73.4389,19.7216],[-73.3165,19.8553],[-72.8773,19.9282],[-72.2185,19.7442],[-71.7793,19.7182]]],[[[-72.8053,18.7772],[-72.8233,18.7078],[-73.0789,18.7911],[-73.2841,18.897],[-73.2769,18.9543],[-73.1689,18.9665],[-73.0681,18.9317],[-72.9205,18.8623],[-72.8053,18.7772]]],[[[-72.6649,20.0376],[-72.6217,20.015],[-72.6397,19.9855],[-72.7405,20.0029],[-72.8449,20.0358],[-72.8989,20.0306],[-72.9601,20.0619],[-72.9061,20.0862],[-72.7909,20.0914],[-72.6649,20.0376]]]]}},{"type":"Feature","properties":{"iso":"340","name":"온두라스","en":"Honduras"},"geometry":{"type":"MultiPolygon","coordinates":[[[[-83.159,14.9928],[-83.537,14.9771],[-84.455,14.6438],[-84.8618,14.8105],[-84.9842,14.7532],[-85.1787,14.3435],[-85.7331,13.8591],[-86.0391,14.0501],[-86.3307,13.7706],[-86.7591,13.7463],[-86.7123,13.314],[-87.0579,12.9911],[-87.3387,12.979],[-87.4899,13.3522],[-87.8139,13.3991],[-87.7167,13.8123],[-87.8031,13.8904],[-88.1523,13.9876],[-88.4835,13.8539],[-89.0559,14.3296],[-89.3619,14.4164],[-89.1711,14.6074],[-89.1423,15.0726],[-88.2279,15.7288],[-87.7023,15.9111],[-86.9067,15.7618],[-86.3559,15.7826],[-85.9347,15.9528],[-85.9851,16.0239],[-85.4847,15.8989],[-84.9734,15.9892],[-84.5594,15.8017],[-84.2606,15.8226],[-83.7638,15.4059],[-83.9726,15.5188],[-84.095,15.4007],[-83.4974,15.2219],[-83.645,15.3677],[-83.159,14.9928]]],[[[-86.4207,16.3781],[-86.5791,16.3],[-86.6295,16.3017],[-86.5575,16.3625],[-86.4387,16.4145],[-86.3379,16.4388],[-86.2551,16.4284],[-86.4207,16.3781]]],[[[-85.8699,16.4614],[-85.9455,16.4041],[-85.9599,16.4302],[-85.9239,16.484],[-85.8771,16.5135],[-85.8339,16.5118],[-85.8447,16.4875],[-85.8699,16.4614]]]]}},{"type":"Feature","properties":{"iso":"344","name":"홍콩","en":"Hong Kong"},"geometry":{"type":"MultiPolygon","coordinates":[[[[114.0149,22.5114],[114.0509,22.5426],[114.1229,22.5652],[114.1877,22.5652],[114.2669,22.5409],[114.2921,22.4992],[114.2849,22.4576],[114.3245,22.4367],[114.3353,22.3968],[114.2921,22.3742],[114.2885,22.3256],[114.2669,22.2961],[114.0329,22.376],[113.9357,22.3656],[113.9033,22.3968],[113.8961,22.4281],[114.0077,22.4836],[114.0149,22.5114]]],[[[113.9969,22.2111],[113.8781,22.2111],[113.8529,22.2197],[113.8385,22.2423],[113.8817,22.2805],[114.0437,22.3326],[114.0041,22.277],[113.9969,22.2111]]],[[[114.2309,22.2111],[114.2057,22.1954],[114.1373,22.2683],[114.1337,22.2926],[114.1877,22.2961],[114.2453,22.2631],[114.2453,22.2336],[114.2309,22.2111]]]]}},{"type":"Feature","properties":{"iso":"348","name":"헝가리","en":"Hungary"},"geometry":{"type":"Polygon","coordinates":[[[22.1312,48.4056],[22.7684,48.1088],[22.8764,47.9473],[21.998,47.5046],[21.2636,46.4127],[20.6624,46.1453],[19.6148,46.1696],[18.4376,45.7669],[17.8076,45.7912],[16.5152,46.4995],[16.2848,46.8571],[16.094,46.864],[16.454,47.0064],[16.4432,47.3987],[16.6772,47.5359],[16.4216,47.6748],[17.066,47.7077],[17.1488,48.0063],[17.7608,47.7702],[18.7256,47.7876],[18.7904,48.0011],[19.6256,48.2233],[19.8992,48.1313],[20.3348,48.2962],[20.4896,48.5271],[21.4508,48.5514],[21.7208,48.3466],[22.1312,48.4056]]]}},{"type":"Feature","properties":{"iso":"352","name":"아이슬란드","en":"Iceland"},"geometry":{"type":"Polygon","coordinates":[[[-15.5432,66.2292],[-14.5963,66.3819],[-15.1148,66.1024],[-14.6971,66.0208],[-14.8267,65.7639],[-14.3911,65.7882],[-14.3191,65.6841],[-14.4739,65.5747],[-14.1679,65.6424],[-13.6171,65.5191],[-13.8043,65.3542],[-13.5703,65.0678],[-13.8547,64.9931],[-13.8511,64.8629],[-14.0455,64.7414],[-14.3839,64.7449],[-14.4343,64.5383],[-14.6287,64.4168],[-15.8312,64.1772],[-16.6412,63.8647],[-17.8148,63.7137],[-17.948,63.5349],[-18.6536,63.4064],[-20.198,63.5557],[-20.4932,63.6876],[-20.414,63.8057],[-20.6516,63.738],[-21.152,63.9446],[-22.6532,63.8283],[-22.7,64.0835],[-22.5092,63.9915],[-22.0556,64.0713],[-21.4616,64.3786],[-22.052,64.3143],[-21.9008,64.3925],[-22.0016,64.4133],[-21.9512,64.5157],[-21.5912,64.6268],[-22.16,64.5383],[-22.3256,64.6251],[-22.2464,64.7275],[-22.466,64.7952],[-23.8196,64.7397],[-24.0248,64.8629],[-21.8936,65.0487],[-21.7784,65.1876],[-22.5092,65.1962],[-21.8432,65.448],[-22.9016,65.5799],[-23.8988,65.408],[-24.4748,65.5243],[-24.248,65.6146],[-23.8556,65.5382],[-24.0932,65.7761],[-23.6144,65.6788],[-23.2868,65.75],[-23.834,65.849],[-23.5244,65.8802],[-23.7764,66.0174],[-23.4344,66.0243],[-23.6,66.1094],[-23.4524,66.1806],[-23.0204,65.9826],[-22.6604,66.026],[-22.6172,65.8681],[-22.4408,65.908],[-22.4444,66.0694],[-22.9484,66.2135],[-22.484,66.2656],[-23.1176,66.3385],[-22.8908,66.441],[-22.4264,66.4305],[-21.4076,66.026],[-21.5156,65.967],[-21.3104,65.8958],[-21.3752,65.7413],[-21.6596,65.724],[-21.3644,65.5782],[-21.4328,65.474],[-21.1304,65.2674],[-20.8028,65.6372],[-20.4536,65.5712],[-20.3564,66.033],[-20.2088,66.1007],[-19.4888,65.7674],[-19.3844,66.0764],[-18.8444,66.184],[-18.1424,65.7344],[-18.2972,66.158],[-17.9084,66.1441],[-17.552,65.9636],[-17.1524,66.2031],[-16.4864,66.1962],[-16.5404,66.4462],[-16.2488,66.5225],[-15.986,66.5139],[-15.5432,66.2292]]]}},{"type":"Feature","properties":{"iso":"356","name":"인도","en":"India"},"geometry":{"type":"MultiPolygon","coordinates":[[[[68.1649,23.8568],[68.7229,23.9644],[68.7805,24.3134],[69.8065,24.1658],[70.4905,24.4123],[70.7173,24.2387],[71.0449,24.4002],[71.0485,24.6883],[70.6525,25.4227],[70.6489,25.6674],[70.2637,25.7074],[70.1017,25.9105],[70.1485,26.5059],[69.5077,26.742],[69.5365,27.1222],[70.4041,28.0249],[70.7965,27.709],[71.8693,27.9624],[72.3409,28.7523],[72.9493,29.0891],[73.3813,29.9345],[73.8097,30.0925],[73.9321,30.2227],[73.8997,30.4345],[74.6341,31.0352],[74.5189,31.1862],[74.5549,31.8181],[75.3254,32.2156],[75.2354,32.3719],[74.6845,32.4934],[74.6629,32.7573],[74.3533,32.7694],[74.3029,32.9916],[74.0041,33.1895],[74.1517,33.5072],[73.9753,33.7208],[74.2525,33.9464],[73.9033,34.0749],[73.9717,34.2364],[73.7953,34.3787],[73.9609,34.653],[74.2993,34.7658],[75.7106,34.5037],[76.5962,34.7363],[77.7986,35.4967],[78.0434,35.4793],[78.011,35.2502],[78.3278,34.6061],[78.9686,34.3023],[78.7274,34.0141],[78.803,33.5003],[79.1342,33.1722],[79.2206,32.5003],[78.9182,32.358],[78.7022,32.5976],[78.389,32.5194],[78.7346,31.9587],[78.7418,31.3233],[79.1054,31.4032],[79.4942,30.9935],[80.1494,30.7904],[80.1926,30.5682],[80.6822,30.4154],[81.0098,30.1637],[80.4014,29.7297],[80.0702,28.8304],[80.4194,28.6117],[80.5886,28.6499],[81.8522,27.867],[82.6766,27.6743],[82.7342,27.5198],[83.2886,27.3705],[84.0914,27.492],[84.6098,27.2993],[84.6854,27.0406],[85.2399,26.7507],[85.6467,26.8288],[85.7943,26.6049],[86.0067,26.65],[86.7015,26.4348],[87.0147,26.5563],[87.2883,26.3601],[87.9939,26.3827],[88.1631,26.7247],[87.9831,27.1344],[88.1415,27.9485],[88.5771,28.0926],[88.8039,28.0076],[88.7499,27.5215],[88.8903,27.3166],[88.7391,27.176],[88.8579,26.9608],[89.1495,26.8167],[89.7651,26.7021],[90.3447,26.8896],[90.7407,26.7715],[91.9971,26.8549],[92.0835,27.2906],[91.9899,27.4503],[91.5939,27.5579],[91.6335,27.7593],[92.5479,27.8791],[93.2535,28.6291],[93.7611,28.7297],[94.6215,29.313],[95.3884,29.037],[96.0364,29.4467],[96.3568,29.2488],[96.1228,29.0822],[96.1372,28.9224],[96.436,29.0509],[96.58,28.7645],[96.2812,28.4121],[96.6016,28.4607],[97.3216,28.2176],[97.336,27.9381],[96.8752,27.5875],[97.102,27.1153],[96.7312,27.3323],[96.1912,27.2611],[95.1292,26.5979],[95.05,26.348],[95.1328,26.0407],[94.5783,25.3202],[94.7079,25.0494],[94.1283,23.8759],[93.3255,24.0634],[93.3651,23.1329],[93.1635,23.0322],[93.0771,22.718],[93.1527,22.2302],[92.9079,21.9888],[92.7207,22.1329],[92.5731,21.9784],[92.2455,23.6832],[91.9287,23.6867],[91.7523,23.053],[91.6191,22.9801],[91.4355,23.2006],[91.3167,23.1051],[91.1655,23.5808],[91.3671,24.0929],[91.8783,24.1953],[92.1015,24.4088],[92.2275,24.881],[92.4435,24.8498],[92.4687,24.9435],[92.0511,25.1692],[90.4383,25.1571],[89.8335,25.2925],[89.8227,25.9417],[89.6715,26.2143],[89.5491,26.006],[89.3691,26.006],[89.0199,26.4104],[88.9227,26.3757],[88.9695,26.2507],[88.8291,26.2525],[88.3683,26.565],[88.4403,26.3688],[88.0839,25.8879],[88.9515,25.2595],[88.4547,25.1883],[88.0227,24.6276],[88.7247,24.2752],[88.5663,23.6745],[88.7247,23.2544],[88.9299,23.1867],[88.8507,23.0409],[89.0487,22.2753],[88.9479,21.9385],[89.0523,21.6538],[88.8579,21.7441],[88.7463,21.5844],[88.6419,22.1225],[88.5843,21.659],[88.4475,21.6139],[88.2891,21.758],[88.2531,21.6226],[88.1235,21.6364],[88.1955,22.1399],[87.9399,22.3742],[88.1595,22.1225],[87.9471,21.8257],[87.1011,21.501],[86.8599,21.2372],[86.9751,20.7007],[86.7519,20.3136],[86.3775,20.0063],[86.2443,20.0532],[86.2155,19.8952],[85.5747,19.6921],[85.5027,19.8883],[85.2471,19.7581],[85.1823,19.5949],[85.4415,19.6261],[84.7718,19.1262],[84.1058,18.2929],[82.3598,17.0968],[82.259,16.5604],[81.7622,16.3295],[81.287,16.3364],[80.9774,15.7583],[80.6462,15.8955],[80.2934,15.7115],[80.0522,15.0743],[80.3078,13.4859],[80.1566,13.7133],[80.063,13.6057],[80.3438,13.3609],[80.2286,12.6908],[79.8578,11.9895],[79.6922,11.3124],[79.8362,11.269],[79.8398,10.3229],[79.3142,10.2569],[78.9398,9.566],[79.019,9.3334],[79.4114,9.1928],[78.9794,9.2691],[78.4214,9.1042],[78.191,8.8907],[78.0614,8.3838],[77.5178,8.0783],[77.0642,8.3161],[76.553,8.9029],[76.3262,9.4514],[76.2434,9.9271],[76.4594,9.5365],[76.3478,9.9219],[75.725,11.361],[74.9437,12.5641],[74.3821,14.4945],[73.9501,15.0743],[73.8025,15.3972],[73.9321,15.3972],[73.7701,15.5726],[73.8313,15.6594],[73.6801,15.7097],[73.3381,16.4597],[72.8737,18.6436],[73.0069,19.0203],[72.9709,19.154],[72.8341,18.9751],[72.8017,19.0793],[72.8125,19.2998],[72.9889,19.2772],[72.7873,19.3623],[72.6685,19.831],[72.8953,20.673],[72.8125,21.1174],[72.6253,21.3726],[72.7333,21.4715],[72.6145,21.4611],[73.1113,21.751],[72.5425,21.6972],[72.7009,21.9715],[72.5209,21.9767],[72.5533,22.1607],[72.8089,22.2336],[72.1825,22.2701],[72.2761,22.0895],[72.0385,21.8222],[72.2113,21.7284],[72.2545,21.5305],[72.0169,21.1556],[71.0233,20.7389],[70.4833,20.8396],[68.9713,22.2909],[69.0505,22.4367],[69.2773,22.2857],[70.1773,22.5721],[70.4905,23.0895],[70.3393,22.9402],[69.6661,22.7596],[69.2377,22.8482],[68.6401,23.1902],[68.4169,23.5721],[68.7769,23.8516],[68.2333,23.5964],[68.1649,23.8568]]],[[[92.7243,11.5364],[92.6667,11.5381],[92.5335,11.8732],[92.6775,12.1926],[92.7891,12.2256],[92.7207,12.5415],[92.8575,13.3574],[92.9259,13.4859],[93.0627,13.5449],[93.0771,13.4008],[93.0159,13.3366],[93.0663,13.222],[92.8863,12.9425],[92.9655,12.8505],[92.9907,12.538],[92.8647,12.4356],[92.8683,12.1822],[92.7459,11.9929],[92.7963,11.8749],[92.7243,11.5364]]],[[[93.8907,6.8318],[93.8295,6.7485],[93.7107,7.0002],[93.6567,7.0158],[93.6567,7.1356],[93.6855,7.1842],[93.8223,7.2363],[93.8583,7.2068],[93.9303,6.9742],[93.8907,6.8318]]],[[[92.5011,10.5555],[92.4723,10.5208],[92.3679,10.5468],[92.3787,10.651],[92.3535,10.7517],[92.3715,10.7934],[92.4471,10.8663],[92.5119,10.8975],[92.5551,10.8003],[92.5731,10.7048],[92.5011,10.5555]]],[[[93.5379,8.0574],[93.4911,8.0192],[93.4767,8.0244],[93.4551,8.172],[93.4947,8.2241],[93.5307,8.2137],[93.5127,8.1598],[93.5379,8.0574]]],[[[92.7171,12.8644],[92.6847,12.8002],[92.6811,12.9391],[92.6955,12.9564],[92.7099,12.9616],[92.7315,12.9477],[92.7171,12.8644]]],[[[93.7323,7.3561],[93.6387,7.2623],[93.5955,7.3196],[93.6135,7.3578],[93.6927,7.4099],[93.7323,7.3561]]],[[[92.6919,11.3819],[92.6451,11.361],[92.5947,11.3871],[92.6343,11.427],[92.6415,11.5086],[92.6883,11.4635],[92.6919,11.3819]]],[[[93.4443,7.8786],[93.3651,7.8769],[93.3435,7.9185],[93.3111,7.9637],[93.3327,8.0071],[93.3759,8.0175],[93.4335,7.9481],[93.4479,7.8994],[93.4443,7.8786]]],[[[93.1419,8.2501],[93.1707,8.2119],[93.1167,8.2189],[93.0627,8.2744],[93.0771,8.3282],[93.0987,8.3491],[93.1419,8.2501]]],[[[93.0159,12.0363],[93.0627,11.8992],[92.9835,11.96],[92.9547,12.0016],[92.9943,12.0311],[93.0159,12.0363]]],[[[92.7891,9.1372],[92.7423,9.1303],[92.7171,9.165],[92.7135,9.2049],[92.7387,9.231],[92.7603,9.2431],[92.7855,9.2414],[92.8107,9.1737],[92.7891,9.1372]]],[[[72.7801,11.2031],[72.7729,11.1961],[72.7729,11.2135],[72.7801,11.243],[72.7909,11.2621],[72.7945,11.2603],[72.7945,11.2412],[72.7873,11.2152],[72.7801,11.2031]]],[[[73.0681,8.2692],[73.0537,8.2571],[73.0393,8.2519],[73.0285,8.2536],[73.0249,8.2657],[73.0249,8.2762],[73.0393,8.264],[73.0573,8.2744],[73.0753,8.3057],[73.0789,8.3161],[73.0825,8.3109],[73.0789,8.2935],[73.0681,8.2692]]]]}},{"type":"Feature","properties":{"iso":"360","name":"인도네시아","en":"Indonesia"},"geometry":{"type":"MultiPolygon","coordinates":[[[[96.4936,5.2295],[97.5484,5.2052],[98.2468,4.4153],[98.308,4.0924],[99.7336,3.1827],[100.5256,2.1897],[100.8892,1.9484],[100.828,2.2418],[101.0476,2.2574],[101.476,1.6932],[101.7856,1.6221],[102.0988,1.3582],[102.3904,0.8426],[103.0312,0.5787],[103.006,0.4155],[102.5488,0.2159],[103.3372,0.5145],[103.672,0.2888],[103.7872,0.0475],[103.4272,-0.1921],[103.438,-0.5757],[103.7224,-0.8865],[104.3812,-1.074],[104.5144,-1.8187],[104.8456,-2.093],[104.6512,-2.5947],[104.9716,-2.3708],[105.3965,-2.3794],[106.0445,-3.1068],[105.8429,-3.6137],[105.8861,-5.0095],[105.7493,-5.8185],[105.3497,-5.5494],[105.0797,-5.7455],[104.6404,-5.5199],[104.6836,-5.8931],[104.6008,-5.9053],[103.8304,-5.0789],[102.538,-4.1519],[102.1276,-3.5998],[101.5768,-3.1676],[100.8892,-2.2492],[100.8568,-1.935],[100.3096,-0.8274],[99.6688,0.0458],[99.1576,0.3513],[98.596,1.8651],[97.6996,2.3581],[97.5916,2.8459],[96.9688,3.5751],[96.4432,3.8164],[95.5792,4.6618],[95.2084,5.2833],[95.2264,5.5645],[95.6296,5.6097],[96.1336,5.2937],[96.4936,5.2295]]],[[[109.6301,2.0283],[109.5401,1.8963],[109.6553,1.6151],[110.5049,0.8617],[111.1025,1.0509],[111.8081,1.011],[112.0781,1.1429],[112.1861,1.4398],[112.4777,1.5596],[112.9421,1.5665],[113.0069,1.4346],[113.6225,1.2367],[113.9033,1.4346],[114.5117,1.4519],[114.8321,1.9797],[114.7853,2.2505],[115.1778,2.523],[115.1166,2.8945],[115.455,3.0352],[115.6782,4.1931],[115.8618,4.3476],[117.1002,4.3372],[117.5754,4.1705],[117.4638,4.0768],[117.777,3.6896],[117.057,3.6219],[117.345,3.4258],[117.3522,3.1931],[117.6114,3.0647],[117.5682,2.9293],[118.065,2.3182],[117.7878,2.0265],[118.9866,0.9815],[118.533,0.8131],[118.1946,0.8738],[117.9102,1.0995],[117.9642,0.8895],[117.7446,0.7297],[117.5214,0.2367],[117.561,-0.7702],[116.913,-1.2233],[116.7402,-1.0444],[116.7546,-1.3274],[116.2758,-1.7857],[116.4234,-1.7857],[116.4522,-1.9229],[116.3154,-2.1399],[116.5638,-2.2996],[116.5278,-2.5114],[116.3154,-2.5513],[116.3298,-2.902],[116.1678,-2.935],[116.2578,-3.1259],[115.9554,-3.5946],[114.6953,-4.1693],[114.5261,-3.3759],[114.3425,-3.4436],[114.3425,-3.2353],[114.2345,-3.3603],[114.0833,-3.2787],[113.7053,-3.4558],[113.6117,-3.1954],[113.3417,-3.2457],[113.0357,-2.9332],[112.9709,-3.1867],[112.7585,-3.3221],[112.2833,-3.3203],[111.8585,-3.5512],[111.8225,-3.0565],[111.6965,-2.8898],[110.9297,-3.0704],[110.8289,-2.9957],[110.9009,-2.9089],[110.7029,-3.0218],[110.5733,-2.8916],[110.2565,-2.9662],[110.0981,-2.001],[109.9613,-1.8621],[109.9829,-1.2753],[109.7885,-1.0115],[109.2593,-0.8066],[109.3745,-0.6382],[109.1225,-0.3917],[109.2593,0.0319],[108.9461,0.3565],[108.9173,0.912],[108.9569,1.1342],[109.1333,1.254],[109.0109,1.2401],[109.0757,1.4953],[109.3781,1.9224],[109.6301,2.0283]]],[[[140.972,-2.6103],[140.9756,-6.3462],[140.864,-6.7403],[140.9756,-6.9052],[140.9756,-9.1186],[139.982,-8.1673],[140.1152,-7.9242],[139.9352,-8.1013],[139.3844,-8.1898],[139.2476,-7.9833],[138.8912,-8.2384],[139.0892,-7.5874],[138.7472,-7.2507],[139.1756,-7.1899],[138.8444,-7.1361],[138.5996,-6.9364],[138.866,-6.8583],[138.4376,-6.3427],[138.2972,-5.9487],[138.3764,-5.8445],[138.2,-5.8063],[138.3404,-5.6761],[138.0884,-5.7091],[138.0596,-5.466],[137.2784,-4.9452],[135.9788,-4.5303],[135.194,-4.4505],[134.6791,-4.079],[134.7079,-3.954],[134.8879,-3.9384],[134.2651,-3.9453],[134.1463,-3.796],[133.9735,-3.8186],[133.6783,-3.4801],[133.8403,-3.0547],[133.6999,-3.0877],[133.6531,-3.3637],[133.5199,-3.4124],[133.4011,-3.8984],[133.2499,-4.0616],[132.9151,-4.0564],[132.7531,-3.704],[132.8683,-3.5512],[132.7531,-3.2943],[131.9719,-2.7891],[132.2311,-2.6798],[132.7243,-2.7891],[133.1923,-2.4385],[133.6999,-2.6242],[133.9051,-2.3916],[133.7899,-2.2944],[133.9231,-2.1017],[132.9619,-2.2718],[132.3067,-2.2423],[132.0223,-1.9906],[131.9287,-1.56],[130.9999,-1.3847],[131.2555,-0.8552],[131.8027,-0.7042],[132.3931,-0.3553],[132.8575,-0.4177],[133.4731,-0.7268],[133.9735,-0.7441],[134.1103,-0.8465],[134.0707,-1.001],[134.2579,-1.3621],[134.1067,-1.7215],[134.1931,-2.3083],[134.4595,-2.8325],[134.5675,-2.5096],[134.7007,-2.9332],[134.8447,-2.9089],[134.9167,-3.2492],[135.2516,-3.369],[135.4856,-3.3447],[135.86,-2.9957],[136.3892,-2.2735],[137.0732,-2.1051],[137.1704,-2.0253],[137.1236,-1.8413],[137.8076,-1.4837],[139.7912,-2.3482],[140.6228,-2.4454],[140.7488,-2.6069],[140.972,-2.6103]]],[[[107.3729,-6.0077],[107.6681,-6.216],[108.3305,-6.2854],[108.6761,-6.7906],[110.4257,-6.9469],[110.8361,-6.4243],[111.1817,-6.6865],[111.5417,-6.6483],[112.0889,-6.893],[112.5389,-6.926],[112.7945,-7.3045],[112.7945,-7.5527],[113.0141,-7.6569],[114.0689,-7.6326],[114.4109,-7.7923],[114.3857,-8.4051],[114.5837,-8.7697],[113.2517,-8.2871],[112.6793,-8.4086],[111.5093,-8.3044],[110.6057,-8.1499],[109.2809,-7.7055],[108.7409,-7.6673],[108.4529,-7.7975],[107.9165,-7.7246],[107.2865,-7.4711],[106.4549,-7.3687],[106.5197,-7.0545],[106.1993,-6.9278],[105.2561,-6.8358],[105.3713,-6.6639],[105.4829,-6.7819],[105.6557,-6.4695],[105.7853,-6.4573],[105.8681,-6.117],[106.0733,-5.9139],[106.8257,-6.098],[107.0453,-5.9035],[107.3729,-6.0077]]],[[[124.8906,0.9954],[124.4262,0.4711],[123.753,0.3062],[123.267,0.327],[122.997,0.4937],[121.0134,0.4416],[120.5778,0.5284],[120.1926,0.268],[120.0126,-0.1955],[120.063,-0.5549],[120.6678,-1.3708],[121.1502,-1.3396],[121.575,-0.8292],[121.971,-0.9333],[122.2806,-0.7563],[122.889,-0.7545],[122.8278,-0.6591],[123.1698,-0.5705],[123.4326,-0.7788],[123.3786,-1.0045],[122.9034,-0.9004],[122.2518,-1.5548],[121.6506,-1.8951],[121.3554,-1.8777],[122.2914,-2.9072],[122.3994,-3.2006],[122.2518,-3.6207],[122.691,-4.0842],[122.8494,-4.0651],[122.871,-4.3915],[122.115,-4.5408],[122.0394,-4.8324],[121.5894,-4.7595],[121.485,-4.5807],[121.6182,-4.0929],[120.891,-3.52],[121.053,-3.1676],[121.053,-2.7509],[120.6534,-2.6676],[120.261,-2.9488],[120.4374,-3.7075],[120.4194,-4.6171],[120.279,-5.1466],[120.4302,-5.591],[119.9514,-5.5772],[119.7174,-5.6935],[119.559,-5.6119],[119.361,-5.315],[119.6238,-4.0338],[119.469,-3.513],[118.9218,-3.4835],[118.785,-2.7214],[119.091,-2.4836],[119.3214,-1.9298],[119.3106,-1.409],[119.5086,-0.9073],[119.7102,-0.6816],[119.8434,-0.8622],[119.721,-0.0879],[120.2682,0.9711],[120.603,0.8547],[120.8694,1.2523],[121.0818,1.3269],[121.593,1.0683],[122.4354,1.0179],[122.8386,0.8461],[123.0654,0.9415],[123.8466,0.8374],[124.275,1.0231],[124.9482,1.6724],[125.1103,1.6863],[125.2327,1.5023],[124.8906,0.9954]]],[[[122.7846,-8.6117],[121.6506,-8.8981],[121.413,-8.8148],[121.3266,-8.9172],[121.035,-8.9346],[120.549,-8.8026],[119.9082,-8.8582],[119.8074,-8.6985],[119.8758,-8.419],[120.6102,-8.2402],[121.4454,-8.577],[121.9674,-8.4554],[122.3238,-8.629],[122.8494,-8.3044],[122.9178,-8.2211],[122.7594,-8.1864],[122.9178,-8.1048],[123.0042,-8.3287],[122.7846,-8.6117]]],[[[127.7311,0.8478],[127.8823,0.8322],[127.9687,1.0422],[128.1595,1.1585],[128.2207,1.3998],[128.6887,1.5717],[128.7031,1.1065],[128.2999,0.8773],[128.2603,0.7332],[128.6095,0.5492],[128.6923,0.36],[128.9011,0.2159],[127.9831,0.4711],[127.8859,0.2975],[127.9795,-0.2476],[128.4259,-0.8934],[128.0479,-0.7059],[127.6915,-0.2424],[127.7095,0.2888],[127.5367,0.6117],[127.6087,0.8478],[127.4287,1.1394],[127.6303,1.8443],[128.0371,2.1984],[127.8859,1.8321],[128.0119,1.7019],[128.0119,1.3321],[127.6519,1.0145],[127.7311,0.8478]]],[[[129.7543,-2.8655],[129.9847,-2.9766],[130.3807,-2.9888],[130.5715,-3.1311],[130.8595,-3.5703],[130.8055,-3.8585],[129.8443,-3.3273],[129.5131,-3.329],[129.4663,-3.454],[128.8615,-3.2353],[128.5159,-3.4488],[128.1307,-3.1572],[127.9039,-3.4957],[127.8787,-3.2214],[128.1991,-2.8655],[128.9911,-2.8291],[129.1747,-2.9332],[129.4843,-2.7857],[129.7543,-2.8655]]],[[[118.2414,-8.3183],[118.6122,-8.2801],[118.713,-8.4155],[118.749,-8.3305],[118.9254,-8.2975],[119.1306,-8.669],[119.0046,-8.7488],[118.7454,-8.7349],[118.8318,-8.8339],[118.479,-8.8565],[118.3962,-8.8131],[118.3782,-8.6742],[118.191,-8.8408],[117.0606,-9.0995],[116.787,-9.0058],[116.8338,-8.5318],[117.165,-8.3669],[117.5682,-8.4259],[117.8058,-8.7106],[117.9678,-8.728],[118.2342,-8.5926],[117.8166,-8.3426],[117.7554,-8.1499],[117.921,-8.0891],[118.119,-8.1221],[118.2414,-8.3183]]],[[[120.0126,-9.3755],[120.2214,-9.5057],[120.2898,-9.6481],[120.4446,-9.6463],[120.5562,-9.7193],[120.783,-9.9571],[120.8334,-10.0369],[120.8046,-10.1081],[120.6966,-10.2071],[120.4374,-10.2939],[120.2538,-10.2418],[119.6022,-9.7731],[119.0838,-9.7071],[118.9578,-9.5196],[119.0298,-9.4398],[119.2962,-9.3668],[119.7966,-9.3807],[119.9406,-9.3009],[120.0126,-9.3755]]],[[[106.0445,-1.6694],[106.1633,-1.8673],[106.2101,-2.1885],[106.3649,-2.4645],[106.8185,-2.5739],[106.7069,-2.6572],[106.6133,-2.895],[106.6673,-3.0721],[105.9977,-2.8256],[105.9077,-2.6433],[105.9401,-2.494],[105.8069,-2.3083],[105.7853,-2.1815],[105.5513,-2.0791],[105.3425,-2.1242],[105.1337,-2.0426],[105.1913,-1.9177],[105.3749,-1.8135],[105.3749,-1.6573],[105.4613,-1.5739],[105.5837,-1.5271],[105.7025,-1.7319],[105.7529,-1.659],[105.7205,-1.534],[105.9113,-1.5045],[106.0265,-1.593],[106.0445,-1.6694]]],[[[124.923,-8.9433],[124.9374,-9.0526],[125.0995,-9.004],[125.1499,-9.0422],[125.0995,-9.1898],[124.959,-9.2141],[125.0671,-9.5127],[124.9626,-9.6654],[124.4262,-10.148],[124.1742,-10.1828],[123.8574,-10.3442],[123.645,-10.3112],[123.6126,-10.2158],[123.717,-10.0786],[123.591,-9.9675],[123.7098,-9.6151],[124.0374,-9.3408],[124.0914,-9.4172],[124.3182,-9.4137],[124.4118,-9.3148],[124.4442,-9.1898],[124.923,-8.9433]]],[[[135.4748,-1.5913],[136.202,-1.6555],[136.3892,-1.7215],[136.8176,-1.7545],[136.8932,-1.7996],[136.6232,-1.8725],[136.2272,-1.8934],[135.8672,-1.7527],[135.4892,-1.6677],[135.4748,-1.5913]]],[[[113.8457,-7.1048],[113.6549,-7.1118],[113.4713,-7.2177],[113.1257,-7.2246],[112.7621,-7.1396],[112.7261,-7.0736],[112.8665,-6.9],[113.0681,-6.8792],[113.9753,-6.8722],[114.0725,-6.9607],[114.0833,-6.9885],[113.8853,-7.0493],[113.8457,-7.1048]]],[[[138.5348,-8.2732],[138.2972,-8.4051],[137.6492,-8.386],[137.8328,-7.9329],[138.0812,-7.5666],[138.2972,-7.4381],[138.5456,-7.3791],[138.7688,-7.3913],[138.9632,-7.5874],[138.9884,-7.6968],[138.7868,-8.0596],[138.5348,-8.2732]]],[[[123.1806,-4.5512],[123.195,-4.822],[123.1194,-4.723],[123.0546,-4.7491],[122.9718,-5.1379],[122.9826,-5.1866],[123.051,-5.157],[123.2022,-5.2734],[123.1878,-5.3324],[123.0438,-5.4192],[122.9682,-5.4053],[122.8134,-5.6709],[122.7342,-5.6344],[122.6442,-5.664],[122.5866,-5.4886],[122.7666,-5.2109],[122.8494,-4.8307],[122.853,-4.6189],[122.9466,-4.4435],[123.0762,-4.3863],[123.069,-4.4331],[123.1806,-4.5512]]],[[[115.4478,-8.1551],[115.5486,-8.2089],[115.7034,-8.4068],[115.3326,-8.6152],[115.221,-8.82],[115.1454,-8.8495],[115.0914,-8.8287],[115.1418,-8.6968],[115.0554,-8.5735],[114.8429,-8.4277],[114.6125,-8.3791],[114.5009,-8.261],[114.4685,-8.1655],[114.5045,-8.1169],[114.9401,-8.1864],[115.1526,-8.0666],[115.4478,-8.1551]]],[[[126.8599,-3.0877],[127.0255,-3.1658],[127.2271,-3.3915],[127.2307,-3.6328],[127.0867,-3.671],[126.9427,-3.7648],[126.6871,-3.8238],[126.2155,-3.6051],[126.0571,-3.421],[126.0283,-3.1711],[126.0895,-3.1051],[126.2191,-3.1485],[126.5539,-3.0652],[126.8599,-3.0877]]],[[[130.8127,-0.0046],[131.0251,-0.0393],[131.2771,-0.1504],[131.3383,-0.291],[131.2195,-0.3743],[131.0971,-0.3292],[131.0071,-0.3605],[130.8091,-0.2268],[130.6831,-0.081],[130.6219,-0.0862],[130.7623,-0.291],[130.8415,-0.298],[130.8991,-0.3448],[130.8955,-0.416],[130.7515,-0.4438],[130.7011,-0.3917],[130.6903,-0.2962],[130.5499,-0.3657],[130.4959,-0.2667],[130.3411,-0.2615],[130.2367,-0.2094],[130.2943,-0.1018],[130.3627,-0.0723],[130.4311,-0.0983],[130.8127,-0.0046]]],[[[126.8023,-7.6673],[126.8131,-7.7385],[126.5791,-7.8079],[126.4711,-7.9503],[126.0391,-7.886],[125.7979,-7.985],[125.8087,-7.8808],[125.9743,-7.6638],[126.2155,-7.7072],[126.6079,-7.5718],[126.7267,-7.6621],[126.8023,-7.6673]]],[[[124.9698,-1.7059],[125.0635,-1.7406],[125.1463,-1.692],[125.1895,-1.7128],[125.1967,-1.7805],[125.2579,-1.7701],[125.3191,-1.81],[125.3155,-1.8777],[125.1355,-1.8881],[125.0059,-1.9437],[124.833,-1.8951],[124.6386,-1.9784],[124.419,-2.0045],[124.329,-1.8586],[124.3794,-1.6868],[124.419,-1.659],[124.6638,-1.6364],[124.9698,-1.7059]]],[[[135.3848,-0.6521],[135.6728,-0.6886],[135.7484,-0.732],[135.8924,-0.725],[136.1552,-0.9785],[136.3748,-1.0948],[136.3064,-1.1729],[136.166,-1.2146],[136.004,-1.1694],[135.914,-1.1781],[135.8384,-1.1191],[135.7484,-0.8222],[135.644,-0.8813],[135.5252,-0.7875],[135.482,-0.8014],[135.4316,-0.7684],[135.3848,-0.6521]]],[[[97.48,1.4658],[97.6996,1.1846],[97.786,1.1464],[97.9336,0.9745],[97.876,0.6291],[97.822,0.5648],[97.6852,0.5961],[97.6024,0.8339],[97.462,0.9415],[97.4044,0.9467],[97.2964,1.1881],[97.0804,1.4259],[97.246,1.4241],[97.3576,1.5405],[97.48,1.4658]]],[[[126.0247,-1.7892],[126.3307,-1.8222],[126.2875,-1.8586],[125.9563,-1.9159],[125.4775,-1.9402],[125.4343,-1.9385],[125.3875,-1.843],[125.5207,-1.8013],[126.0247,-1.7892]]],[[[134.7475,-5.7074],[134.7547,-5.8827],[134.7115,-5.9504],[134.7511,-6.0493],[134.7547,-6.1709],[134.7151,-6.2959],[134.6359,-6.3653],[134.4415,-6.334],[134.1535,-6.0632],[134.1535,-6.0198],[134.3011,-6.0094],[134.3443,-5.8323],[134.2039,-5.7074],[134.2471,-5.6813],[134.3407,-5.7126],[134.4919,-5.5251],[134.5063,-5.4383],[134.5711,-5.4279],[134.6179,-5.4383],[134.6575,-5.539],[134.6467,-5.5806],[134.7007,-5.6032],[134.7475,-5.7074]]],[[[131.3239,-7.9989],[131.1151,-7.9971],[131.1223,-7.9225],[131.0863,-7.8652],[131.1367,-7.7819],[131.1367,-7.6847],[131.1907,-7.6725],[131.2591,-7.4711],[131.3491,-7.426],[131.4823,-7.2507],[131.5363,-7.2211],[131.5291,-7.1656],[131.6443,-7.1135],[131.7019,-7.1396],[131.7379,-7.1968],[131.6443,-7.2663],[131.6911,-7.4381],[131.6227,-7.6256],[131.3779,-7.8687],[131.3239,-7.9989]]],[[[116.6394,-8.6134],[116.5134,-8.8217],[116.5854,-8.886],[116.3766,-8.9294],[116.2398,-8.912],[115.8762,-8.8252],[115.8582,-8.7888],[115.869,-8.7436],[116.031,-8.7645],[116.0778,-8.7454],[116.0598,-8.4381],[116.2182,-8.2957],[116.4018,-8.2037],[116.6466,-8.2836],[116.7186,-8.3357],[116.733,-8.3877],[116.6394,-8.6134]]],[[[99.1648,-1.7788],[99.0712,-1.784],[98.8264,-1.6104],[98.8156,-1.5375],[98.6032,-1.1972],[98.6752,-0.9698],[98.8696,-0.916],[98.9344,-0.9542],[98.956,-1.0566],[99.064,-1.2406],[99.1324,-1.442],[99.2656,-1.6277],[99.2728,-1.7388],[99.1648,-1.7788]]],[[[116.3046,-3.8689],[116.0922,-4.0547],[116.0598,-4.0061],[116.0778,-3.8168],[116.0166,-3.7005],[116.0238,-3.612],[116.1174,-3.3394],[116.2686,-3.2509],[116.2614,-3.395],[116.2866,-3.4488],[116.319,-3.763],[116.2902,-3.8203],[116.3046,-3.8689]]],[[[124.5738,-8.1412],[124.599,-8.202],[124.7538,-8.1603],[125.0491,-8.1794],[125.1247,-8.2055],[125.1319,-8.327],[125.0959,-8.353],[124.4442,-8.445],[124.3794,-8.4155],[124.3542,-8.386],[124.4262,-8.2957],[124.3938,-8.2523],[124.4298,-8.1829],[124.509,-8.136],[124.5738,-8.1412]]],[[[122.6442,-5.2699],[122.619,-5.3358],[122.565,-5.3879],[122.475,-5.381],[122.3922,-5.3358],[122.3706,-5.3827],[122.3058,-5.381],[122.2842,-5.3202],[122.3274,-5.1379],[122.3958,-5.0702],[122.3346,-4.8463],[122.3706,-4.7664],[122.7018,-4.6189],[122.7414,-4.6744],[122.7594,-4.9331],[122.6154,-5.1379],[122.6442,-5.2699]]],[[[128.1523,-1.6607],[128.0623,-1.7128],[127.9147,-1.685],[127.7419,-1.6902],[127.5619,-1.7284],[127.4575,-1.6972],[127.3927,-1.6451],[127.4575,-1.4541],[127.5907,-1.35],[127.6483,-1.3326],[127.9039,-1.4385],[128.1487,-1.6034],[128.1523,-1.6607]]],[[[96.4648,2.3599],[96.4,2.3512],[96.3424,2.372],[96.292,2.4293],[96.022,2.596],[95.9392,2.5977],[95.8816,2.6411],[95.8096,2.655],[95.716,2.8268],[95.7736,2.8546],[95.806,2.9154],[95.896,2.8893],[95.9968,2.7817],[96.1012,2.7418],[96.1804,2.6619],[96.418,2.5144],[96.4648,2.3599]]],[[[123.213,-1.1712],[123.2346,-1.2337],[123.1986,-1.2875],[123.2382,-1.3899],[123.339,-1.2545],[123.4362,-1.2371],[123.5262,-1.2858],[123.5478,-1.3378],[123.5118,-1.4472],[123.447,-1.4993],[123.3678,-1.508],[123.3282,-1.4437],[123.2742,-1.4368],[123.2382,-1.5774],[123.1734,-1.6156],[123.123,-1.5566],[123.1842,-1.4923],[123.1518,-1.3048],[122.9826,-1.5114],[122.889,-1.5878],[122.8098,-1.4316],[122.8314,-1.2823],[122.907,-1.1816],[123.159,-1.1573],[123.213,-1.1712]]],[[[134.5351,-6.4417],[134.5027,-6.591],[134.4127,-6.6795],[134.3227,-6.8479],[134.2003,-6.9087],[134.0923,-6.834],[134.0599,-6.7698],[134.1067,-6.4712],[134.1859,-6.4799],[134.1931,-6.459],[134.1247,-6.4261],[134.1139,-6.19],[134.1679,-6.1761],[134.3191,-6.3167],[134.5351,-6.4417]]],[[[108.2081,-2.9975],[108.1685,-3.1433],[108.0569,-3.2266],[107.9777,-3.2214],[107.9417,-3.1294],[107.8589,-3.086],[107.8373,-3.0964],[107.8229,-3.1606],[107.6141,-3.2092],[107.6357,-3.1242],[107.5961,-3.0582],[107.5853,-2.9402],[107.5637,-2.9193],[107.6033,-2.8638],[107.5997,-2.7995],[107.6429,-2.7318],[107.6681,-2.5669],[107.8373,-2.5305],[107.8733,-2.56],[108.0749,-2.5964],[108.2153,-2.6971],[108.2909,-2.8308],[108.2081,-2.9975]]],[[[123.9258,-8.2732],[123.7854,-8.2992],[123.699,-8.4242],[123.6306,-8.4225],[123.591,-8.478],[123.5802,-8.5457],[123.5514,-8.5665],[123.4902,-8.5318],[123.411,-8.5874],[123.3282,-8.5353],[123.231,-8.5301],[123.4758,-8.3218],[123.3966,-8.3009],[123.3894,-8.2801],[123.5298,-8.2645],[123.6018,-8.2905],[123.7746,-8.1898],[123.897,-8.2384],[123.9258,-8.2732]]],[[[120.5274,-6.2976],[120.4878,-6.4642],[120.4338,-6.1795],[120.4518,-6.0945],[120.4482,-5.8757],[120.477,-5.7751],[120.549,-5.9695],[120.5274,-6.2976]]],[[[130.3519,-1.6902],[130.3663,-1.7493],[130.4239,-1.8048],[130.4059,-1.8899],[130.3807,-1.902],[130.4203,-1.9715],[130.3735,-1.9923],[130.3375,-1.9819],[130.2475,-2.0479],[130.1323,-2.0635],[130.0927,-2.0288],[129.8875,-1.9871],[129.7363,-1.8673],[129.9919,-1.7597],[130.3519,-1.6902]]],[[[132.9259,-5.9018],[132.8467,-5.9886],[132.9223,-5.7855],[132.9367,-5.683],[133.0087,-5.6206],[133.1131,-5.3098],[133.1743,-5.348],[133.1203,-5.5754],[132.9727,-5.7351],[132.9259,-5.9018]]],[[[122.9502,-10.9084],[122.8278,-10.8997],[122.817,-10.8112],[122.8458,-10.7626],[123.0618,-10.6984],[123.267,-10.5178],[123.3714,-10.4744],[123.3822,-10.5682],[123.4182,-10.6515],[123.3102,-10.6984],[123.2166,-10.806],[122.9502,-10.9084]]],[[[98.4592,-0.5306],[98.398,-0.5775],[98.308,-0.5323],[98.3404,-0.4681],[98.3548,-0.3796],[98.4088,-0.3084],[98.4268,-0.2268],[98.3224,-0.0011],[98.3728,0.0076],[98.416,-0.0167],[98.5456,-0.258],[98.5204,-0.3796],[98.4592,-0.5306]]],[[[127.5655,-0.3188],[127.6807,-0.4681],[127.6051,-0.6104],[127.6591,-0.6903],[127.8031,-0.6938],[127.8391,-0.7233],[127.8787,-0.8084],[127.8427,-0.8483],[127.7599,-0.883],[127.6663,-0.8327],[127.6231,-0.7667],[127.4611,-0.8066],[127.4395,-0.7389],[127.4683,-0.6434],[127.3819,-0.6],[127.2991,-0.5011],[127.2955,-0.4594],[127.3279,-0.3917],[127.3243,-0.3362],[127.3711,-0.3309],[127.4539,-0.4056],[127.5259,-0.3066],[127.5655,-0.3188]]],[[[103.0276,0.7471],[103.0096,0.7089],[102.97,0.7367],[102.7108,0.7836],[102.4912,0.8565],[102.4552,0.8895],[102.5056,1.0891],[102.5488,1.1308],[102.7252,0.9884],[103.0024,0.8599],[103.0276,0.7471]]],[[[108.3161,3.6896],[108.1793,3.6532],[108.1001,3.7053],[108.2369,3.7851],[108.2441,3.8112],[108.0893,3.8528],[108.0461,3.8893],[108.0029,3.983],[108.0029,4.042],[108.2009,4.2],[108.2477,4.2174],[108.2549,4.1514],[108.3917,3.9865],[108.3953,3.8355],[108.3161,3.6896]]],[[[128.4547,2.0526],[128.2963,2.0352],[128.2603,2.0821],[128.2171,2.2974],[128.3287,2.4692],[128.4727,2.5699],[128.6023,2.5977],[128.6887,2.4744],[128.6239,2.2244],[128.5483,2.0977],[128.4547,2.0526]]],[[[104.7772,-0.1764],[104.806,-0.1921],[104.842,-0.14],[105.0041,-0.2823],[104.95,-0.2841],[104.914,-0.324],[104.7016,-0.2094],[104.5648,-0.2459],[104.446,-0.1886],[104.4964,-0.1261],[104.5432,0.018],[104.6368,-0.0185],[104.6512,-0.0758],[104.7124,-0.1035],[104.7772,-0.1764]]],[[[100.4248,-3.1832],[100.4644,-3.329],[100.3456,-3.2283],[100.3492,-3.1589],[100.3312,-3.1138],[100.2052,-2.987],[100.18,-2.8204],[100.198,-2.7857],[100.2448,-2.7839],[100.4536,-3.0027],[100.468,-3.0391],[100.4644,-3.1172],[100.4356,-3.1415],[100.4248,-3.1832]]],[[[126.8167,4.0334],[126.7771,4.0125],[126.7123,4.0195],[126.7051,4.0716],[126.7699,4.1618],[126.8131,4.259],[126.7663,4.2833],[126.7231,4.3441],[126.7195,4.4153],[126.7591,4.5472],[126.8131,4.5368],[126.8635,4.4795],[126.9211,4.2903],[126.8491,4.1792],[126.8167,4.0334]]],[[[130.9063,-0.7771],[130.8811,-0.8292],[130.8307,-0.8622],[130.4023,-0.9247],[130.4851,-0.8327],[130.5283,-0.8379],[130.6363,-0.8118],[130.8127,-0.8136],[130.8055,-0.765],[130.9063,-0.7771]]],[[[126.0535,-2.4506],[126.0391,-2.4697],[125.9779,-2.4159],[125.9383,-2.2631],[125.9023,-2.2215],[125.8627,-2.0774],[125.8735,-2.0357],[125.9239,-1.9749],[125.9635,-1.9749],[125.9923,-2.0114],[125.9743,-2.1676],[126.0643,-2.3655],[126.0535,-2.4506]]],[[[102.4912,1.4589],[102.4984,1.3304],[102.3652,1.4155],[102.2752,1.4537],[102.16,1.4658],[102.0772,1.4988],[102.0196,1.5578],[102.0232,1.6082],[102.0412,1.6255],[102.4696,1.5092],[102.4912,1.4589]]],[[[103.168,0.8704],[103.1356,0.8409],[103.0852,0.8478],[102.8872,0.9971],[102.7036,1.0544],[102.7252,1.1585],[102.79,1.1655],[102.9988,1.0683],[103.0672,1.0145],[103.168,0.8704]]],[[[131.0035,-1.3153],[130.9675,-1.343],[130.8451,-1.317],[130.7839,-1.2562],[130.7119,-1.1052],[130.7047,-1.0497],[130.6687,-0.9837],[130.6723,-0.9594],[130.8955,-0.8899],[130.9387,-0.916],[131.0323,-0.9177],[131.0755,-0.9681],[131.0467,-1.1885],[131.0035,-1.3153]]],[[[102.4264,0.9901],[102.3796,0.9589],[102.3256,1.0075],[102.2788,1.0752],[102.2284,1.3478],[102.2572,1.3964],[102.358,1.346],[102.412,1.261],[102.4444,1.2349],[102.448,1.1568],[102.4264,0.9901]]],[[[101.7064,2.0786],[101.764,1.997],[101.7748,1.9432],[101.7352,1.8825],[101.7208,1.7887],[101.602,1.7158],[101.5012,1.7332],[101.4688,1.7592],[101.404,1.9016],[101.4112,2.0213],[101.4508,2.0682],[101.5444,2.0613],[101.6416,2.1272],[101.7064,2.0786]]],[[[104.5864,1.2158],[104.59,1.1412],[104.6476,1.1047],[104.662,1.0492],[104.6512,0.9606],[104.6008,0.8582],[104.5756,0.8322],[104.5036,0.853],[104.4712,0.9138],[104.482,0.9329],[104.428,0.9572],[104.464,0.9954],[104.4388,1.0509],[104.2516,1.0145],[104.2516,1.103],[104.3632,1.1811],[104.428,1.1967],[104.5,1.1794],[104.5864,1.2158]]],[[[128.2747,-3.6745],[128.2495,-3.7109],[128.1919,-3.7353],[128.1415,-3.7335],[128.1595,-3.6971],[128.1451,-3.678],[128.1091,-3.6866],[128.0515,-3.7144],[127.9795,-3.7717],[127.9327,-3.7439],[127.9255,-3.6988],[127.9291,-3.6797],[128.0155,-3.6016],[128.1199,-3.5877],[128.2639,-3.513],[128.3287,-3.5165],[128.2783,-3.6328],[128.2747,-3.6745]]],[[[130.8631,-8.3183],[130.7767,-8.3495],[130.8343,-8.2714],[131.0215,-8.0909],[131.0863,-8.1239],[131.1763,-8.1308],[131.0431,-8.2124],[130.9063,-8.2454],[130.8631,-8.3183]]],[[[122.043,-5.4383],[121.9782,-5.4643],[121.8594,-5.3497],[121.809,-5.256],[121.8198,-5.2022],[121.8738,-5.1449],[121.8666,-5.0963],[121.9134,-5.072],[121.9674,-5.0754],[121.9998,-5.1414],[122.0394,-5.1588],[122.061,-5.2213],[122.043,-5.4383]]],[[[124.2858,-8.3287],[124.2246,-8.3912],[124.185,-8.4988],[124.1454,-8.5318],[124.0662,-8.5509],[124.0158,-8.4433],[123.9294,-8.4485],[123.9726,-8.3548],[124.0122,-8.3183],[124.0698,-8.3183],[124.1094,-8.3634],[124.239,-8.2037],[124.2858,-8.2089],[124.3038,-8.228],[124.2858,-8.3287]]],[[[99.8416,-2.343],[99.8488,-2.369],[99.6868,-2.2822],[99.6076,-2.2579],[99.5392,-2.1607],[99.5716,-2.0253],[99.622,-2.0166],[99.6868,-2.0635],[99.7336,-2.1781],[99.8164,-2.284],[99.8416,-2.343]]],[[[132.8071,-5.8514],[132.7459,-5.9469],[132.7063,-5.9139],[132.6811,-5.9122],[132.6667,-5.8566],[132.6811,-5.7386],[132.6307,-5.6067],[132.6991,-5.6084],[132.7171,-5.6483],[132.7387,-5.6622],[132.8035,-5.7889],[132.8071,-5.8514]]],[[[138.8948,-8.3895],[138.8444,-8.4016],[138.596,-8.3721],[138.5636,-8.3096],[138.6212,-8.268],[138.6752,-8.1985],[138.7616,-8.1742],[138.7976,-8.1742],[138.8984,-8.3374],[138.8948,-8.3895]]],[[[127.8247,-8.0996],[127.9975,-8.1395],[128.0983,-8.1343],[128.1199,-8.1707],[128.0227,-8.2558],[127.8211,-8.1898],[127.7851,-8.1204],[127.8247,-8.0996]]],[[[104.4748,-0.3344],[104.59,-0.4664],[104.5432,-0.5202],[104.5072,-0.5966],[104.4856,-0.6122],[104.4136,-0.5844],[104.3632,-0.6591],[104.3308,-0.5393],[104.2588,-0.4629],[104.302,-0.3865],[104.3416,-0.383],[104.3632,-0.4021],[104.4748,-0.3344]]],[[[109.7093,-1.1799],[109.5113,-1.2823],[109.4645,-1.2771],[109.4285,-1.2406],[109.4501,-1.0444],[109.4753,-0.9854],[109.6157,-0.9785],[109.6985,-1.008],[109.7417,-1.0392],[109.7597,-1.1052],[109.7525,-1.1451],[109.7093,-1.1799]]],[[[125.6575,3.4362],[125.6323,3.4049],[125.5099,3.4605],[125.5171,3.549],[125.4559,3.6844],[125.4703,3.733],[125.5423,3.6705],[125.6575,3.4362]]],[[[115.3758,-6.9712],[115.2966,-6.9885],[115.221,-6.9521],[115.221,-6.9052],[115.239,-6.8618],[115.3542,-6.8392],[115.4154,-6.8392],[115.5234,-6.9017],[115.545,-6.9382],[115.4226,-6.9399],[115.3758,-6.9712]]],[[[119.4654,-8.7402],[119.4258,-8.7506],[119.3862,-8.7367],[119.4006,-8.6464],[119.379,-8.5874],[119.4186,-8.5388],[119.4294,-8.4554],[119.4474,-8.4294],[119.4834,-8.4728],[119.5482,-8.4832],[119.559,-8.5197],[119.5374,-8.5891],[119.4438,-8.6724],[119.4654,-8.7402]]],[[[100.2052,-2.7405],[100.1332,-2.8221],[100.0144,-2.8204],[99.9928,-2.77],[99.9964,-2.6485],[99.9676,-2.6103],[99.9892,-2.5253],[100.0108,-2.5096],[100.2016,-2.6798],[100.2052,-2.7405]]],[[[123.3174,-8.3548],[123.2958,-8.3982],[123.0258,-8.3947],[123.033,-8.3374],[123.1338,-8.2541],[123.2166,-8.235],[123.3354,-8.2697],[123.3174,-8.3548]]],[[[103.7368,-0.3483],[103.6072,-0.383],[103.4596,-0.357],[103.4776,-0.298],[103.5496,-0.2268],[103.6108,-0.2303],[103.7224,-0.2771],[103.7656,-0.3171],[103.7368,-0.3483]]],[[[117.6474,4.1688],[117.7446,4.167],[117.885,4.1861],[117.9246,4.0542],[117.7374,4.0039],[117.6258,4.1219],[117.6474,4.1688]]],[[[133.5703,-4.2456],[133.6207,-4.2995],[133.5019,-4.2578],[133.3327,-4.1693],[133.3219,-4.1102],[133.4659,-4.2005],[133.5703,-4.2456]]],[[[102.3688,-5.4782],[102.286,-5.4834],[102.1348,-5.3602],[102.1096,-5.322],[102.1528,-5.2855],[102.1996,-5.289],[102.3724,-5.3671],[102.4048,-5.4053],[102.3688,-5.4782]]],[[[121.8846,-10.5907],[121.8342,-10.6029],[121.7262,-10.5734],[121.7046,-10.556],[121.7946,-10.5074],[121.8666,-10.4397],[121.9494,-10.4328],[121.9998,-10.4466],[121.9818,-10.5282],[121.8846,-10.5907]]],[[[123.2418,-4.1137],[123.1446,-4.2335],[123.0762,-4.2265],[122.9934,-4.1484],[122.9682,-4.0304],[123.0258,-3.9818],[123.213,-3.9974],[123.2454,-4.0408],[123.2418,-4.1137]]],[[[127.2487,-0.4959],[127.1875,-0.5219],[127.1191,-0.5202],[127.1047,-0.4143],[127.1263,-0.2789],[127.1911,-0.2563],[127.2883,-0.2841],[127.2523,-0.3188],[127.2811,-0.3917],[127.2487,-0.4959]]],[[[122.979,-8.5457],[122.9466,-8.6047],[122.889,-8.5874],[122.9034,-8.5301],[122.9322,-8.4971],[123.0114,-8.4485],[123.0906,-8.4398],[123.1374,-8.4572],[123.1518,-8.4763],[123.0294,-8.4954],[122.979,-8.5457]]],[[[129.8371,-7.9537],[129.7795,-8.0457],[129.7147,-8.0405],[129.5923,-7.9173],[129.5995,-7.8305],[129.6103,-7.8027],[129.6571,-7.794],[129.8119,-7.8201],[129.8443,-7.8895],[129.8371,-7.9537]]],[[[121.863,-0.4073],[121.9062,-0.4507],[121.881,-0.5028],[121.8486,-0.4907],[121.755,-0.4907],[121.7226,-0.4941],[121.6794,-0.5254],[121.6542,-0.5254],[121.6722,-0.4785],[121.7478,-0.4073],[121.7982,-0.4177],[121.863,-0.4073]]],[[[129.5491,-0.1869],[129.5059,-0.1903],[129.4699,-0.1313],[129.3691,-0.0671],[129.3079,0.0458],[129.5419,-0.14],[129.5491,-0.1869]]],[[[116.4234,-3.4644],[116.3874,-3.6363],[116.3262,-3.5391],[116.3946,-3.4228],[116.427,-3.4002],[116.4234,-3.4644]]],[[[131.9827,-7.2021],[131.9683,-7.2507],[131.9251,-7.2246],[131.8855,-7.1673],[131.7775,-7.1448],[131.7523,-7.117],[131.9215,-7.1048],[131.9827,-7.2021]]],[[[97.336,2.0752],[97.3288,2.0526],[97.2244,2.1585],[97.1092,2.2175],[97.156,2.2314],[97.2532,2.2158],[97.2928,2.2001],[97.3288,2.1481],[97.336,2.0752]]],[[[117.5574,-8.3669],[117.5322,-8.3686],[117.489,-8.3495],[117.507,-8.3079],[117.4818,-8.2384],[117.489,-8.1829],[117.5466,-8.1516],[117.6654,-8.1482],[117.669,-8.1898],[117.5574,-8.3669]]],[[[103.4488,0.6638],[103.4308,0.6516],[103.3444,0.7784],[103.366,0.8513],[103.3876,0.8704],[103.4344,0.8252],[103.4704,0.7784],[103.4992,0.7228],[103.4488,0.6638]]],[[[130.6255,-0.5289],[130.5679,-0.5306],[130.4671,-0.4872],[130.5247,-0.449],[130.5643,-0.4403],[130.5967,-0.4177],[130.6147,-0.4177],[130.6579,-0.4368],[130.6831,-0.4698],[130.6255,-0.5289]]],[[[126.7195,3.8754],[126.7231,3.832],[126.6619,3.9292],[126.6367,4.042],[126.6871,4.0021],[126.7411,3.9171],[126.7195,3.8754]]],[[[104.0248,1.1811],[104.0896,1.1377],[104.14,1.1655],[104.1256,1.0926],[104.0644,0.9901],[103.9636,1.0127],[103.9384,1.0457],[103.9312,1.0717],[103.9456,1.0874],[103.9564,1.1377],[103.9996,1.1377],[104.0248,1.1811]]],[[[123.5982,-1.7041],[123.5298,-1.7111],[123.483,-1.6816],[123.4866,-1.534],[123.5298,-1.5028],[123.5478,-1.508],[123.5802,-1.5913],[123.6162,-1.6277],[123.5982,-1.7041]]],[[[105.7601,2.8633],[105.7169,2.8598],[105.7061,2.8893],[105.7097,2.9397],[105.6917,3.0109],[105.6917,3.0629],[105.7601,3.0126],[105.8357,2.9761],[105.8105,2.9032],[105.7601,2.8633]]],[[[104.6908,0.0597],[104.698,0.0353],[104.6044,0.0944],[104.5,0.2315],[104.5432,0.2228],[104.6584,0.1031],[104.6908,0.0597]]],[[[123.4146,-10.3026],[123.3246,-10.3373],[123.3246,-10.2644],[123.3966,-10.1706],[123.4578,-10.1394],[123.4938,-10.1776],[123.4974,-10.1932],[123.4038,-10.2279],[123.4146,-10.3026]]],[[[134.9635,-1.1156],[134.9167,-1.1347],[134.8627,-1.1139],[134.8087,-1.0375],[134.8267,-0.9785],[134.8879,-0.9386],[134.9419,-0.9785],[134.9563,-1.0306],[134.9959,-1.034],[134.9635,-1.1156]]],[[[117.6582,3.2799],[117.6474,3.247],[117.561,3.3285],[117.5358,3.3858],[117.5466,3.4327],[117.6366,3.4362],[117.6798,3.4067],[117.6582,3.2799]]],[[[127.2991,-0.7806],[127.2883,-0.8014],[127.1839,-0.7754],[127.1551,-0.7615],[127.2091,-0.6191],[127.2595,-0.6226],[127.3027,-0.758],[127.2991,-0.7806]]],[[[127.4539,-0.0063],[127.4503,-0.0358],[127.4179,0.0058],[127.3963,0.0163],[127.4179,0.1239],[127.4323,0.143],[127.4503,0.0683],[127.4539,-0.0063]]],[[[125.4091,2.6515],[125.3983,2.6289],[125.3587,2.747],[125.3911,2.806],[125.4343,2.7834],[125.4451,2.7626],[125.4055,2.7071],[125.4091,2.6515]]],[[[128.5627,-3.586],[128.3899,-3.638],[128.4295,-3.5408],[128.4511,-3.5148],[128.5375,-3.5408],[128.5627,-3.586]]],[[[106.8869,-3.0061],[106.8689,-3.0252],[106.8149,-3.0148],[106.7753,-2.987],[106.7501,-2.961],[106.7429,-2.9332],[106.7969,-2.8985],[106.9121,-2.9332],[106.8869,-3.0061]]],[[[103.2832,0.5423],[103.1716,0.5353],[103.1392,0.5492],[103.1536,0.6429],[103.186,0.7002],[103.2364,0.6985],[103.294,0.6134],[103.2832,0.5423]]],[[[108.9533,-1.6191],[108.8381,-1.6625],[108.8021,-1.567],[108.8777,-1.5392],[108.9569,-1.5635],[108.9533,-1.6191]]],[[[105.2525,-6.6396],[105.1913,-6.6622],[105.1445,-6.6431],[105.1229,-6.6153],[105.1913,-6.5458],[105.2273,-6.5285],[105.2597,-6.5233],[105.2777,-6.5615],[105.2525,-6.6396]]],[[[120.7758,-7.1187],[120.6714,-7.1239],[120.6426,-7.1153],[120.6318,-7.018],[120.747,-7.0597],[120.783,-7.0632],[120.7758,-7.1187]]],[[[127.9867,-2.9367],[127.9363,-3.02],[127.8499,-3.0165],[127.8355,-3.0044],[127.9399,-2.9523],[127.9867,-2.9367]]],[[[95.3632,5.8128],[95.3416,5.785],[95.284,5.7989],[95.2192,5.8892],[95.2408,5.9065],[95.3596,5.877],[95.3668,5.8423],[95.3632,5.8128]]],[[[108.8885,2.905],[108.8381,2.8529],[108.7877,2.8859],[108.8669,2.9918],[108.8849,2.9987],[108.8885,2.905]]],[[[127.6051,-3.3151],[127.6303,-3.3585],[127.5295,-3.3308],[127.4863,-3.2874],[127.5295,-3.2613],[127.5547,-3.2544],[127.6051,-3.3151]]],[[[104.2408,0.8339],[104.176,0.8044],[104.0968,0.8964],[104.1076,0.9329],[104.122,0.9433],[104.1688,0.8964],[104.2264,0.879],[104.2408,0.8339]]],[[[128.6707,-7.183],[128.6239,-7.209],[128.5519,-7.1569],[128.5303,-7.1343],[128.5771,-7.084],[128.6275,-7.0684],[128.6599,-7.0909],[128.6743,-7.1135],[128.6671,-7.1378],[128.6707,-7.183]]],[[[103.4236,1.0492],[103.4308,0.9936],[103.3624,1.0075],[103.3156,1.0717],[103.3552,1.1169],[103.3804,1.1342],[103.4056,1.0717],[103.4236,1.0492]]],[[[106.2857,3.1567],[106.2821,3.089],[106.2137,3.1289],[106.1993,3.2053],[106.2245,3.2296],[106.2713,3.2157],[106.2857,3.1567]]],[[[124.0518,-5.973],[124.041,-6.0216],[124.005,-5.966],[123.9726,-5.94],[123.9762,-5.881],[124.023,-5.9018],[124.0518,-5.973]]],[[[134.6755,-6.749],[134.6575,-6.7646],[134.6323,-6.7333],[134.6287,-6.7125],[134.6647,-6.6569],[134.6971,-6.6257],[134.7367,-6.624],[134.7259,-6.6691],[134.6755,-6.749]]],[[[112.7189,-5.8115],[112.6973,-5.8462],[112.6037,-5.8445],[112.5857,-5.8028],[112.6469,-5.7317],[112.6901,-5.7264],[112.7261,-5.7525],[112.7189,-5.8115]]],[[[128.7211,-3.546],[128.7211,-3.5894],[128.7139,-3.6033],[128.6599,-3.5877],[128.6203,-3.5894],[128.5843,-3.513],[128.5951,-3.4957],[128.6923,-3.5252],[128.7211,-3.546]]],[[[115.6098,-8.7697],[115.581,-8.8044],[115.5018,-8.7436],[115.4802,-8.7158],[115.5414,-8.6759],[115.563,-8.6707],[115.6134,-8.7124],[115.6098,-8.7697]]],[[[127.4179,-7.6239],[127.3567,-7.6465],[127.3747,-7.5718],[127.3711,-7.5128],[127.4755,-7.5319],[127.4755,-7.5788],[127.4647,-7.5961],[127.4179,-7.6239]]],[[[123.1518,-1.817],[123.0798,-1.8986],[123.0726,-1.8552],[123.087,-1.8152],[123.105,-1.7875],[123.1374,-1.7718],[123.1518,-1.817]]],[[[123.627,-5.2716],[123.6234,-5.3723],[123.5838,-5.3671],[123.5514,-5.3324],[123.5406,-5.2977],[123.5442,-5.2716],[123.5622,-5.249],[123.627,-5.2716]]],[[[103.8268,0.8009],[103.834,0.7714],[103.744,0.8304],[103.7404,0.8721],[103.7512,0.8912],[103.8052,0.8461],[103.8268,0.8009]]],[[[123.8466,-1.9558],[123.8646,-1.9958],[123.8034,-1.994],[123.7782,-1.9194],[123.7818,-1.8777],[123.8466,-1.9558]]],[[[134.8195,-6.4347],[134.7943,-6.4417],[134.7943,-6.3931],[134.8231,-6.3497],[134.8519,-6.3254],[134.8843,-6.3236],[134.8195,-6.4347]]],[[[127.4215,0.6429],[127.3855,0.6308],[127.3747,0.6343],[127.3639,0.6759],[127.3819,0.7436],[127.4251,0.7436],[127.4431,0.7332],[127.4467,0.6829],[127.4215,0.6429]]],[[[119.073,-8.2384],[119.0298,-8.2402],[119.0226,-8.2003],[119.037,-8.1586],[119.0802,-8.1395],[119.0982,-8.1395],[119.127,-8.1777],[119.1342,-8.1968],[119.1054,-8.2228],[119.073,-8.2384]]],[[[114.4109,-7.1343],[114.3965,-7.1725],[114.3461,-7.1639],[114.2993,-7.0979],[114.3209,-7.0805],[114.3497,-7.0736],[114.3821,-7.0805],[114.4109,-7.1343]]],[[[134.3731,-2.1242],[134.3443,-2.1381],[134.3335,-2.0947],[134.3515,-2.0374],[134.3695,-2.027],[134.3911,-2.0305],[134.4199,-2.0513],[134.3731,-2.1242]]],[[[134.7151,-6.5493],[134.6611,-6.5597],[134.6323,-6.4764],[134.6791,-6.4556],[134.7295,-6.5059],[134.7151,-6.5493]]],[[[127.3711,0.7905],[127.3387,0.7593],[127.3063,0.7697],[127.2847,0.8113],[127.2919,0.8426],[127.3207,0.8617],[127.3531,0.8478],[127.3711,0.7905]]],[[[126.8527,3.7678],[126.8347,3.7573],[126.7987,3.7834],[126.7771,3.8129],[126.7807,3.8424],[126.8059,3.858],[126.8563,3.8129],[126.8563,3.7869],[126.8527,3.7678]]],[[[107.4737,-2.9002],[107.4341,-2.9245],[107.4089,-2.9002],[107.4017,-2.8725],[107.4197,-2.8377],[107.4737,-2.8343],[107.4989,-2.8447],[107.4737,-2.9002]]]]}},{"type":"Feature","properties":{"iso":"364","name":"이란","en":"Iran"},"geometry":{"type":"MultiPolygon","coordinates":[[[[53.9159,37.3438],[54.7007,37.4705],[54.8987,37.7778],[55.3812,38.0504],[56.2704,38.0799],[56.4396,38.25],[57.192,38.217],[57.354,37.974],[58.2612,37.665],[58.8156,37.6841],[59.3016,37.5105],[59.4564,37.2535],[59.9496,37.0417],[60.342,36.6372],[61.17,36.573],[61.278,35.514],[61.1016,35.2727],[61.08,34.8561],[60.7272,34.5176],[60.8892,34.3197],[60.6444,34.3075],[60.486,34.094],[60.486,33.7121],[60.918,33.5055],[60.5616,33.1375],[60.828,32.2486],[60.8208,31.4952],[61.6596,31.3824],[61.8108,30.9136],[60.8424,29.8582],[61.89,28.5457],[62.7504,28.2523],[62.7612,27.2507],[63.168,27.2524],[63.3048,27.1239],[63.1572,26.65],[62.4408,26.5615],[62.2392,26.3566],[61.8432,26.2264],[61.5876,25.2022],[61.4112,25.1015],[60.6624,25.282],[60.5112,25.4365],[60.3996,25.3116],[59.4564,25.4817],[59.046,25.4175],[58.7976,25.5546],[57.336,25.7907],[56.9832,26.9052],[56.814,27.0892],[56.3568,27.2003],[54.7583,26.5059],[54.2471,26.6969],[53.7071,26.7264],[52.6919,27.3236],[52.4759,27.617],[51.5903,27.8635],[51.2771,28.1308],[51.0611,28.7263],[50.8415,28.9277],[50.8775,29.0631],[50.6759,29.1464],[50.6507,29.4207],[50.1683,29.9206],[50.0711,30.1984],[49.5563,30.0283],[49.0019,30.3737],[49.2251,30.4727],[49.0019,30.5057],[48.8687,30.063],[48.5447,29.9623],[48.4331,30.037],[48.3323,30.2852],[48.0155,30.4658],[48.0119,30.99],[47.6807,31.0022],[47.8283,31.7938],[47.3711,32.424],[46.1111,32.9569],[46.1471,33.2295],[46.0211,33.4152],[45.3983,33.9707],[45.5423,34.2155],[45.4379,34.4152],[45.4991,34.5818],[45.6359,34.5731],[45.6791,34.7988],[46.1327,35.1269],[45.9959,35.6078],[46.2731,35.7727],[45.7763,35.8213],[45.3623,36.0158],[45.2399,36.356],[45.0527,36.4723],[44.7934,37.29],[44.5738,37.4358],[44.5882,37.7101],[44.2102,37.908],[44.4514,38.3351],[44.3002,38.3871],[44.2714,38.8368],[44.023,39.3767],[44.3902,39.4218],[44.5882,39.769],[45.4811,39.0069],[46.1687,38.8697],[46.5539,38.9045],[47.4755,39.4982],[47.9975,39.6839],[48.3215,39.3992],[48.1055,39.2412],[48.2927,39.019],[47.9975,38.8541],[48.5915,38.4114],[48.8687,38.4357],[49.0811,37.6684],[50.1287,37.4063],[50.5319,37.014],[51.1187,36.7431],[52.1915,36.6216],[53.7683,36.9306],[53.9159,36.9306],[53.6783,36.8525],[53.9699,36.8178],[53.9159,37.3438]]],[[[56.1876,26.9208],[56.094,26.801],[55.9536,26.7004],[55.8492,26.7316],[55.4244,26.5823],[55.3128,26.5927],[55.2948,26.6396],[55.7628,26.8115],[55.7844,26.8566],[55.7592,26.9469],[55.9068,26.9104],[56.0724,26.9833],[56.2128,27.0024],[56.2812,26.9521],[56.1876,26.9208]]]]}},{"type":"Feature","properties":{"iso":"368","name":"이라크","en":"Iraq"},"geometry":{"type":"Polygon","coordinates":[[[42.3598,37.1094],[42.7738,37.3716],[43.6774,37.2275],[44.113,37.3021],[44.2822,36.9775],[44.7322,37.165],[45.3623,36.0158],[45.7763,35.8213],[46.2731,35.7727],[45.9959,35.6078],[46.1327,35.1269],[45.6791,34.7988],[45.6359,34.5731],[45.4991,34.5818],[45.4379,34.4152],[45.5423,34.2155],[45.3983,33.9707],[46.0211,33.4152],[46.1471,33.2295],[46.1111,32.9569],[47.3711,32.424],[47.8283,31.7938],[47.6807,31.0022],[48.0119,30.99],[48.0155,30.4658],[48.3323,30.2852],[48.5447,29.9623],[47.6735,30.096],[47.2235,30.0422],[46.5323,29.096],[44.7178,29.1933],[42.0754,31.0803],[40.369,31.9396],[39.145,32.1254],[39.2926,32.2434],[39.2458,32.3511],[39.0406,32.3059],[38.7742,33.3718],[40.9882,34.429],[41.1934,34.7693],[41.3554,35.6408],[41.2942,36.3838],[41.7874,36.5973],[42.3598,37.1094]]]}},{"type":"Feature","properties":{"iso":"372","name":"아일랜드","en":"Ireland"},"geometry":{"type":"MultiPolygon","coordinates":[[[[-7.2199,55.0927],[-7.5511,54.7681],[-7.9111,54.6986],[-7.7527,54.5945],[-8.1451,54.4538],[-7.6051,54.1431],[-7.3243,54.1327],[-7.0075,54.407],[-6.6511,54.058],[-6.1759,54.0528],[-6.3487,53.9417],[-6.1435,53.5772],[-6.0283,52.9279],[-6.2155,52.5425],[-6.4639,52.3446],[-6.3235,52.2474],[-6.8887,52.1589],[-6.9643,52.2491],[-8.0587,51.8255],[-8.4079,51.888],[-8.4079,51.7127],[-9.2971,51.4974],[-9.8371,51.4835],[-9.5239,51.6814],[-10.1215,51.5999],[-9.5995,51.8741],[-10.3411,51.7995],[-9.9091,52.1224],[-10.3915,52.1345],[-10.3555,52.2075],[-9.7723,52.2509],[-9.9055,52.4036],[-9.6319,52.5477],[-8.7823,52.6797],[-8.9911,52.756],[-9.1747,52.6345],[-9.9163,52.5703],[-9.5167,52.7803],[-9.3007,53.098],[-8.9299,53.2074],[-10.0927,53.4122],[-10.1179,53.5494],[-9.7219,53.6049],[-9.9019,53.7265],[-9.5779,53.8046],[-9.9127,53.8636],[-9.8551,54.0945],[-10.0927,54.1553],[-10.0567,54.2577],[-8.5447,54.2421],[-8.6239,54.3462],[-8.1343,54.6413],[-8.7643,54.6813],[-8.3791,54.8896],[-8.2747,55.1465],[-7.6663,55.2559],[-7.5583,55.1222],[-7.6591,54.9712],[-7.4791,55.0476],[-7.5187,55.2472],[-7.3027,55.2993],[-7.3675,55.36],[-6.9607,55.2385],[-7.2199,55.0927]]],[[[-9.9487,53.914],[-9.9523,53.8844],[-10.0279,53.9209],[-10.0639,53.9591],[-10.2655,53.9782],[-10.1827,54.0164],[-10.1395,54.006],[-9.9955,54.0042],[-9.9559,53.9869],[-9.9487,53.914]]]]}},{"type":"Feature","properties":{"iso":"833","name":"맨섬","en":"Isle of Man"},"geometry":{"type":"Polygon","coordinates":[[[-4.4118,54.1848],[-4.6134,54.058],[-4.6962,54.0806],[-4.7862,54.0737],[-4.7466,54.1188],[-4.6998,54.2247],[-4.6134,54.2664],[-4.509,54.3775],[-4.4262,54.407],[-4.3758,54.3931],[-4.3362,54.2698],[-4.3938,54.2247],[-4.4118,54.1848]]]}},{"type":"Feature","properties":{"iso":"376","name":"이스라엘","en":"Israel"},"geometry":{"type":"Polygon","coordinates":[[[35.869,33.4326],[35.9122,32.95],[35.5738,32.641],[35.5522,32.3962],[35.1922,32.5351],[34.9545,32.1601],[34.9617,31.8233],[35.203,31.7504],[34.9509,31.6028],[34.8789,31.3685],[35.4514,31.4796],[35.4406,31.1324],[34.9041,29.478],[34.2453,31.2088],[34.5261,31.5264],[35.1094,33.0836],[35.4118,33.075],[35.869,33.4326]]]}},{"type":"Feature","properties":{"iso":"380","name":"이탈리아","en":"Italy"},"geometry":{"type":"MultiPolygon","coordinates":[[[[7.0219,45.9266],[7.7887,45.9214],[8.4223,46.4457],[8.4583,46.246],[8.8183,46.0776],[8.9551,45.8294],[9.3043,46.496],[9.5275,46.3068],[9.9379,46.3623],[10.0819,46.2287],[10.0855,46.6002],[10.4311,46.5498],[10.4527,46.8658],[10.9927,46.7772],[11.2447,46.9751],[12.1699,47.0828],[12.1555,46.9352],[12.3895,46.7026],[13.6999,46.5203],[13.3795,46.2616],[13.6315,46.1766],[13.4875,45.9874],[13.8763,45.6141],[13.7215,45.5881],[13.6279,45.7704],[13.2067,45.7721],[12.2743,45.4457],[12.2239,45.2409],[12.5227,44.9683],[12.2491,44.7218],[12.3967,44.2236],[13.5631,43.5708],[14.0095,42.689],[14.5423,42.2445],[15.1688,41.9338],[16.166,41.8956],[15.8996,41.5119],[17.9552,40.6544],[18.4592,40.2204],[18.3944,39.9044],[18.344,39.8211],[18.0776,39.9374],[17.8652,40.2794],[17.4764,40.3141],[17.1812,40.5033],[16.9292,40.4582],[16.5224,39.7482],[17.1128,39.3801],[17.174,38.9982],[16.616,38.8003],[16.544,38.4097],[16.058,37.941],[15.7232,37.9392],[15.644,38.1753],[15.824,38.3038],[15.9284,38.6718],[16.1984,38.7586],[16.2092,38.9409],[15.6944,39.9895],[14.9491,40.2395],[14.9491,40.4686],[14.7655,40.6682],[14.3407,40.5988],[14.4595,40.729],[14.0455,40.8123],[13.7323,41.2359],[13.0411,41.2654],[11.6371,42.2879],[11.1403,42.3904],[11.1691,42.5344],[10.7083,42.9355],[10.5139,42.9667],[10.2475,43.8521],[10.0459,44.0205],[8.7643,44.4215],[8.0047,43.8764],[7.4935,43.767],[7.6375,44.1646],[7.3171,44.1385],[6.8995,44.3364],[6.8419,44.51],[7.0291,44.7166],[6.9931,44.8277],[6.6331,45.069],[7.0795,45.2391],[7.1479,45.3815],[6.7915,45.7408],[7.0219,45.9266]],[[12.4399,41.8991],[12.4399,41.906],[12.4291,41.906],[12.4291,41.8973],[12.4399,41.8991]],[[12.4867,43.9007],[12.5155,43.9528],[12.5047,43.9892],[12.4399,43.9823],[12.3967,43.9354],[12.4255,43.8937],[12.4867,43.9007]]],[[[15.5756,38.2205],[15.1004,37.4584],[15.2948,37.0556],[15.1148,36.8386],[15.1112,36.6876],[14.5027,36.7987],[14.1427,37.1042],[13.9051,37.1008],[13.1707,37.4792],[12.6415,37.5938],[12.4363,37.8195],[12.7351,38.1823],[12.9043,38.0347],[13.1599,38.191],[13.3507,38.1806],[13.7899,37.9809],[15.1184,38.1528],[15.5,38.2917],[15.6332,38.2674],[15.5756,38.2205]]],[[[9.6319,40.8818],[9.8047,40.4999],[9.6427,40.269],[9.7075,40.0172],[9.5635,39.1666],[9.0559,39.2395],[8.9659,38.9635],[8.6491,38.927],[8.4187,39.2065],[8.4007,39.4808],[8.5483,39.8384],[8.4079,39.9166],[8.4727,40.2933],[8.1883,40.6509],[8.2027,40.8714],[8.4691,40.8349],[8.6995,40.8957],[9.2287,41.2567],[9.6139,41.0172],[9.5527,40.9321],[9.6319,40.8818]]],[[[10.3951,42.8573],[10.4275,42.8192],[10.4311,42.7966],[10.4095,42.7705],[10.4203,42.7133],[10.3339,42.7619],[10.2079,42.7376],[10.1323,42.7428],[10.1107,42.7844],[10.1287,42.8105],[10.2475,42.8157],[10.2871,42.8278],[10.3591,42.8226],[10.3951,42.8573]]],[[[8.4799,39.0676],[8.4223,38.9687],[8.3611,39.0381],[8.3575,39.0989],[8.3683,39.1163],[8.4403,39.0902],[8.4799,39.0676]]],[[[8.2855,41.0397],[8.2531,40.9946],[8.2063,40.9981],[8.2675,41.0988],[8.3215,41.1213],[8.3431,41.1022],[8.3179,41.0623],[8.2855,41.0397]]],[[[12.0511,36.757],[12.0043,36.7466],[11.9395,36.7796],[11.9359,36.8282],[11.9467,36.8438],[12.0259,36.8213],[12.0475,36.7761],[12.0511,36.757]]],[[[13.9375,40.7064],[13.8943,40.6978],[13.8691,40.7082],[13.8547,40.7238],[13.8727,40.762],[13.9627,40.7394],[13.9591,40.7186],[13.9375,40.7064]]]]}},{"type":"Feature","properties":{"iso":"388","name":"자메이카","en":"Jamaica"},"geometry":{"type":"Polygon","coordinates":[[[-77.2622,18.4578],[-76.9094,18.3901],[-76.3514,18.1523],[-76.211,17.9127],[-76.5242,17.8658],[-76.8518,17.9735],[-76.9454,17.8485],[-77.1182,17.8797],[-77.2046,17.7148],[-77.363,17.8329],[-77.7698,17.878],[-78.0434,18.1731],[-78.2954,18.2182],[-78.3386,18.2877],[-78.2162,18.4474],[-77.8742,18.522],[-77.2622,18.4578]]]}},{"type":"Feature","properties":{"iso":"392","name":"일본","en":"Japan"},"geometry":{"type":"MultiPolygon","coordinates":[[[[141.2276,41.3731],[141.4544,41.4043],[141.4292,40.7238],[141.7964,40.2915],[141.9908,39.7916],[141.9764,39.4287],[141.9008,39.111],[141.548,38.7621],[141.4688,38.4045],[141.1088,38.3385],[140.9612,38.1493],[141.0008,37.1146],[140.5724,36.231],[140.8748,35.7241],[140.4572,35.5106],[140.3564,35.1807],[139.9208,34.8995],[139.7984,34.9568],[139.8272,35.297],[140.0972,35.5852],[139.8344,35.6581],[139.6508,35.4099],[139.676,35.1495],[139.4744,35.2988],[139.2512,35.278],[138.8984,34.6287],[138.7616,34.6999],[138.902,35.0245],[138.7184,35.1234],[138.1892,34.5957],[137.0624,34.5836],[137.2748,34.7728],[136.9616,34.8353],[136.9112,34.7085],[136.8968,35.0349],[136.8032,35.0505],[136.5332,34.679],[136.8788,34.4343],[136.8536,34.3249],[136.3316,34.1773],[135.9176,33.561],[135.6944,33.4864],[135.4532,33.5541],[135.1292,34.0072],[135.1004,34.2884],[135.4172,34.6183],[134.7403,34.7658],[134.2471,34.7138],[133.1419,34.3023],[132.3139,34.3249],[132.1447,33.8388],[131.7415,34.0523],[130.9171,33.976],[130.8883,34.2624],[131.0035,34.3926],[131.3527,34.4134],[132.9223,35.5106],[133.9807,35.5071],[135.176,35.7467],[135.3272,35.5262],[135.9032,35.6061],[136.094,35.7675],[136.0688,36.1164],[136.6988,36.7414],[136.8428,37.382],[137.3216,37.5226],[136.9004,37.1181],[137.0156,36.8369],[137.246,36.7536],[138.3188,37.2188],[138.884,37.8438],[139.4024,38.1424],[139.802,38.8819],[140.0648,39.6249],[139.9964,39.8558],[139.7408,39.92],[140.0108,40.2603],[139.9676,40.6735],[140.2808,40.8453],[140.3852,41.229],[140.6264,41.196],[140.7488,40.8297],[140.936,40.9408],[141.1196,40.8818],[141.2456,41.2064],[140.7992,41.1387],[140.8028,41.2533],[140.936,41.505],[141.2276,41.3731]]],[[[143.8232,44.1177],[144.716,43.9285],[145.3713,44.3277],[145.1265,43.8694],[145.1409,43.6628],[145.3425,43.3018],[145.8321,43.3851],[144.9212,43.0014],[143.9708,42.8816],[143.4308,42.4181],[143.2364,41.9998],[141.8504,42.5796],[141.4076,42.5466],[140.9864,42.3418],[140.7092,42.5553],[140.4788,42.5588],[140.3276,42.2931],[141.152,41.8053],[140.6588,41.8157],[140.3852,41.5189],[140.036,41.4737],[140.108,41.913],[139.8344,42.2775],[139.8596,42.5813],[140.432,42.9546],[140.3924,43.3035],[141.1376,43.1802],[141.3752,43.2792],[141.3968,43.642],[141.7604,44.4822],[141.782,44.7166],[141.584,45.1558],[141.6668,45.4006],[141.9368,45.51],[142.8836,44.6697],[143.8232,44.1177]]],[[[131.1763,33.6027],[131.6947,33.6027],[131.5363,33.2746],[131.8963,33.2538],[131.8495,33.1184],[132.0079,32.9187],[131.6587,32.4656],[131.3383,31.4049],[131.0719,31.4362],[131.0971,31.2556],[130.6867,31.0143],[130.7911,31.2695],[130.7047,31.5768],[130.7767,31.707],[130.6543,31.7191],[130.5571,31.5629],[130.5391,31.4032],[130.6435,31.2678],[130.5895,31.1792],[130.2007,31.2921],[130.1467,31.4084],[130.2943,31.4501],[130.3231,31.6011],[130.1863,31.7695],[130.1935,32.0907],[130.3951,32.2191],[130.6399,32.6184],[130.4995,32.6566],[130.5463,32.8319],[130.2367,33.1774],[130.1251,33.1045],[130.1755,32.851],[130.3267,32.8528],[130.3411,32.7017],[130.0531,32.7712],[129.7687,32.5715],[129.8263,32.726],[129.6895,32.8753],[129.6787,33.0593],[129.9919,32.851],[129.8983,33.0229],[129.5815,33.2364],[129.6103,33.344],[129.8443,33.3215],[129.8263,33.4378],[130.3663,33.634],[130.4851,33.8353],[130.7155,33.9273],[130.9531,33.8718],[131.1763,33.6027]]],[[[134.3587,34.2572],[134.6359,34.2259],[134.6755,33.8475],[134.7403,33.8197],[134.3767,33.6079],[134.1823,33.2468],[133.9591,33.4482],[133.6315,33.5107],[133.2859,33.3597],[132.9763,32.8423],[132.8035,32.7521],[132.6415,32.7625],[132.7099,32.9031],[132.4939,32.917],[132.4291,33.0593],[132.5119,33.2937],[132.4039,33.3319],[132.4111,33.4308],[132.0331,33.3406],[132.6415,33.6895],[132.7855,33.9916],[132.9367,34.0957],[133.1923,33.9326],[133.5811,34.0176],[133.6027,34.2433],[133.9483,34.3475],[134.3587,34.2572]]],[[[128.2603,26.6535],[128.1631,26.6066],[128.1271,26.5528],[128.0371,26.5337],[127.9507,26.4573],[127.8679,26.4417],[127.8679,26.3809],[127.9039,26.3289],[127.8499,26.3184],[127.7887,26.2559],[127.8031,26.1518],[127.7311,26.098],[127.6519,26.0945],[127.6555,26.1987],[127.7275,26.308],[127.7275,26.4348],[127.8211,26.466],[127.9471,26.5945],[127.8895,26.6309],[127.9075,26.6934],[127.9939,26.6795],[128.0479,26.6431],[128.0983,26.6674],[128.2171,26.7976],[128.2567,26.8826],[128.3323,26.8115],[128.3107,26.7212],[128.2603,26.6535]]],[[[129.4519,28.2089],[129.3655,28.1274],[129.2755,28.2003],[129.1639,28.2506],[129.2467,28.2819],[129.2503,28.3131],[129.3223,28.36],[129.5095,28.3982],[129.5995,28.4763],[129.6895,28.518],[129.7147,28.4693],[129.7111,28.4329],[129.6427,28.4121],[129.5131,28.2992],[129.4555,28.2732],[129.4375,28.2541],[129.4519,28.2089]]],[[[138.344,37.8229],[138.2252,37.8299],[138.2828,37.8542],[138.2864,37.8958],[138.3224,37.9688],[138.3224,37.9913],[138.2468,37.9948],[138.2504,38.0781],[138.308,38.1615],[138.5024,38.316],[138.5096,38.2587],[138.452,38.0764],[138.5744,38.066],[138.4952,37.9045],[138.344,37.8229]]],[[[130.9603,30.3963],[130.8739,30.3859],[130.8703,30.4449],[130.9387,30.5751],[130.9459,30.6706],[131.0107,30.7921],[131.0611,30.8286],[131.0827,30.7904],[131.0575,30.6428],[130.9927,30.53],[130.9603,30.3963]]],[[[129.3871,34.3544],[129.3655,34.3058],[129.2971,34.3388],[129.2683,34.37],[129.3295,34.5211],[129.3259,34.6079],[129.4519,34.686],[129.4735,34.6721],[129.4807,34.6495],[129.4699,34.6148],[129.4771,34.5402],[129.3799,34.4169],[129.3871,34.3544]]],[[[130.0819,32.2295],[130.0027,32.1948],[129.9919,32.2278],[129.9595,32.2434],[130.0171,32.292],[130.0171,32.3129],[129.9775,32.3458],[130.0207,32.4691],[130.0099,32.5212],[130.1683,32.542],[130.1971,32.4917],[130.2007,32.3406],[130.0819,32.2295]]],[[[134.9311,34.2884],[134.8231,34.2034],[134.7295,34.2086],[134.6827,34.2468],[134.6683,34.2936],[134.7583,34.3683],[134.8339,34.4724],[134.9599,34.5454],[135.0032,34.5436],[134.9059,34.3978],[134.9311,34.2884]]],[[[129.0775,32.8406],[129.0523,32.8302],[129.0199,32.9205],[128.9983,32.9517],[129.0343,32.9691],[129.1099,33.1323],[129.1243,33.068],[129.1531,33.0038],[129.1819,32.9934],[129.1531,32.9465],[129.1099,32.9291],[129.0775,32.8406]]],[[[130.6219,30.2626],[130.5067,30.2418],[130.4455,30.2644],[130.3879,30.3876],[130.4959,30.4658],[130.6435,30.3894],[130.6723,30.3668],[130.6219,30.2626]]],[[[123.8898,24.2804],[123.825,24.2665],[123.7494,24.2838],[123.681,24.2873],[123.681,24.3186],[123.753,24.3481],[123.753,24.3915],[123.771,24.414],[123.9366,24.362],[123.9294,24.3238],[123.8898,24.2804]]],[[[124.293,24.5165],[124.2354,24.3585],[124.185,24.3359],[124.1346,24.3481],[124.0842,24.4366],[124.1202,24.4696],[124.1706,24.4522],[124.2102,24.4592],[124.3002,24.5876],[124.3254,24.5668],[124.293,24.5165]]],[[[128.6671,32.7833],[128.7031,32.7573],[128.7607,32.7729],[128.8075,32.7764],[128.8399,32.7625],[128.8795,32.693],[128.8939,32.6514],[128.7895,32.6375],[128.7499,32.5854],[128.6923,32.6045],[128.6563,32.6288],[128.6491,32.6618],[128.6671,32.7833]]],[[[132.2671,33.9447],[132.3139,33.9082],[132.4291,33.9239],[132.4435,33.9135],[132.4111,33.8805],[132.3607,33.8475],[132.2671,33.8718],[132.2095,33.8735],[132.2023,33.9273],[132.2095,33.9482],[132.2671,33.9447]]],[[[129.2791,34.1235],[129.2143,34.0836],[129.1855,34.1443],[129.2143,34.3214],[129.3367,34.285],[129.3367,34.2311],[129.2791,34.1235]]],[[[130.3807,32.424],[130.2943,32.4188],[130.2547,32.4309],[130.2403,32.4622],[130.3663,32.5264],[130.4599,32.516],[130.4203,32.4569],[130.3807,32.424]]],[[[128.9983,27.7211],[128.9551,27.702],[128.9011,27.7281],[128.8831,27.8427],[128.9083,27.8982],[128.9515,27.9104],[128.9911,27.8114],[129.0163,27.7697],[128.9983,27.7211]]],[[[129.4915,33.2225],[129.4231,33.1757],[129.3691,33.1757],[129.4159,33.2312],[129.4231,33.2572],[129.4627,33.3319],[129.5383,33.3579],[129.5707,33.3614],[129.5095,33.285],[129.4915,33.2225]]],[[[141.0728,45.3329],[141.0332,45.2687],[140.9828,45.3641],[140.972,45.4648],[141.0008,45.4648],[141.0584,45.4492],[141.0692,45.4006],[141.0728,45.3329]]],[[[141.296,45.1194],[141.2276,45.1124],[141.1448,45.1541],[141.134,45.2062],[141.1952,45.2478],[141.2528,45.2322],[141.3104,45.1784],[141.3284,45.1506],[141.296,45.1194]]],[[[133.3687,36.2032],[133.3255,36.1668],[133.2391,36.1789],[133.1887,36.2328],[133.2067,36.2935],[133.2967,36.3404],[133.3795,36.2466],[133.3687,36.2032]]],[[[134.3515,34.4829],[134.3335,34.4638],[134.3155,34.469],[134.2507,34.4238],[134.2363,34.4672],[134.1895,34.4968],[134.1823,34.5193],[134.3263,34.5349],[134.3731,34.5228],[134.3515,34.4829]]],[[[125.4451,24.7439],[125.3587,24.7178],[125.2687,24.7317],[125.2831,24.8723],[125.3155,24.8533],[125.3335,24.8046],[125.4019,24.7769],[125.4451,24.7439]]],[[[139.4816,42.0814],[139.46,42.0761],[139.4348,42.0848],[139.4132,42.1595],[139.4312,42.1994],[139.496,42.2272],[139.5572,42.2359],[139.5068,42.097],[139.4816,42.0814]]],[[[129.7975,33.7485],[129.7255,33.7069],[129.6751,33.7399],[129.7003,33.8284],[129.7183,33.8579],[129.7759,33.8284],[129.7975,33.7485]]],[[[129.7183,31.6567],[129.6859,31.6393],[129.7075,31.7174],[129.7867,31.7869],[129.7939,31.7417],[129.7183,31.6567]]],[[[129.3223,28.1048],[129.3295,28.0822],[129.2323,28.1013],[129.1927,28.1933],[129.2575,28.176],[129.2791,28.1447],[129.3223,28.1048]]],[[[132.5767,34.1148],[132.5479,34.0749],[132.4615,34.0871],[132.4975,34.1218],[132.5227,34.1634],[132.5443,34.1721],[132.5587,34.127],[132.5767,34.1148]]],[[[142.1888,26.617],[142.1708,26.6153],[142.106,26.7212],[142.124,26.7264],[142.16,26.7108],[142.2032,26.6483],[142.1888,26.617]]],[[[139.8416,33.0559],[139.8236,33.0455],[139.7768,33.0784],[139.7696,33.1079],[139.7768,33.1253],[139.8092,33.1288],[139.874,33.0941],[139.8416,33.0559]]],[[[139.4564,34.7259],[139.4456,34.679],[139.3916,34.6894],[139.3664,34.7207],[139.37,34.7762],[139.4276,34.7762],[139.4564,34.7259]]]]}},{"type":"Feature","properties":{"iso":"832","name":"저지섬","en":"Jersey"},"geometry":{"type":"Polygon","coordinates":[[[-2.0178,49.2319],[-2.0106,49.1816],[-2.0538,49.1695],[-2.0898,49.1868],[-2.1654,49.1868],[-2.2374,49.1764],[-2.2194,49.2667],[-2.0826,49.2545],[-2.0178,49.2319]]]}},{"type":"Feature","properties":{"iso":"400","name":"요르단","en":"Jordan"},"geometry":{"type":"Polygon","coordinates":[[[35.7862,32.7347],[36.373,32.3875],[36.8194,32.3181],[38.7742,33.3718],[39.0406,32.3059],[39.2458,32.3511],[39.2926,32.2434],[38.9614,31.9952],[36.9598,31.4917],[37.9786,30.5005],[37.633,30.313],[37.471,29.9953],[36.7546,29.8668],[36.4774,29.4953],[36.0166,29.1898],[34.9509,29.353],[35.1418,30.4206],[35.4406,31.1324],[35.5738,32.641],[35.7862,32.7347]]]}},{"type":"Feature","properties":{"iso":"398","name":"카자흐스탄","en":"Kazakhstan"},"geometry":{"type":"MultiPolygon","coordinates":[[[[70.9477,42.248],[69.1549,41.4251],[68.5825,40.8766],[68.5717,40.6231],[68.4133,40.6196],[68.0461,40.8089],[68.1145,41.0293],[67.9345,41.196],[66.7105,41.1786],[66.4981,41.9946],[66.0085,42.005],[66.1021,42.991],[65.8033,42.8764],[65.4973,43.3104],[64.9068,43.7149],[64.4424,43.5517],[63.2076,43.6281],[61.9908,43.4927],[61.008,44.3937],[58.5564,45.5551],[55.9752,44.9944],[55.9788,41.3227],[55.4352,41.2967],[54.8555,41.965],[54.1211,42.3348],[53.0555,42.1473],[52.4939,41.781],[52.5983,42.7601],[51.8999,42.8695],[51.6155,43.1577],[51.2951,43.1733],[51.3023,43.4823],[50.8307,44.1923],[50.3303,44.326],[50.2547,44.4614],[50.4095,44.6246],[51.5435,44.5309],[51.0107,44.9215],[51.4175,45.3572],[53.1995,45.3311],[52.7747,45.5725],[53.1347,46.1922],[53.0627,46.4752],[53.1707,46.6696],[53.0699,46.8554],[52.4831,46.9908],[52.1375,46.8293],[51.1763,47.1106],[49.8875,46.595],[49.3475,46.5186],[49.2323,46.3363],[48.5843,46.5776],[48.5591,46.7564],[48.9587,46.7738],[48.1667,47.7095],[47.2919,47.7407],[47.0939,47.9473],[47.0651,48.232],[46.6619,48.4126],[46.7015,48.8049],[47.0327,49.1504],[46.8023,49.3674],[46.8239,49.5028],[47.5043,50.402],[47.7059,50.3777],[48.3359,49.8586],[48.7607,49.9281],[48.8435,50.0132],[48.6239,50.6121],[49.3223,50.8516],[49.4987,51.0843],[50.2475,51.2891],[50.7947,51.7301],[51.3455,51.4749],[52.2203,51.7092],[52.5695,51.4818],[53.3363,51.4818],[54.1391,51.0409],[54.5567,50.5357],[54.6503,50.6607],[54.5459,50.9454],[54.6431,51.0114],[55.6872,50.5826],[56.49,51.02],[57.012,51.0652],[57.444,50.8881],[57.84,51.0912],[58.3584,51.0634],[58.884,50.6937],[59.4528,50.6208],[59.5248,50.4923],[59.8128,50.5826],[60.0576,50.8499],[60.4248,50.6798],[60.9432,50.6954],[61.3896,50.8603],[61.5552,51.3238],[60.4644,51.6519],[60.0288,51.9332],[60.9936,52.3377],[60.774,52.6762],[61.0476,52.973],[62.0844,53.006],[61.6596,53.2282],[61.1988,53.2873],[61.2276,53.4452],[61.5336,53.5233],[60.9792,53.6223],[61.2312,54.0198],[61.9296,53.9469],[64.4604,54.3844],[65.0869,54.341],[65.4757,54.624],[68.1541,54.9764],[68.2045,55.1604],[68.9785,55.3896],[70.1809,55.1621],[70.7389,55.3045],[71.1853,54.5997],[71.0917,54.2125],[72.0061,54.2056],[72.1861,54.3254],[72.4453,53.9417],[72.6217,54.1344],[73.2301,53.9574],[73.7125,54.0424],[73.3057,53.7074],[73.4065,53.447],[73.8601,53.6206],[74.3533,53.4869],[74.4505,53.6466],[75.221,53.8931],[75.437,54.0893],[76.8374,54.4417],[76.6538,54.1448],[76.4234,54.1518],[76.4846,54.0233],[77.8598,53.2699],[79.9874,50.7753],[80.423,50.9471],[80.4482,51.1832],[80.7362,51.2926],[81.1286,51.1919],[81.071,50.968],[81.3878,50.9558],[81.467,50.7405],[82.493,50.7284],[83.357,50.994],[83.9438,50.7753],[84.3218,50.2388],[84.9878,50.0618],[85.2327,49.6156],[86.1795,49.4993],[86.6763,49.7771],[86.6259,49.5635],[87.3243,49.0861],[86.8095,49.0497],[86.5503,48.5289],[85.7511,48.3848],[85.5243,47.9161],[85.6575,47.2546],[85.4847,47.0637],[84.7862,46.8311],[84.6674,46.9717],[84.0158,46.9699],[83.0294,47.1852],[82.3166,45.595],[82.6118,45.4249],[82.5218,45.1263],[81.8666,45.1819],[81.6902,45.3485],[79.8722,44.8833],[80.4806,44.7149],[80.3546,44.5517],[80.3546,44.0969],[80.7866,43.1611],[80.3906,43.0431],[80.5382,42.873],[80.2034,42.7341],[80.2106,42.1907],[79.9226,42.4129],[79.4294,42.4841],[79.127,42.7758],[76.9886,42.9737],[75.365,42.8365],[74.2093,43.241],[73.5577,43.0032],[73.4209,42.5935],[73.4929,42.4095],[71.7613,42.8209],[71.2573,42.7341],[70.8937,42.34],[70.9477,42.248]]],[[[50.1827,44.8555],[50.1503,44.826],[50.0963,44.8312],[49.9955,44.9371],[50.0243,45.0447],[50.0603,45.0673],[50.1107,45.0812],[50.1179,45.0586],[50.0459,45.01],[50.0387,44.9492],[50.0999,44.8815],[50.1827,44.8555]]],[[[52.6811,45.411],[52.6631,45.4006],[52.5983,45.4284],[52.5551,45.4735],[52.6091,45.5273],[52.6595,45.5186],[52.6919,45.4613],[52.6811,45.411]]],[[[50.3123,44.9718],[50.2763,44.9579],[50.2547,45.0221],[50.2943,45.076],[50.3483,45.0829],[50.3303,44.9978],[50.3123,44.9718]]]]}},{"type":"Feature","properties":{"iso":"404","name":"케냐","en":"Kenya"},"geometry":{"type":"MultiPolygon","coordinates":[[[[33.9033,-1.0028],[33.9429,0.1742],[34.4829,1.0422],[34.7997,1.2453],[34.9797,1.7731],[34.8645,2.589],[34.4469,3.1636],[34.4361,3.6514],[34.1661,3.8129],[33.9753,4.2209],[35.2678,5.4916],[35.3254,5.3649],[35.7466,5.344],[35.7646,4.8076],[36.0238,4.4674],[36.9058,4.4118],[38.0866,3.648],[39.4942,3.4553],[39.8434,3.8511],[40.765,4.2729],[41.1394,3.9622],[41.8846,3.9778],[40.963,2.8147],[40.9774,-0.8708],[41.5318,-1.6954],[41.269,-1.9454],[40.891,-2.0236],[40.8982,-2.2701],[40.6426,-2.5391],[40.2214,-2.6884],[40.117,-3.2509],[39.3754,-4.6258],[39.1918,-4.6779],[37.7986,-3.6745],[37.6078,-3.4974],[37.6438,-3.0461],[33.9033,-1.0028]]],[[[40.9954,-2.159],[40.9558,-2.1676],[40.9774,-2.1104],[41.0854,-2.0357],[41.1322,-2.0531],[41.1394,-2.0704],[41.1358,-2.0843],[41.1178,-2.0999],[40.9954,-2.159]]]]}},{"type":"Feature","properties":{"iso":"296","name":"키리바시","en":"Kiribati"},"geometry":{"type":"MultiPolygon","coordinates":[[[[-157.3414,1.8564],[-157.1758,1.7401],[-157.2478,1.7314],[-157.4206,1.787],[-157.579,1.9016],[-157.5322,1.9276],[-157.507,1.8859],[-157.435,1.8477],[-157.3918,1.9276],[-157.3666,1.9467],[-157.4926,2.03],[-157.4422,2.0248],[-157.3234,1.9693],[-157.3414,1.8564]]],[[[174.5099,-0.8014],[174.4775,-0.8292],[174.4631,-0.8049],[174.4811,-0.7736],[174.4523,-0.6469],[174.4091,-0.6295],[174.3803,-0.5914],[174.3947,-0.5914],[174.4379,-0.6261],[174.4739,-0.6417],[174.5099,-0.8014]]],[[[173.0339,1.0127],[173.0879,0.9728],[173.0807,0.9467],[173.0627,0.9155],[172.9907,0.8356],[172.9691,0.8426],[173.0375,0.9155],[173.0663,0.9624],[173.0267,0.9988],[173.0051,0.9901],[172.9907,1.0249],[173.0051,1.0249],[173.0339,1.0127]]],[[[173.0375,1.3426],[173.0123,1.3391],[173.0303,1.3582],[173.1419,1.3807],[173.1527,1.3877],[173.1707,1.3755],[173.1707,1.3634],[173.1635,1.3582],[173.1059,1.3564],[173.0375,1.3426]]],[[[-159.3394,3.924],[-159.2602,3.8389],[-159.2746,3.7973],[-159.3322,3.8007],[-159.3574,3.8146],[-159.3142,3.8233],[-159.307,3.8389],[-159.3286,3.8632],[-159.3538,3.8806],[-159.3718,3.8806],[-159.379,3.8459],[-159.4078,3.8737],[-159.3898,3.8997],[-159.3682,3.9171],[-159.3394,3.924]]],[[[172.8431,3.0508],[172.7711,3.0126],[172.7495,3.0334],[172.7783,3.0334],[172.8287,3.0716],[172.8863,3.0734],[172.8791,3.0543],[172.8431,3.0508]]],[[[174.7727,-1.2111],[174.7799,-1.2632],[174.7547,-1.2562],[174.7475,-1.2371],[174.7403,-1.1851],[174.7151,-1.133],[174.7439,-1.1469],[174.7655,-1.1868],[174.7727,-1.2111]]],[[[173.0195,1.846],[173.0231,1.8217],[172.9331,1.9259],[172.9331,1.9432],[172.9511,1.9328],[173.0195,1.846]]],[[[-171.6983,-2.7666],[-171.6659,-2.7857],[-171.6407,-2.8117],[-171.6263,-2.8464],[-171.6299,-2.8551],[-171.6479,-2.8551],[-171.6695,-2.8447],[-171.6983,-2.8221],[-171.6767,-2.8239],[-171.6551,-2.8395],[-171.6371,-2.8464],[-171.6407,-2.8291],[-171.6587,-2.7978],[-171.6875,-2.7787],[-171.7055,-2.7735],[-171.7235,-2.7822],[-171.7271,-2.7735],[-171.7199,-2.7614],[-171.6983,-2.7666]]],[[[173.0303,1.7175],[172.9943,1.7123],[173.0195,1.728],[173.0267,1.747],[173.0231,1.8095],[173.0375,1.8043],[173.0447,1.7418],[173.0303,1.7175]]],[[[172.9691,3.1289],[172.9079,3.0959],[172.8863,3.1011],[172.9619,3.148],[172.9619,3.1428],[172.9691,3.1289]]],[[[-154.9545,-4.0877],[-154.9581,-4.0946],[-154.9725,-4.0859],[-155.0158,-4.0547],[-155.0158,-4.0477],[-154.9509,-4.0304],[-154.9437,-4.0408],[-154.9509,-4.0564],[-154.9545,-4.0877]]],[[[-155.8654,-5.6275],[-155.887,-5.631],[-155.9158,-5.631],[-155.9266,-5.6188],[-155.9302,-5.6084],[-155.9194,-5.6067],[-155.9122,-5.6101],[-155.8726,-5.6119],[-155.8618,-5.6188],[-155.8654,-5.6275]]],[[[-151.7829,-11.4414],[-151.7901,-11.457],[-151.8081,-11.4518],[-151.8153,-11.431],[-151.8189,-11.4101],[-151.8117,-11.391],[-151.8045,-11.3928],[-151.7901,-11.4136],[-151.7829,-11.4414]]],[[[-172.2131,-4.5112],[-172.2095,-4.5182],[-172.1807,-4.5147],[-172.1879,-4.5217],[-172.2167,-4.5251],[-172.2275,-4.5078],[-172.2131,-4.4939],[-172.1987,-4.4921],[-172.1951,-4.4956],[-172.1987,-4.4991],[-172.2131,-4.5026],[-172.2131,-4.5112]]],[[[-174.5135,-4.6744],[-174.5027,-4.6883],[-174.5027,-4.6953],[-174.5063,-4.6935],[-174.5243,-4.6901],[-174.5279,-4.6814],[-174.5171,-4.6866],[-174.5099,-4.6848],[-174.5243,-4.6744],[-174.5315,-4.6658],[-174.5423,-4.6623],[-174.5423,-4.6571],[-174.5315,-4.6588],[-174.5135,-4.6744]]],[[[169.5527,-0.8743],[169.5419,-0.8761],[169.5239,-0.8656],[169.5239,-0.8535],[169.5383,-0.8465],[169.5563,-0.857],[169.5527,-0.8743]]],[[[-171.2339,-4.4626],[-171.2447,-4.4678],[-171.2555,-4.4661],[-171.2627,-4.4592],[-171.2627,-4.4487],[-171.2519,-4.4418],[-171.2411,-4.4435],[-171.2303,-4.454],[-171.2339,-4.4626]]],[[[-171.0863,-3.1346],[-171.0899,-3.1433],[-171.0971,-3.1363],[-171.0935,-3.1259],[-171.0863,-3.1155],[-171.0827,-3.1207],[-171.0863,-3.1346]]]]}},{"type":"Feature","properties":{"iso":"","name":"코소보","en":"Kosovo"},"geometry":{"type":"Polygon","coordinates":[[[20.3456,42.8278],[20.468,42.8573],[20.4752,42.9528],[20.6228,43.0344],[20.6588,43.1004],[20.6228,43.1993],[20.7992,43.2618],[20.846,43.1733],[21.0584,43.0917],[21.2384,42.9129],[21.404,42.8313],[21.3896,42.7514],[21.7532,42.6508],[21.6092,42.3869],[21.5192,42.3279],[21.5624,42.248],[21.3896,42.2202],[21.2852,42.1004],[21.0584,42.1716],[20.7776,42.0709],[20.7236,41.873],[20.5796,41.8661],[20.486,42.2237],[20.2412,42.3383],[20.0648,42.5466],[20.054,42.7601],[20.1908,42.7549],[20.3456,42.8278]]]}},{"type":"Feature","properties":{"iso":"414","name":"쿠웨이트","en":"Kuwait"},"geometry":{"type":"MultiPolygon","coordinates":[[[[48.4439,28.5423],[47.6699,28.5336],[47.4323,28.9901],[46.5323,29.096],[46.9067,29.537],[47.1479,30.0005],[47.3315,30.0804],[47.7527,30.0769],[47.9795,29.9831],[48.1451,29.5717],[47.9687,29.6168],[47.7239,29.3929],[48.0515,29.3547],[48.1847,28.9797],[48.4439,28.5423]]],[[[48.2747,29.6238],[48.2171,29.6012],[48.1811,29.6116],[48.1415,29.6655],[48.0803,29.7991],[48.1163,29.8495],[48.1127,29.8703],[48.1379,29.8963],[48.1595,29.9588],[48.1847,29.9797],[48.3467,29.7835],[48.3395,29.695],[48.2747,29.6238]]]]}},{"type":"Feature","properties":{"iso":"417","name":"키르기스스탄","en":"Kyrgyzstan"},"geometry":{"type":"Polygon","coordinates":[[[70.9585,40.2395],[71.3041,40.2863],[71.6929,40.1527],[72.1321,40.4391],[72.3589,40.4009],[72.4021,40.578],[72.6037,40.5259],[73.1365,40.8106],[72.1861,41.0259],[72.1645,41.1734],[71.8801,41.1943],[71.6641,41.5415],[71.5849,41.3331],[71.4193,41.3418],[71.3941,41.1231],[70.7821,41.262],[70.6885,41.4494],[70.1773,41.5397],[71.2285,42.1629],[70.8937,42.34],[71.4229,42.7827],[72.2761,42.7584],[73.4929,42.4095],[73.4209,42.5935],[73.5577,43.0032],[74.2093,43.241],[75.365,42.8365],[76.9886,42.9737],[79.127,42.7758],[79.4294,42.4841],[79.9226,42.4129],[80.2466,42.0605],[78.7418,41.5605],[78.3638,41.3713],[78.1226,41.0762],[76.9094,41.0241],[76.319,40.3523],[76.2578,40.4304],[75.6782,40.3054],[75.5198,40.6283],[75.2426,40.4808],[74.8357,40.4825],[74.8321,40.328],[73.9933,40.0433],[73.8349,39.8002],[73.9069,39.578],[73.7161,39.4617],[72.5641,39.3767],[72.2293,39.2083],[72.0421,39.3524],[71.7793,39.2777],[71.4697,39.6041],[70.8001,39.394],[70.5013,39.5867],[69.2989,39.5242],[69.2773,39.9183],[69.4753,39.92],[69.5293,40.0971],[69.9685,40.203],[70.5157,39.9495],[70.9585,40.2395]],[[71.2069,39.8923],[71.2141,39.9061],[71.1781,39.9791],[71.2285,40.0485],[71.1313,40.0589],[71.0809,40.0797],[71.0233,40.1492],[71.0053,40.1527],[70.9765,40.1336],[70.9621,40.0884],[70.9729,40.0381],[71.0449,39.9929],[71.0449,39.9756],[71.0125,39.8957],[71.0629,39.8853],[71.1565,39.8836],[71.2069,39.8923]],[[71.7793,39.9495],[71.7901,39.9947],[71.7649,39.9929],[71.7361,39.9808],[71.6821,39.9686],[71.6677,39.9461],[71.7073,39.9183],[71.7541,39.9079],[71.7793,39.9495]],[[70.7029,39.8245],[70.6993,39.8454],[70.6633,39.8558],[70.5661,39.8662],[70.4833,39.8836],[70.4905,39.8627],[70.5589,39.7916],[70.6129,39.7864],[70.7029,39.8245]]]}},{"type":"Feature","properties":{"iso":"418","name":"라오스","en":"Laos"},"geometry":{"type":"Polygon","coordinates":[[[102.1276,22.3794],[102.6604,21.6764],[102.8152,21.8066],[102.9484,21.6816],[102.8512,21.2667],[103.1032,20.8917],[103.636,20.6973],[104.1004,20.9455],[104.5828,20.6469],[104.3668,20.4421],[104.8492,20.2025],[104.9284,20.0185],[104.5864,19.6192],[104.032,19.6748],[104.0644,19.4821],[103.8916,19.305],[105.1481,18.6505],[105.1625,18.338],[105.4577,18.154],[105.6917,17.7374],[106.5017,16.9544],[106.6565,16.4927],[106.8509,16.5152],[107.3981,16.043],[107.1677,15.8017],[107.6537,15.2549],[107.4161,14.5622],[106.8185,14.314],[106.5017,14.5778],[106.2245,14.4754],[105.9797,14.3435],[106.1237,14.0484],[106.0661,13.9216],[105.2453,14.2011],[105.1841,14.347],[105.4973,14.59],[105.4901,15.2566],[105.6413,15.6559],[104.8204,16.4666],[104.7412,17.4613],[103.9492,18.3189],[103.2868,18.4092],[103.0528,18.029],[102.6604,17.8172],[102.1024,18.2113],[101.1664,17.4995],[100.9072,17.5846],[101.1448,18.1419],[101.0476,18.4422],[101.2852,18.9769],[101.2132,19.548],[100.9648,19.6105],[100.6264,19.4994],[100.4212,19.6452],[100.54,20.1331],[100.3168,20.3865],[100.1152,20.2581],[100.1836,20.5896],[100.3276,20.7962],[100.6228,20.8587],[100.522,20.9212],[100.702,21.251],[101.1376,21.567],[101.2492,21.1972],[101.8,21.2129],[101.7352,21.8257],[101.5228,22.2545],[101.7388,22.4958],[102.1276,22.3794]]]}},{"type":"Feature","properties":{"iso":"428","name":"라트비아","en":"Latvia"},"geometry":{"type":"Polygon","coordinates":[[[26.5953,55.6673],[25.6629,56.1048],[25.0689,56.2003],[24.842,56.4103],[24.122,56.2645],[22.0844,56.4069],[21.0476,56.0701],[21.0332,56.636],[21.728,57.5717],[22.556,57.7245],[23.2868,57.0891],[23.9312,57.0092],[24.3812,57.2505],[24.3236,57.8703],[25.2813,58.0491],[25.9905,57.8373],[26.4621,57.5439],[27.4701,57.5248],[27.8301,57.2939],[27.6393,56.8461],[27.8481,56.853],[28.1037,56.5457],[28.1469,56.143],[27.5781,55.7993],[27.0525,55.8305],[26.5953,55.6673]]]}},{"type":"Feature","properties":{"iso":"422","name":"레바논","en":"Lebanon"},"geometry":{"type":"Polygon","coordinates":[[[35.977,34.6287],[36.3838,34.6582],[36.4342,34.6131],[36.3298,34.5002],[36.5062,34.4325],[36.5854,34.2207],[36.4558,34.0575],[36.2974,33.9586],[36.283,33.8944],[36.3658,33.8388],[36.0922,33.8319],[36.0202,33.7833],[35.941,33.6669],[36.0238,33.5628],[35.6026,33.2399],[35.5342,33.2503],[35.4946,33.1201],[35.4118,33.075],[35.1094,33.0836],[35.6134,34.0315],[35.6494,34.2485],[35.8042,34.4377],[35.977,34.5471],[35.977,34.6287]]]}},{"type":"Feature","properties":{"iso":"426","name":"레소토","en":"Lesotho"},"geometry":{"type":"Polygon","coordinates":[[[28.7373,-30.1017],[28.3917,-30.1468],[28.0569,-30.6312],[27.7545,-30.5999],[27.3873,-30.3152],[27.0561,-29.626],[27.3585,-29.4559],[27.7365,-28.9403],[28.6257,-28.5809],[29.3025,-29.0896],[29.3925,-29.2701],[29.2953,-29.567],[29.1405,-29.7007],[29.0973,-29.9194],[28.7373,-30.1017]]]}},{"type":"Feature","properties":{"iso":"430","name":"라이베리아","en":"Liberia"},"geometry":{"type":"Polygon","coordinates":[[[-11.5075,6.9064],[-10.6471,7.7588],[-10.2835,8.4845],[-9.6643,8.4741],[-9.5167,8.3456],[-9.3691,7.7033],[-9.4627,7.4151],[-9.1171,7.2155],[-8.8903,7.2623],[-8.7067,7.6581],[-8.5771,7.6772],[-8.2963,7.0748],[-8.3323,6.8023],[-8.6023,6.5072],[-7.8895,6.2346],[-7.7959,5.976],[-7.4539,5.8405],[-7.5439,4.3511],[-9.1315,5.0541],[-10.2763,6.0784],[-10.7083,6.2589],[-11.5075,6.9064]]]}},{"type":"Feature","properties":{"iso":"434","name":"리비아","en":"Libya"},"geometry":{"type":"Polygon","coordinates":[[[9.5203,30.2297],[9.8947,30.3876],[10.2151,30.7834],[10.1143,31.464],[10.2763,31.6844],[11.5039,32.4135],[11.5039,33.1826],[12.2815,32.858],[12.7531,32.8007],[13.2823,32.9153],[15.176,32.391],[15.7052,31.4258],[17.8292,30.9275],[19.1252,30.2661],[19.712,30.4883],[20.1116,30.964],[19.928,31.8181],[20.0324,32.108],[20.3708,32.4309],[21.062,32.7764],[21.6344,32.9378],[22.1888,32.9187],[23.0888,32.6184],[23.1068,32.332],[23.2868,32.2139],[24.95,31.9535],[25.1517,31.6549],[24.8528,31.3355],[24.9752,30.7765],[24.7016,30.2019],[24.9788,29.1811],[24.9788,20.0029],[23.9816,19.9959],[23.9816,19.4959],[15.9824,23.4454],[14.2147,22.619],[13.4803,23.1797],[11.9683,23.5183],[11.5075,24.3151],[10.6867,24.5512],[10.3267,24.5304],[10.1179,24.7908],[9.9991,25.3324],[9.4231,26.1466],[9.4915,26.3341],[9.8587,26.5528],[9.8947,26.8479],[9.7471,27.3305],[9.9163,27.7854],[9.8191,29.1151],[9.3115,30.1151],[9.5203,30.2297]]]}},{"type":"Feature","properties":{"iso":"438","name":"리히텐슈타인","en":"Liechtenstein"},"geometry":{"type":"Polygon","coordinates":[[[9.5815,47.0567],[9.4879,47.0619],[9.4807,47.0967],[9.4843,47.173],[9.5275,47.2703],[9.5527,47.213],[9.5563,47.1852],[9.5707,47.1574],[9.5995,47.1314],[9.6103,47.1071],[9.5815,47.0567]]]}},{"type":"Feature","properties":{"iso":"440","name":"리투아니아","en":"Lithuania"},"geometry":{"type":"MultiPolygon","coordinates":[[[[22.7648,54.3566],[22.6856,54.5632],[22.826,54.8705],[22.5668,55.0597],[21.2348,55.2646],[21.0476,56.0701],[22.0844,56.4069],[24.122,56.2645],[24.842,56.4103],[25.0689,56.2003],[25.6629,56.1048],[26.5953,55.6673],[26.4585,55.3427],[26.7753,55.2732],[25.8609,54.9191],[25.5477,54.3323],[25.7493,54.2594],[25.6809,54.1396],[25.4613,54.2924],[24.8708,54.1448],[24.7664,53.9747],[23.5604,53.9192],[23.3696,54.2004],[22.7648,54.3566]]],[[[20.9576,55.2784],[20.9,55.2871],[21.0152,55.4017],[21.0584,55.4764],[21.0872,55.5822],[21.116,55.617],[21.1052,55.4885],[21.0332,55.3496],[20.9576,55.2784]]]]}},{"type":"Feature","properties":{"iso":"442","name":"룩셈부르크","en":"Luxembourg"},"geometry":{"type":"Polygon","coordinates":[[[6.1183,50.1208],[6.1111,50.034],[6.2047,49.9159],[6.3235,49.8378],[6.4891,49.7979],[6.4855,49.7076],[6.3775,49.6],[6.3451,49.4524],[6.1795,49.4993],[6.0103,49.4455],[5.8231,49.5045],[5.7907,49.5375],[5.8807,49.6451],[5.7259,49.8083],[5.7439,49.9194],[5.8663,50.0826],[5.9779,50.1677],[6.0895,50.1538],[6.1183,50.1208]]]}},{"type":"Feature","properties":{"iso":"446","name":"마카오","en":"Macao"},"geometry":{"type":"Polygon","coordinates":[[[113.4785,22.1954],[113.4821,22.218],[113.4929,22.2423],[113.5253,22.2458],[113.5469,22.2232],[113.5469,22.2215],[113.5001,22.2024],[113.4785,22.1954]]]}},{"type":"Feature","properties":{"iso":"807","name":"북마케도니아","en":"Macedonia"},"geometry":{"type":"Polygon","coordinates":[[[21.5624,42.248],[22.2788,42.3504],[22.7972,42.0258],[23.0024,41.7394],[22.9304,41.3557],[22.7828,41.3314],[22.7252,41.1786],[22.6028,41.1404],[21.9944,41.1318],[21.5768,40.8696],[20.7416,40.9061],[20.4896,41.2724],[20.45,41.5206],[20.5544,41.8626],[20.7236,41.873],[20.7776,42.0709],[21.0584,42.1716],[21.2852,42.1004],[21.3896,42.2202],[21.5624,42.248]]]}},{"type":"Feature","properties":{"iso":"450","name":"마다가스카르","en":"Madagascar"},"geometry":{"type":"MultiPolygon","coordinates":[[[[49.5383,-12.4326],[49.9379,-13.0715],[50.2367,-14.7328],[50.4419,-15.1495],[50.4059,-15.6286],[50.1863,-15.9585],[49.8911,-15.4585],[49.6643,-15.521],[49.8407,-16.4862],[49.7687,-16.8143],[49.4483,-17.2414],[49.4771,-17.8993],[49.3619,-18.3368],[47.1767,-24.7878],[46.7303,-25.1506],[46.1579,-25.2304],[45.5063,-25.5638],[45.1139,-25.5429],[44.0338,-24.9961],[43.6702,-24.2999],[43.699,-23.4215],[43.2634,-22.3834],[43.501,-21.3557],[43.7998,-21.1786],[44.4046,-19.9217],[44.4478,-19.4287],[44.041,-18.2882],[43.9798,-17.3924],[44.4226,-16.7032],[44.4766,-16.2171],[44.9086,-16.1737],[45.2219,-15.9498],[45.5999,-15.9932],[45.7007,-15.8144],[46.1579,-15.738],[46.3991,-15.9255],[46.3307,-15.7137],[46.4747,-15.514],[46.9427,-15.2189],[47.0975,-15.4342],[47.0939,-15.1495],[47.3531,-14.7658],[47.4647,-14.7137],[47.4791,-15.0089],[47.7743,-14.6374],[47.9651,-14.6721],[47.7743,-14.37],[47.9939,-13.9603],[47.8823,-13.8075],[47.9399,-13.6617],[48.0407,-13.5958],[48.2567,-13.719],[48.7967,-13.2676],[48.9191,-12.8389],[48.7859,-12.4708],[49.2071,-12.0802],[49.5383,-12.4326]]],[[[49.9379,-16.9028],[49.8227,-17.0869],[49.8551,-16.9324],[49.9847,-16.7119],[50.0243,-16.6945],[49.9379,-16.9028]]],[[[48.3431,-13.3631],[48.3431,-13.3996],[48.2135,-13.3857],[48.1919,-13.2607],[48.2567,-13.2555],[48.2711,-13.2052],[48.3107,-13.1982],[48.3503,-13.3093],[48.3431,-13.3631]]]]}},{"type":"Feature","properties":{"iso":"454","name":"말라위","en":"Malawi"},"geometry":{"type":"MultiPolygon","coordinates":[[[[33.2013,-14.0141],[32.9925,-14.0228],[32.6721,-13.5905],[32.9673,-13.2242],[33.0213,-12.6305],[33.5109,-12.3476],[33.3417,-12.3076],[33.2517,-12.1132],[33.2337,-11.4171],[33.3813,-11.1584],[33.2625,-10.8928],[33.6621,-10.5525],[33.3129,-10.0387],[33.3525,-9.8616],[33.1941,-9.6255],[32.9961,-9.622],[32.9745,-9.3946],[33.8889,-9.6706],[33.9969,-9.4953],[34.5225,-10.03],[34.6629,-10.7105],[34.6089,-11.0803],[34.9581,-11.5785],[34.6197,-11.6202],[34.3569,-12.1653],[34.5621,-13.3597],[35.2462,-13.8961],[35.8474,-14.6703],[35.8942,-14.8925],[35.7538,-16.0591],[35.3578,-16.1598],[35.167,-16.5608],[35.2714,-17.1181],[35.0914,-17.1112],[35.0806,-16.8334],[34.4397,-16.2744],[34.2489,-15.8873],[34.5405,-15.297],[34.5045,-14.5974],[34.3317,-14.4082],[33.6369,-14.5679],[33.2013,-14.0141]]],[[[34.7205,-12.1115],[34.6845,-12.1184],[34.6629,-12.1011],[34.6665,-12.0472],[34.6809,-12.009],[34.7133,-12.0021],[34.7385,-12.0125],[34.7565,-12.0316],[34.7565,-12.0594],[34.7457,-12.0889],[34.7205,-12.1115]]],[[[34.6413,-12.0143],[34.6233,-12.0663],[34.5801,-12.0663],[34.5405,-12.0195],[34.5549,-11.983],[34.5909,-11.9709],[34.6233,-11.9847],[34.6413,-12.0143]]]]}},{"type":"Feature","properties":{"iso":"458","name":"말레이시아","en":"Malaysia"},"geometry":{"type":"MultiPolygon","coordinates":[[[[117.5754,4.1705],[117.1002,4.3372],[115.8366,4.3337],[115.5702,3.9396],[115.455,3.0352],[115.1166,2.8945],[115.1778,2.523],[114.7853,2.2505],[114.8321,1.9797],[114.5117,1.4519],[113.9033,1.4346],[113.6225,1.2367],[113.0069,1.4346],[112.9421,1.5665],[112.4777,1.5596],[112.1861,1.4398],[112.0781,1.1429],[111.8081,1.011],[111.1025,1.0509],[110.5049,0.8617],[109.7345,1.5231],[109.5473,1.8477],[109.6301,2.0283],[109.8641,1.7644],[110.3501,1.7193],[111.2249,1.3964],[111.0305,1.5578],[111.2501,2.0647],[111.2429,2.4362],[111.4445,2.3807],[111.4445,2.6341],[111.6245,2.8182],[112.9889,3.1619],[113.9249,4.2434],[114.0113,4.575],[114.6557,4.0368],[114.8393,4.3927],[114.7457,4.7173],[115.0266,4.8996],[115.1058,4.391],[115.3182,4.3649],[115.1418,4.8996],[115.5558,5.0941],[115.419,5.4135],[115.6026,5.6027],[115.8762,5.6131],[116.7762,6.9898],[116.787,6.6061],[117.129,6.9689],[117.2514,6.9186],[117.2946,6.6773],[117.6474,6.4742],[117.6438,6.002],[117.4998,5.8839],[118.0038,6.0541],[118.1154,5.8631],[117.9354,5.7867],[117.975,5.7069],[118.353,5.8058],[118.5942,5.5923],[119.2566,5.3666],[119.1306,5.101],[118.2594,4.9882],[118.1838,4.8285],[118.5618,4.5021],[118.5474,4.3788],[118.0074,4.2504],[117.6978,4.3424],[117.5754,4.1705]]],[[[100.1188,6.4412],[100.2628,6.6825],[100.3456,6.5506],[100.756,6.4603],[100.8748,6.245],[101.0548,6.2433],[100.9828,5.7711],[101.1124,5.6374],[101.5552,5.9082],[101.7892,5.7798],[102.1024,6.2416],[102.2752,6.2034],[103.096,5.4083],[103.4524,4.6687],[103.3624,3.7695],[103.438,2.9327],[103.8124,2.5803],[104.2192,1.7227],[104.2516,1.3894],[103.9816,1.6238],[103.9924,1.4554],[103.4812,1.3287],[103.3552,1.5457],[102.7288,1.8564],[101.296,2.8859],[101.2996,3.2539],[100.7164,3.9657],[100.7956,4.0229],[100.6156,4.3736],[100.342,5.9846],[100.1188,6.4412]]],[[[111.3905,2.4154],[111.3581,2.4015],[111.3113,2.438],[111.3005,2.7418],[111.3329,2.7678],[111.3545,2.7643],[111.3797,2.7088],[111.3797,2.4588],[111.3905,2.4154]]],[[[99.8488,6.4655],[99.9172,6.3579],[99.8668,6.2971],[99.8236,6.3127],[99.784,6.2711],[99.7444,6.2641],[99.7048,6.337],[99.658,6.3666],[99.6472,6.4186],[99.712,6.4273],[99.748,6.41],[99.8488,6.4655]]],[[[117.885,4.1861],[117.7446,4.167],[117.6474,4.1688],[117.6654,4.2035],[117.6618,4.2504],[117.7086,4.2625],[117.7626,4.2521],[117.885,4.1861]]],[[[117.1434,7.1686],[117.0822,7.1148],[117.0606,7.179],[117.0642,7.2606],[117.147,7.337],[117.2658,7.3509],[117.2802,7.2901],[117.2658,7.2207],[117.2406,7.1842],[117.1434,7.1686]]],[[[100.288,5.2954],[100.2628,5.2677],[100.1908,5.2833],[100.2052,5.4465],[100.2448,5.4673],[100.3096,5.4378],[100.3384,5.41],[100.288,5.2954]]],[[[104.2228,2.7314],[104.1724,2.7209],[104.1472,2.7279],[104.1292,2.7678],[104.1688,2.8564],[104.1832,2.872],[104.2228,2.7748],[104.2228,2.7314]]],[[[101.3176,2.9883],[101.2672,2.9709],[101.2672,2.997],[101.2744,3.0334],[101.3104,3.0681],[101.3284,3.0473],[101.3176,2.9883]]]]}},{"type":"Feature","properties":{"iso":"462","name":"몰디브","en":"Maldives"},"geometry":{"type":"MultiPolygon","coordinates":[[[[73.5109,4.1653],[73.4965,4.1549],[73.4785,4.1584],[73.4713,4.1705],[73.5037,4.2347],[73.5181,4.2469],[73.5289,4.2434],[73.5289,4.2295],[73.5109,4.1653]]],[[[73.4173,3.2313],[73.3957,3.2296],[73.3813,3.247],[73.3849,3.2713],[73.4029,3.2886],[73.4281,3.2904],[73.4425,3.2747],[73.4353,3.2504],[73.4173,3.2313]]]]}},{"type":"Feature","properties":{"iso":"466","name":"말리","en":"Mali"},"geometry":{"type":"Polygon","coordinates":[[[-11.3887,12.4044],[-11.3887,12.9425],[-11.6335,13.3696],[-11.8315,13.3158],[-12.0547,13.6335],[-12.0187,14.2063],[-12.2275,14.4581],[-12.2815,14.8087],[-12.1051,14.7445],[-11.9395,14.8869],[-11.7595,15.425],[-11.5039,15.6368],[-10.9495,15.1507],[-10.6975,15.4233],[-9.4483,15.458],[-9.3511,15.6767],[-9.3367,15.5257],[-9.1783,15.4962],[-5.5135,15.4962],[-5.3587,16.2826],[-5.6287,16.569],[-6.5935,24.9939],[-4.8222,24.9956],[1.1466,21.1017],[1.1646,20.817],[1.611,20.5549],[1.755,20.331],[3.1302,19.8501],[3.2562,19.4109],[3.105,19.1505],[3.2562,19.0133],[4.2282,19.1435],[4.1814,16.5812],[3.8754,15.7549],[3.5046,15.3556],[3.0618,15.4268],[1.3014,15.2722],[0.9486,14.9823],[0.2178,14.9112],[-0.6678,15.0691],[-1.9746,14.4563],[-2.115,14.1682],[-2.5866,14.2272],[-2.8746,13.9512],[-2.9502,13.6491],[-3.249,13.6578],[-3.303,13.2811],[-3.5262,13.1821],[-3.9474,13.4026],[-4.329,13.1196],[-4.2282,12.7932],[-4.4802,12.6717],[-4.4298,12.3384],[-4.6998,12.0763],[-5.2867,11.828],[-5.2507,11.3749],[-5.4919,11.0416],[-5.5243,10.4253],[-5.8447,10.3889],[-6.0355,10.1944],[-6.2371,10.2621],[-6.2623,10.7239],[-6.4243,10.559],[-6.6547,10.6562],[-6.6943,10.3489],[-6.9499,10.342],[-7.0183,10.1441],[-7.3639,10.2587],[-7.4971,10.4392],[-7.9903,10.1632],[-8.0083,10.3212],[-8.2675,10.4861],[-8.3359,10.9913],[-8.6671,11.0086],[-8.3971,11.3662],[-8.8219,11.6735],[-8.8183,11.9218],[-9.1207,12.4495],[-9.3943,12.4651],[-9.3583,12.2551],[-9.7147,12.0433],[-10.2763,12.2134],[-10.6759,11.8992],[-10.9315,12.2047],[-11.3059,12.0155],[-11.5039,12.1978],[-11.3887,12.4044]]]}},{"type":"Feature","properties":{"iso":"470","name":"몰타","en":"Malta"},"geometry":{"type":"MultiPolygon","coordinates":[[[[14.5675,35.8526],[14.5315,35.8196],[14.4379,35.8213],[14.3515,35.8717],[14.3515,35.9776],[14.4487,35.9567],[14.5387,35.8856],[14.5675,35.8526]]],[[[14.3119,36.0279],[14.2543,36.0123],[14.1931,36.0418],[14.1787,36.0609],[14.2615,36.0765],[14.3047,36.0626],[14.3191,36.0366],[14.3119,36.0279]]]]}},{"type":"Feature","properties":{"iso":"584","name":"마셜 제도","en":"Marshall Is."},"geometry":{"type":"MultiPolygon","coordinates":[[[[171.1007,7.1391],[171.2267,7.087],[171.3923,7.1113],[171.3671,7.0957],[171.2339,7.0679],[171.0971,7.1096],[171.0359,7.1564],[171.0503,7.1721],[171.1007,7.1391]]],[[[169.6355,5.8301],[169.6139,5.8006],[169.5923,5.8024],[169.6139,5.8249],[169.6283,5.8562],[169.6499,5.9447],[169.7003,5.9777],[169.7363,6.0141],[169.7255,5.976],[169.6715,5.936],[169.6355,5.8301]]],[[[171.5759,7.0488],[171.6155,7.0262],[171.6875,7.028],[171.7559,6.9724],[171.7307,6.9759],[171.6947,7.0002],[171.6587,7.0106],[171.6155,7.0071],[171.5939,7.0158],[171.5759,7.0488]]],[[[168.8291,7.3092],[168.8147,7.2936],[168.7175,7.3023],[168.6743,7.3214],[168.6779,7.337],[168.8291,7.3092]]],[[[166.8887,11.1527],[166.8635,11.1458],[166.8455,11.1527],[166.8599,11.1666],[166.8887,11.1683],[166.8995,11.1649],[166.8887,11.1527]]]]}},{"type":"Feature","properties":{"iso":"478","name":"모리타니","en":"Mauritania"},"geometry":{"type":"MultiPolygon","coordinates":[[[[-12.2815,14.8087],[-13.2067,15.6177],[-13.4083,16.0587],[-13.8691,16.1489],[-14.0851,16.418],[-14.5351,16.6558],[-16.238,16.5309],[-16.5368,15.8382],[-16.4648,16.602],[-16.0796,17.5464],[-16.0472,18.2235],[-16.2128,19.0029],[-16.5152,19.3623],[-16.3064,19.5133],[-16.4432,19.4734],[-16.2092,20.2285],[-16.4288,20.6521],[-16.6232,20.6348],[-16.9292,21.1156],[-17.048,20.8066],[-16.9652,21.3292],[-13.0159,21.3344],[-13.1527,22.8204],[-12.6199,23.2718],[-12.0223,23.4679],[-12.0151,25.9955],[-8.6815,25.9955],[-8.6851,27.2854],[-4.8222,24.9956],[-6.5935,24.9939],[-5.6287,16.569],[-5.3587,16.2826],[-5.5135,15.4962],[-9.1783,15.4962],[-9.3367,15.5257],[-9.3511,15.6767],[-9.4483,15.458],[-10.6975,15.4233],[-10.9495,15.1507],[-11.5039,15.6368],[-11.7595,15.425],[-11.9395,14.8869],[-12.1051,14.7445],[-12.2815,14.8087]]],[[[-16.3748,19.706],[-16.436,19.6088],[-16.4648,19.647],[-16.4756,19.7112],[-16.3928,19.8501],[-16.3424,19.8657],[-16.3748,19.706]]]]}},{"type":"Feature","properties":{"iso":"480","name":"모리셔스","en":"Mauritius"},"geometry":{"type":"Polygon","coordinates":[[[57.6528,-20.4842],[57.5232,-20.5137],[57.3828,-20.5033],[57.318,-20.4269],[57.3648,-20.4061],[57.3612,-20.3384],[57.3864,-20.229],[57.4152,-20.1839],[57.4872,-20.144],[57.516,-20.0554],[57.5772,-19.9964],[57.6564,-19.9895],[57.7356,-20.0988],[57.7932,-20.2134],[57.7824,-20.3262],[57.7248,-20.3696],[57.7068,-20.4356],[57.6528,-20.4842]]]}},{"type":"Feature","properties":{"iso":"484","name":"멕시코","en":"Mexico"},"geometry":{"type":"MultiPolygon","coordinates":[[[[-117.129,32.5333],[-114.7241,32.7156],[-114.8357,32.509],[-111.0413,31.3251],[-108.2153,31.3303],[-108.2117,31.7799],[-106.4441,31.7678],[-104.9176,30.5838],[-104.3992,29.5734],[-103.258,29.0006],[-102.8908,29.2158],[-102.6136,29.7523],[-102.268,29.872],[-101.44,29.7766],[-100.756,29.1828],[-100.2952,28.327],[-99.5068,27.5475],[-99.4564,27.0562],[-99.1072,26.4469],[-97.3756,25.8723],[-97.1452,25.9608],[-97.6672,24.3897],[-97.8436,22.5096],[-97.7644,22.1052],[-97.3144,21.5635],[-97.408,21.2719],[-97.3828,21.567],[-97.7536,22.027],[-97.1848,20.7164],[-96.4576,19.8692],[-96.2884,19.3432],[-95.7772,18.805],[-95.9212,18.8189],[-95.626,18.6904],[-95.7196,18.7686],[-95.1832,18.7009],[-94.4595,18.1662],[-93.5523,18.43],[-92.8863,18.4682],[-92.4399,18.6748],[-91.9755,18.7165],[-91.9143,18.529],[-91.5327,18.4561],[-91.2735,18.6245],[-91.3419,18.9005],[-91.4355,18.8901],[-90.7407,19.3519],[-90.6939,19.7303],[-90.4923,19.9473],[-90.3519,21.0097],[-89.8191,21.2753],[-88.4655,21.5687],[-88.0083,21.6035],[-87.2523,21.4472],[-87.1875,21.5462],[-87.3855,21.5514],[-87.1299,21.6208],[-86.8239,21.4212],[-86.7735,21.1504],[-86.9247,20.7858],[-87.4215,20.232],[-87.4647,19.8241],[-87.6879,19.6366],[-87.4251,19.5827],[-87.6591,19.3519],[-87.6555,19.2581],[-87.5007,19.2876],[-87.8031,18.3571],[-87.8823,18.2738],[-88.0407,18.4839],[-88.0731,18.8345],[-88.2963,18.4717],[-88.5231,18.4457],[-88.8075,17.9648],[-89.1351,17.97],[-89.1603,17.8155],[-90.9891,17.8172],[-90.9927,17.253],[-91.4103,17.2565],[-90.4167,16.3902],[-90.4455,16.0725],[-91.7379,16.0708],[-92.2059,15.2757],[-92.0763,15.0743],[-92.2347,14.5449],[-93.1671,15.4476],[-94.3731,16.2843],[-94.0023,16.0187],[-94.6611,16.2027],[-94.6179,16.3468],[-94.7907,16.2878],[-94.8987,16.418],[-95.0212,16.2774],[-94.7979,16.2097],[-96.5116,15.6524],[-97.1848,15.9094],[-97.7536,15.9667],[-98.5204,16.3052],[-98.7616,16.5343],[-99.6904,16.7201],[-100.846,17.2009],[-101.9188,17.9596],[-102.7,18.062],[-103.4416,18.3259],[-103.9132,18.8293],[-104.9392,19.3102],[-105.4829,19.9768],[-105.6701,20.3848],[-105.2597,20.5792],[-105.3281,20.7528],[-105.5117,20.8084],[-105.2381,21.1191],[-105.2093,21.4906],[-105.4325,21.6191],[-105.6485,21.9888],[-105.7925,22.6277],[-106.9373,23.8811],[-107.7653,24.4713],[-107.5277,24.3602],[-107.5133,24.4887],[-107.9525,24.6154],[-108.2801,25.0824],[-108.0497,25.0668],[-108.6977,25.3827],[-108.7877,25.5372],[-109.0289,25.4799],[-108.8849,25.7334],[-109.3061,25.6327],[-109.4249,26.032],[-109.1981,26.3046],[-109.1153,26.2525],[-109.2773,26.5337],[-109.4825,26.7108],[-109.7561,26.7021],[-109.9433,27.0788],[-110.3789,27.2333],[-110.5913,27.5441],[-110.5301,27.8635],[-111.1205,27.9676],[-112.1609,29.0197],[-113.0573,30.6515],[-113.0465,31.1792],[-113.6225,31.3459],[-113.7593,31.5577],[-113.9465,31.6289],[-114.1481,31.5074],[-114.9329,31.9014],[-114.7889,31.648],[-114.8825,31.1567],[-114.5513,30.0231],[-113.7557,29.3669],[-113.5001,28.9259],[-113.2049,28.7992],[-113.0933,28.511],[-112.8701,28.4242],[-112.7333,27.8253],[-112.3301,27.5232],[-111.8621,26.6778],[-111.7001,26.5806],[-111.7937,26.8792],[-111.5705,26.7073],[-111.2933,25.789],[-110.6885,24.8671],[-110.6597,24.3411],[-110.3681,24.0998],[-110.2637,24.3446],[-109.4213,23.4801],[-109.4573,23.2145],[-109.8245,22.9228],[-110.0045,22.8933],[-110.3609,23.6051],[-111.8009,24.5425],[-112.0709,24.8394],[-112.1753,25.9122],[-112.3769,26.2143],[-113.0213,26.584],[-113.1545,26.9469],[-113.2733,26.7906],[-113.5973,26.7212],[-113.8421,26.966],[-114.4469,27.2177],[-114.5405,27.4312],[-114.9941,27.7368],[-115.0374,27.8427],[-114.2993,27.8722],[-114.0689,27.676],[-114.2669,27.9347],[-114.0473,28.4259],[-114.9365,29.3512],[-115.6746,29.7557],[-116.0634,30.8043],[-116.2974,30.9709],[-116.3334,31.2036],[-116.661,31.5646],[-116.7222,31.7348],[-116.6214,31.8511],[-116.8482,31.9969],[-117.129,32.5333]]],[[[-112.0565,24.546],[-112.0781,24.5338],[-112.1645,24.6501],[-112.1753,24.73],[-112.2977,24.789],[-112.2221,24.9505],[-112.1609,25.2855],[-112.1321,25.2248],[-112.1933,24.8411],[-112.1285,24.73],[-112.1249,24.6536],[-112.0565,24.546]]],[[[-113.1545,29.0526],[-113.1617,29.0353],[-113.2661,29.096],[-113.4965,29.3078],[-113.5793,29.4137],[-113.5937,29.4623],[-113.5865,29.5734],[-113.5073,29.5596],[-113.4173,29.4866],[-113.3741,29.4172],[-113.3741,29.3391],[-113.2013,29.3026],[-113.1545,29.0526]]],[[[-112.2041,29.0058],[-112.2797,28.7697],[-112.3553,28.7731],[-112.5137,28.8478],[-112.5317,28.8947],[-112.4705,29.1672],[-112.4237,29.2037],[-112.2833,29.2401],[-112.2617,29.2071],[-112.2041,29.0058]]],[[[-115.1706,28.0701],[-115.185,28.0371],[-115.3542,28.1048],[-115.2606,28.2211],[-115.275,28.3426],[-115.2318,28.3687],[-115.1958,28.3287],[-115.149,28.1725],[-115.1706,28.0701]]],[[[-111.7001,24.3932],[-111.7109,24.3463],[-112.0133,24.5338],[-111.9413,24.5512],[-111.8585,24.5373],[-111.7001,24.3932]]],[[[-86.9391,20.3032],[-86.9931,20.2719],[-87.0183,20.383],[-86.9787,20.4889],[-86.9283,20.5514],[-86.8275,20.5584],[-86.7627,20.5792],[-86.7555,20.5514],[-86.9391,20.3032]]],[[[-118.2414,28.9415],[-118.2846,28.9033],[-118.3998,29.1117],[-118.3998,29.162],[-118.3674,29.1881],[-118.3134,29.1828],[-118.3134,29.1308],[-118.2666,29.0856],[-118.2486,29.044],[-118.2414,28.9415]]],[[[-91.6839,18.6766],[-91.7955,18.654],[-91.8171,18.6766],[-91.5903,18.7772],[-91.5507,18.7738],[-91.5363,18.7599],[-91.6551,18.7113],[-91.6839,18.6766]]],[[[-111.0989,26.0198],[-111.0881,25.9851],[-111.0953,25.9747],[-111.1349,25.999],[-111.2033,25.8497],[-111.2249,25.8358],[-111.1817,26.0407],[-111.1385,26.0702],[-111.0917,26.0754],[-111.0989,26.0198]]],[[[-109.8065,24.1519],[-109.8281,24.1467],[-109.8785,24.2005],[-109.9001,24.3307],[-109.8893,24.3446],[-109.7921,24.1832],[-109.7957,24.1641],[-109.8065,24.1519]]],[[[-110.5661,25.0043],[-110.5373,24.8914],[-110.5913,24.9088],[-110.6561,24.9696],[-110.7029,25.0459],[-110.6993,25.0807],[-110.6885,25.0876],[-110.5949,25.0425],[-110.5661,25.0043]]],[[[-106.5017,21.6104],[-106.5305,21.5288],[-106.6061,21.5618],[-106.6349,21.6139],[-106.6385,21.6972],[-106.5989,21.7128],[-106.5377,21.6764],[-106.5017,21.6104]]],[[[-110.9153,18.7408],[-110.9765,18.72],[-111.0629,18.7824],[-111.0413,18.8293],[-110.9909,18.8623],[-110.9405,18.8015],[-110.9153,18.7408]]],[[[-114.6953,31.7053],[-114.7277,31.7018],[-114.7889,31.7469],[-114.7853,31.7903],[-114.7709,31.7938],[-114.7097,31.7573],[-114.6881,31.7244],[-114.6953,31.7053]]],[[[-86.7123,21.2389],[-86.6979,21.1903],[-86.7123,21.1972],[-86.7375,21.2337],[-86.7519,21.2788],[-86.7375,21.2806],[-86.7123,21.2389]]]]}},{"type":"Feature","properties":{"iso":"583","name":"미크로네시아","en":"Micronesia"},"geometry":{"type":"MultiPolygon","coordinates":[[[[158.3134,6.8144],[158.2558,6.7919],[158.1838,6.8006],[158.1622,6.8821],[158.1262,6.9047],[158.1334,6.9446],[158.1874,6.9776],[158.2954,6.9516],[158.335,6.8926],[158.3098,6.8544],[158.3134,6.8144]]],[[[138.1424,9.5],[138.0668,9.4184],[138.0632,9.4462],[138.1172,9.5504],[138.146,9.5834],[138.1856,9.5938],[138.2144,9.5469],[138.182,9.507],[138.1424,9.5]]],[[[151.6461,7.3457],[151.6389,7.3335],[151.5777,7.3387],[151.5705,7.3457],[151.5741,7.3509],[151.6029,7.3578],[151.6065,7.3752],[151.5921,7.3786],[151.6065,7.3891],[151.6281,7.3908],[151.6425,7.3786],[151.6497,7.363],[151.6461,7.3457]]],[[[162.9826,5.3249],[162.9934,5.2781],[162.9286,5.3006],[162.9214,5.318],[162.9574,5.3354],[162.9826,5.3249]]],[[[151.8801,7.4325],[151.8657,7.4272],[151.8549,7.4325],[151.8585,7.4568],[151.8657,7.4654],[151.8801,7.4672],[151.9089,7.4602],[151.9125,7.4533],[151.8801,7.4325]]]]}},{"type":"Feature","properties":{"iso":"498","name":"몰도바","en":"Moldova"},"geometry":{"type":"Polygon","coordinates":[[[26.6205,48.2598],[26.8473,48.3865],[27.5493,48.4785],[28.4637,48.0914],[28.7733,48.1192],[28.9245,47.9508],[29.1261,47.9647],[29.2125,47.7754],[29.1333,47.489],[29.5401,47.2703],[29.5725,46.9647],[29.8785,46.8293],[29.9253,46.5394],[30.1305,46.4231],[29.8389,46.3502],[29.7057,46.4491],[29.3061,46.4665],[29.2053,46.3797],[29.1873,46.5238],[28.9569,46.4578],[28.9461,46.0499],[28.4925,45.6662],[28.4997,45.5169],[28.2117,45.4509],[28.0749,45.5985],[28.1613,45.6471],[28.1001,45.9735],[28.2405,46.6401],[28.0713,46.9786],[27.6141,47.3397],[26.9805,48.1556],[26.6205,48.2598]]]}},{"type":"Feature","properties":{"iso":"492","name":"모나코","en":"Monaco"},"geometry":{"type":"Polygon","coordinates":[[[7.4395,43.7497],[7.3783,43.7323],[7.3819,43.7531],[7.3963,43.7653],[7.4143,43.7705],[7.4359,43.7618],[7.4395,43.7497]]]}},{"type":"Feature","properties":{"iso":"496","name":"몽골","en":"Mongolia"},"geometry":{"type":"Polygon","coordinates":[[[87.8139,49.1625],[88.1163,49.2563],[88.1919,49.4524],[89.1099,49.501],[89.6535,49.718],[89.6427,49.9038],[90.0531,50.093],[91.4139,50.468],[91.8027,50.6937],[92.1915,50.7006],[92.3535,50.8638],[92.6271,50.6885],[92.9403,50.7787],[93.1023,50.6034],[94.2507,50.5565],[94.3551,50.2215],[94.6143,50.0236],[95.5216,49.9107],[96.0652,49.9993],[97.3612,49.7406],[98.1712,50.1798],[98.2792,50.534],[98.0308,50.6451],[97.8364,51.0513],[98.038,51.4506],[98.6392,51.8012],[98.8948,52.1172],[99.9208,51.7561],[102.1132,51.3533],[102.2896,50.5843],[103.3048,50.2006],[104.0788,50.1538],[105.3821,50.4732],[106.7105,50.3117],[107.2325,49.9888],[107.9165,49.9472],[107.9669,49.6538],[108.6149,49.3222],[110.7101,49.1434],[111.3365,49.3552],[112.8053,49.5236],[113.4461,49.942],[114.2957,50.2736],[114.7421,50.2336],[115.4298,49.8968],[116.3514,49.9784],[116.6826,49.8239],[115.8222,48.5775],[115.7862,48.2476],[115.5234,48.1313],[115.617,47.8744],[115.8978,47.6869],[116.2326,47.8588],[116.7618,47.8692],[117.3522,47.6522],[117.7698,47.9872],[118.497,47.9838],[119.7102,47.1505],[119.8974,46.7321],[119.7066,46.6054],[118.8426,46.7599],[117.741,46.5186],[117.4386,46.5863],[117.3342,46.3623],[116.5638,46.2894],[116.1966,45.7391],[115.6818,45.4579],[114.5585,45.3902],[114.0797,44.9718],[113.5865,44.7461],[112.7081,44.8833],[112.4129,45.0586],[111.8981,45.0638],[111.6209,44.8277],[111.4013,44.3677],[111.9341,43.7115],[111.0089,43.3417],[110.4005,42.774],[109.3385,42.439],[106.7717,42.2879],[104.9824,41.5953],[104.4964,41.6595],[104.4964,41.8765],[103.7116,41.7515],[103.0744,42.0067],[102.1564,42.1577],[101.494,42.5379],[99.982,42.6768],[99.4672,42.5674],[97.2064,42.7896],[96.3856,42.7202],[96.2992,42.9285],[95.86,43.2757],[95.5252,43.9545],[95.3272,44.0396],[95.3488,44.2774],[94.7115,44.3503],[93.5163,44.944],[90.8775,45.1957],[90.6615,45.5256],[91.0035,46.036],[90.9099,46.2703],[91.0287,46.5654],[90.3303,47.6557],[90.0279,47.8779],[89.7795,47.8275],[89.4807,48.0289],[89.0487,48.0029],[88.5771,48.2199],[88.5159,48.3848],[87.9795,48.5549],[88.0587,48.7077],[87.7419,48.8813],[87.8715,48.9993],[87.8139,49.1625]]]}},{"type":"Feature","properties":{"iso":"499","name":"몬테네그로","en":"Montenegro"},"geometry":{"type":"Polygon","coordinates":[[[19.1936,43.5326],[19.2188,43.4493],[19.6148,43.1733],[19.9424,43.0813],[20.3492,42.8521],[20.1908,42.7549],[20.054,42.7601],[20.0648,42.5466],[19.7876,42.4754],[19.7264,42.6351],[19.6544,42.6282],[19.28,42.1734],[19.3628,42.0692],[19.3412,41.8696],[19.1864,41.9494],[18.8948,42.2497],[18.632,42.3782],[18.6464,42.4424],[18.5168,42.4338],[18.4376,42.5223],[18.5456,42.6421],[18.4664,42.7775],[18.4592,42.998],[18.6248,43.0275],[18.6752,43.2306],[18.8516,43.3469],[19.028,43.2931],[18.9524,43.5274],[19.1936,43.5326]]]}},{"type":"Feature","properties":{"iso":"500","name":"몬트세랫","en":"Montserrat"},"geometry":{"type":"Polygon","coordinates":[[[-62.1492,16.7409],[-62.1528,16.6819],[-62.2212,16.6992],[-62.2248,16.7513],[-62.1924,16.8051],[-62.1744,16.8103],[-62.1492,16.7409]]]}},{"type":"Feature","properties":{"iso":"504","name":"모로코","en":"Morocco"},"geometry":{"type":"Polygon","coordinates":[[[-2.2194,35.1044],[-1.7946,34.7519],[-1.6794,33.318],[-1.449,32.7851],[-1.0638,32.4691],[-1.2402,32.3372],[-1.2258,32.108],[-2.8638,32.075],[-3.0186,31.8337],[-3.7674,31.6896],[-3.8322,31.1983],[-3.6234,31.0664],[-3.6666,30.964],[-4.9698,30.4658],[-5.4487,29.9571],[-6.4783,29.82],[-6.6367,29.5682],[-7.1587,29.6134],[-8.6599,28.7193],[-8.7931,27.1205],[-9.4123,27.0892],[-9.8191,26.8497],[-10.7587,27.0198],[-11.3923,26.8826],[-11.3383,26.6327],[-11.7199,26.1049],[-12.0619,25.9903],[-12.4327,24.8307],[-13.0627,24.4002],[-13.3111,23.9818],[-13.8907,23.6919],[-14.2219,22.31],[-14.6323,21.8604],[-14.7511,21.501],[-17.0048,21.4212],[-16.9292,21.9003],[-16.3604,22.5947],[-16.2092,23.0982],[-15.788,23.7926],[-15.9824,23.671],[-15.8996,23.8446],[-14.9059,24.7196],[-14.7943,25.4036],[-14.4127,26.2542],[-13.5775,26.7351],[-12.9475,27.9138],[-11.5543,28.3096],[-10.2007,29.3807],[-9.6679,30.1099],[-9.6535,30.4484],[-9.8767,30.7175],[-9.8083,31.424],[-9.3475,32.0872],[-9.2467,32.5733],[-8.5123,33.252],[-6.8995,33.969],[-6.3523,34.7762],[-5.9239,35.7866],[-5.2795,35.9029],[-5.2543,35.6147],[-4.6278,35.2068],[-3.393,35.212],[-2.9718,35.4064],[-2.8386,35.1287],[-2.2194,35.1044]]]}},{"type":"Feature","properties":{"iso":"508","name":"모잠비크","en":"Mozambique"},"geometry":{"type":"Polygon","coordinates":[[[31.2861,-22.4025],[32.4309,-21.2967],[32.3553,-21.137],[32.4921,-20.6596],[32.9925,-19.9842],[32.7765,-19.3888],[32.8485,-19.1041],[32.7009,-18.9409],[32.9925,-18.3593],[32.9493,-16.7119],[31.9413,-16.4289],[31.2357,-16.0244],[30.4077,-15.9775],[30.2313,-14.9898],[33.2013,-14.0141],[33.6369,-14.5679],[34.3749,-14.4256],[34.5045,-14.5974],[34.5549,-15.1408],[34.2489,-15.8873],[34.4397,-16.2744],[35.0806,-16.8334],[35.0914,-17.1112],[35.2714,-17.1181],[35.167,-16.5608],[35.3578,-16.1598],[35.7538,-16.0591],[35.8942,-14.8925],[35.8474,-14.6703],[35.2462,-13.8961],[34.5621,-13.3597],[34.3569,-12.1653],[34.6197,-11.6202],[35.563,-11.6028],[35.9122,-11.4553],[36.3046,-11.707],[36.9778,-11.5664],[37.3738,-11.7105],[37.7266,-11.5803],[37.921,-11.2955],[38.4934,-11.4136],[39.3214,-11.1219],[40.4626,-10.464],[40.6102,-10.6619],[40.4878,-10.7643],[40.5958,-10.8303],[40.4014,-11.332],[40.5814,-12.6357],[40.4374,-12.9829],[40.567,-12.9847],[40.5958,-14.1235],[40.7146,-14.2138],[40.6462,-14.5384],[40.7758,-14.4221],[40.8442,-14.7189],[40.5598,-15.4741],[39.9838,-16.2258],[39.7894,-16.2952],[39.8434,-16.4359],[39.0838,-16.9723],[38.1442,-17.2431],[37.5106,-17.5712],[36.9382,-17.993],[36.4054,-18.769],[36.2614,-18.7204],[36.2362,-18.8611],[35.8546,-18.993],[34.9473,-19.8124],[34.6485,-19.7013],[34.7565,-19.8228],[34.7061,-20.4738],[34.9833,-20.8071],[35.2678,-21.6508],[35.3146,-22.3973],[35.383,-22.4546],[35.455,-22.1161],[35.5414,-22.3018],[35.5738,-22.9632],[35.3722,-23.7982],[35.5414,-23.8243],[35.491,-24.0656],[34.9905,-24.6506],[33.3489,-25.2617],[32.7909,-25.6436],[32.5893,-26.0047],[32.8485,-26.2686],[32.9565,-26.0828],[32.8845,-26.8501],[32.1141,-26.8397],[32.0601,-26.0186],[31.9197,-25.7738],[31.9845,-24.4614],[31.5453,-23.4823],[31.2861,-22.4025]],[[34.6413,-12.0143],[34.6233,-11.9847],[34.5909,-11.9709],[34.5549,-11.983],[34.5405,-12.0195],[34.5801,-12.0663],[34.6233,-12.0663],[34.6413,-12.0143]],[[34.7205,-12.1115],[34.7457,-12.0889],[34.7565,-12.0594],[34.7565,-12.0316],[34.7385,-12.0125],[34.7133,-12.0021],[34.6809,-12.009],[34.6665,-12.0472],[34.6629,-12.1011],[34.6845,-12.1184],[34.7205,-12.1115]]]}},{"type":"Feature","properties":{"iso":"104","name":"미얀마","en":"Myanmar"},"geometry":{"type":"MultiPolygon","coordinates":[[[[100.1224,20.3171],[99.892,20.4247],[99.46,20.3622],[99.4852,20.1504],[99.0748,20.1001],[98.9164,19.7737],[98.0164,19.7494],[97.8184,19.4595],[97.7464,18.588],[97.3756,18.5186],[97.6312,18.2912],[97.7068,17.7964],[98.4376,16.9753],[98.6608,16.3312],[98.8876,16.352],[98.5924,16.05],[98.5564,15.3677],[98.1928,15.2045],[98.2036,14.9754],[99.136,13.7168],[99.1252,13.0311],[99.406,12.5485],[99.6148,11.7811],[98.758,10.6614],[98.704,10.191],[98.5636,10.0347],[98.4664,10.6753],[98.6752,10.9861],[98.74,11.5919],[98.8768,11.7204],[98.6356,11.7377],[98.6968,12.2256],[98.5996,12.2447],[98.6788,12.3488],[98.5744,13.1613],[98.2,13.9807],[98.11,13.7133],[98.0992,14.1612],[97.9084,14.6525],[98.02,14.6525],[97.8112,14.8591],[97.7104,15.8764],[97.5844,16.0187],[97.7248,16.569],[97.3756,16.5222],[97.1992,17.0951],[96.85,17.4006],[96.9076,17.0308],[96.7672,16.7097],[96.4324,16.5048],[96.1876,16.7687],[96.3244,16.4441],[95.7628,16.1698],[95.3884,15.7236],[95.302,15.7566],[95.3452,16.0969],[95.176,15.826],[94.9419,15.8191],[94.8915,16.1837],[94.6611,15.9042],[94.7043,16.5118],[94.4415,16.0951],[94.2255,16.017],[94.5891,17.569],[94.2471,18.7408],[94.0707,18.8936],[94.0455,19.2876],[93.9303,18.9005],[93.4947,19.3692],[93.8259,19.239],[93.9987,19.4404],[93.6099,19.7754],[93.7071,19.9126],[93.2499,20.0706],[93.1311,19.8588],[93.0015,20.074],[93.0663,20.3778],[92.8827,20.1522],[92.7927,20.2112],[92.8503,20.4143],[92.7099,20.5636],[92.7243,20.2962],[92.3787,20.7181],[92.1807,21.2927],[92.3319,21.4403],[92.5983,21.2701],[92.5731,21.9784],[92.6883,22.1312],[92.9655,22.0045],[93.1527,22.2302],[93.0771,22.718],[93.1635,23.0322],[93.3507,23.0843],[93.4083,23.5287],[93.3255,24.0634],[94.1283,23.8759],[94.7079,25.0494],[94.5783,25.3202],[95.1328,26.0407],[95.05,26.348],[95.1292,26.5979],[96.1912,27.2611],[96.7312,27.3323],[97.102,27.1153],[96.8752,27.5875],[97.336,27.9381],[97.3216,28.2176],[97.5376,28.511],[98.0992,28.143],[98.2972,27.5493],[98.452,27.6569],[98.65,27.5718],[98.74,26.7854],[98.686,26.19],[98.5636,26.0719],[98.6572,25.8636],[98.3332,25.5876],[98.1424,25.572],[98.0092,25.2925],[97.8184,25.2525],[97.7392,24.8706],[97.5844,24.7751],[97.5304,24.4922],[97.7068,24.2283],[97.5628,23.9106],[98.2108,24.1102],[98.8336,24.1207],[98.6752,23.9054],[98.8336,23.6242],[98.8624,23.1919],[99.5068,22.9593],[99.1936,22.126],[99.9172,22.0288],[99.9424,21.758],[100.216,21.4628],[100.6048,21.4715],[101.1304,21.7354],[101.08,21.468],[100.756,21.3118],[100.5364,20.9924],[100.6228,20.8587],[100.2484,20.7302],[100.1224,20.3171]]],[[[94.4775,15.9458],[94.4127,15.8486],[94.3875,15.9944],[94.4955,16.076],[94.5459,16.1524],[94.5999,16.2062],[94.6179,16.142],[94.5675,16.0187],[94.4775,15.9458]]],[[[98.4124,12.5988],[98.4376,12.571],[98.47,12.571],[98.4592,12.4738],[98.38,12.354],[98.3152,12.3367],[98.3332,12.512],[98.3008,12.611],[98.3116,12.6787],[98.398,12.6474],[98.4124,12.5988]]],[[[98.2216,11.4791],[98.218,11.4565],[98.1856,11.4721],[98.2,11.5676],[98.2396,11.644],[98.2792,11.7586],[98.3008,11.7829],[98.308,11.7221],[98.2648,11.5242],[98.2216,11.4791]]],[[[93.7143,19.5584],[93.8295,19.4751],[93.8763,19.4803],[93.9447,19.4282],[93.9483,19.4074],[93.9339,19.3657],[93.9015,19.3328],[93.8151,19.298],[93.7575,19.3258],[93.7323,19.4161],[93.6639,19.4595],[93.6423,19.4942],[93.6891,19.5446],[93.7143,19.5584]]],[[[98.3152,13.0988],[98.308,12.9339],[98.2576,13.0137],[98.2504,13.104],[98.254,13.189],[98.2648,13.2029],[98.2972,13.1509],[98.3152,13.0988]]],[[[98.5528,11.7447],[98.5276,11.5381],[98.4664,11.5676],[98.434,11.5676],[98.398,11.6839],[98.398,11.7152],[98.3764,11.7916],[98.524,11.8055],[98.5528,11.7447]]],[[[97.5736,16.2531],[97.5376,16.2409],[97.48,16.3052],[97.4692,16.4614],[97.516,16.4961],[97.5412,16.5048],[97.5808,16.4857],[97.5988,16.4302],[97.588,16.3972],[97.5736,16.2531]]],[[[93.6891,18.6835],[93.6747,18.6748],[93.5703,18.7599],[93.4875,18.8675],[93.6171,18.8883],[93.7431,18.8658],[93.7467,18.8085],[93.7179,18.7165],[93.6891,18.6835]]],[[[93.0087,19.9247],[93.0231,19.8293],[92.9763,19.8675],[92.9115,19.9994],[92.9151,20.0862],[92.9583,20.0463],[93.0087,19.9247]]],[[[98.2108,10.9531],[98.2936,10.7795],[98.272,10.7395],[98.2504,10.7448],[98.218,10.8385],[98.1568,10.8975],[98.0812,10.8871],[98.1424,10.9635],[98.1676,10.9808],[98.2108,10.9531]]],[[[98.074,11.6926],[98.0848,11.6371],[98.02,11.6961],[98.0092,11.861],[98.0596,11.7568],[98.0812,11.7325],[98.074,11.6926]]],[[[93.4911,19.8918],[93.5127,19.7546],[93.4443,19.8067],[93.4191,19.8779],[93.4119,19.9508],[93.4911,19.8918]]],[[[98.5168,11.9044],[98.4736,11.8992],[98.4556,12.0606],[98.4664,12.0849],[98.524,12.0051],[98.6104,11.9565],[98.578,11.9252],[98.5168,11.9044]]],[[[98.182,9.934],[98.1352,9.875],[98.1172,9.8785],[98.1388,9.974],[98.2216,10.0451],[98.29,10.0521],[98.2828,10.007],[98.2324,9.9531],[98.182,9.934]]],[[[98.1352,12.1509],[98.1244,12.1457],[98.11,12.1474],[98.074,12.1648],[98.038,12.2325],[98.056,12.2794],[98.0704,12.2915],[98.1064,12.2881],[98.1208,12.2794],[98.128,12.262],[98.1172,12.2238],[98.1208,12.1908],[98.1352,12.1509]]],[[[94.8051,15.8191],[94.7835,15.7931],[94.7439,15.8121],[94.7331,15.8226],[94.8267,15.9337],[94.8375,15.892],[94.8051,15.8191]]],[[[98.0668,12.3905],[98.0596,12.354],[98.002,12.2794],[97.9516,12.3228],[97.9372,12.3453],[97.9912,12.394],[98.0452,12.387],[98.0596,12.3974],[98.0668,12.3905]]],[[[98.542,10.9618],[98.5204,10.96],[98.4988,10.9635],[98.4772,10.9791],[98.5276,11.0867],[98.542,10.9618]]]]}},{"type":"Feature","properties":{"iso":"","name":"북키프로스","en":"N. Cyprus"},"geometry":{"type":"Polygon","coordinates":[[[34.0041,35.0644],[33.8673,35.0939],[33.4749,35.0002],[33.3849,35.1634],[33.1905,35.1738],[32.9205,35.087],[32.7117,35.1703],[32.8809,35.1807],[32.9421,35.3908],[33.6081,35.3543],[34.5549,35.6616],[33.9429,35.2918],[33.9069,35.2016],[34.0041,35.0644]]]}},{"type":"Feature","properties":{"iso":"580","name":"북마리아나 제도","en":"N. Mariana Is."},"geometry":{"type":"MultiPolygon","coordinates":[[[[145.7529,15.1334],[145.7493,15.1073],[145.6989,15.1143],[145.6845,15.1247],[145.7133,15.215],[145.7853,15.2566],[145.8213,15.2653],[145.7889,15.2219],[145.7817,15.175],[145.7529,15.1334]]],[[[145.6629,14.9702],[145.6197,14.9198],[145.5909,14.998],[145.5873,15.0309],[145.6233,15.0605],[145.6485,15.0587],[145.6629,14.9702]]],[[[145.7781,18.0794],[145.7277,18.0568],[145.7889,18.1558],[145.8069,18.1731],[145.8357,18.1367],[145.7781,18.0794]]],[[[145.2633,14.1577],[145.2165,14.1109],[145.1805,14.1213],[145.1589,14.1369],[145.1517,14.1629],[145.2309,14.189],[145.2669,14.1803],[145.2633,14.1577]]],[[[145.7133,16.3399],[145.6917,16.3329],[145.6593,16.3364],[145.6377,16.352],[145.6305,16.3781],[145.6953,16.3798],[145.7205,16.359],[145.7133,16.3399]]],[[[145.7097,18.7634],[145.6773,18.7252],[145.6521,18.7529],[145.6449,18.8068],[145.6917,18.8015],[145.7061,18.7911],[145.7097,18.7634]]]]}},{"type":"Feature","properties":{"iso":"516","name":"나미비아","en":"Namibia"},"geometry":{"type":"Polygon","coordinates":[[[23.3804,-17.6406],[24.734,-17.5174],[25.2597,-17.7934],[24.9104,-17.8212],[24.5288,-18.0521],[24.3596,-17.9774],[23.6,-18.46],[23.2184,-18],[20.9756,-18.3194],[20.972,-21.9997],[19.9784,-21.9997],[19.982,-28.4507],[19.5392,-28.574],[19.1612,-28.9386],[18.1028,-28.8708],[17.4476,-28.699],[17.3576,-28.2702],[17.0552,-28.0306],[16.8752,-28.1278],[16.7564,-28.4525],[16.4468,-28.6174],[15.7196,-27.9664],[15.2876,-27.2755],[14.8447,-25.7252],[14.8375,-25.0325],[14.5027,-24.2027],[14.4631,-22.4494],[13.4515,-20.9165],[12.4579,-18.927],[11.7775,-18.0017],[11.7415,-17.25],[12.5479,-17.2118],[13.1023,-16.9671],[13.4767,-17.04],[14.0167,-17.4098],[18.398,-17.3993],[18.956,-17.8038],[20.1944,-17.8628],[20.7452,-18.0191],[23.3804,-17.6406]]]}},{"type":"Feature","properties":{"iso":"520","name":"나우루","en":"Nauru"},"geometry":{"type":"Polygon","coordinates":[[[166.9571,-0.5167],[166.9391,-0.5514],[166.9175,-0.5462],[166.9067,-0.5236],[166.9139,-0.4993],[166.9391,-0.4889],[166.9571,-0.4976],[166.9571,-0.5167]]]}},{"type":"Feature","properties":{"iso":"524","name":"네팔","en":"Nepal"},"geometry":{"type":"Polygon","coordinates":[[[88.1091,27.8704],[87.9831,27.1344],[88.1559,26.808],[88.0551,26.4295],[87.2883,26.3601],[87.0147,26.5563],[86.7015,26.4348],[86.0067,26.65],[85.7943,26.6049],[85.6467,26.8288],[85.1931,26.7663],[84.6854,27.0406],[84.6098,27.2993],[84.0914,27.492],[83.2886,27.3705],[82.7342,27.5198],[82.6766,27.6743],[81.8522,27.867],[80.0522,28.8704],[80.3186,29.5717],[80.6138,29.9554],[80.909,30.1724],[81.1754,30.0404],[81.4166,30.3373],[81.8558,30.3616],[82.853,29.6828],[83.1554,29.6134],[83.5838,29.1828],[84.1022,29.2193],[84.2282,28.912],[84.797,28.5596],[85.1607,28.5926],[85.1211,28.3166],[85.6791,28.2767],[85.9959,27.9104],[86.1363,28.1152],[86.4099,27.9295],[86.6151,28.1031],[87.1407,27.8392],[88.1091,27.8704]]]}},{"type":"Feature","properties":{"iso":"528","name":"네덜란드","en":"Netherlands"},"geometry":{"type":"MultiPolygon","coordinates":[[[[5.9923,50.751],[5.6395,50.843],[5.7979,51.1537],[5.2147,51.2787],[5.0311,51.4697],[4.5018,51.4749],[4.3722,51.3568],[3.4506,51.5408],[3.7422,51.5964],[4.275,51.4714],[4.005,51.5964],[4.1814,51.6103],[3.9474,51.8099],[4.4838,52.3099],[4.7682,52.9418],[5.0599,52.9609],[5.8735,53.3758],[6.8167,53.4418],[7.1983,53.282],[7.0327,52.6519],[6.7483,52.6345],[6.6907,52.5304],[7.0003,52.4193],[7.0183,52.2665],[6.7231,52.0807],[6.7411,51.9106],[5.9491,51.803],[6.1975,51.4506],[6.1291,51.1468],[5.8591,51.0304],[6.0499,50.9055],[5.9923,50.751]]],[[[4.2246,51.3863],[4.1742,51.3065],[3.9006,51.2075],[3.5802,51.2856],[3.4326,51.2457],[3.3786,51.2908],[3.3498,51.3776],[3.591,51.4002],[3.8826,51.3551],[4.0122,51.3967],[4.113,51.3603],[4.2246,51.3863]]],[[[5.3263,53.3862],[5.2327,53.3775],[5.1895,53.3914],[5.4163,53.4313],[5.5819,53.4383],[5.3263,53.3862]]],[[[3.9474,51.7387],[4.0482,51.6849],[4.0734,51.6485],[3.951,51.6276],[3.8178,51.6936],[3.7314,51.678],[3.699,51.7092],[3.699,51.7301],[3.789,51.7457],[3.9474,51.7387]]],[[[5.9311,53.4591],[5.7331,53.4435],[5.6647,53.4556],[5.6539,53.4661],[5.8771,53.4747],[5.9311,53.4591]]],[[[-68.2045,12.144],[-68.2549,12.0329],[-68.2837,12.0815],[-68.2873,12.1717],[-68.3089,12.2065],[-68.3485,12.2273],[-68.3701,12.2568],[-68.3701,12.3019],[-68.2189,12.2308],[-68.2045,12.144]]],[[[5.1103,53.3081],[4.923,53.2352],[4.9086,53.2456],[5.0275,53.3098],[5.1103,53.3081]]],[[[4.887,53.0703],[4.7862,52.9991],[4.725,53.0199],[4.7106,53.0355],[4.7394,53.0911],[4.887,53.1831],[4.887,53.0703]]],[[[6.3343,53.5112],[6.1939,53.4765],[6.1579,53.4834],[6.1687,53.4938],[6.2911,53.5147],[6.3343,53.5112]]],[[[6.7339,53.5824],[6.6439,53.5789],[6.6691,53.6049],[6.7555,53.6258],[6.8023,53.6258],[6.7339,53.5824]]],[[[-62.9376,17.4961],[-62.9628,17.4752],[-62.9844,17.477],[-62.9988,17.4961],[-62.9988,17.5308],[-62.9808,17.5204],[-62.97,17.5169],[-62.9664,17.51],[-62.9376,17.4961]]],[[[-63.2328,17.6228],[-63.24,17.6193],[-63.2544,17.628],[-63.2508,17.6454],[-63.24,17.6523],[-63.2328,17.6471],[-63.2256,17.635],[-63.2328,17.6228]]]]}},{"type":"Feature","properties":{"iso":"540","name":"누벨칼레도니","en":"New Caledonia"},"geometry":{"type":"MultiPolygon","coordinates":[[[[164.203,-20.2464],[164.437,-20.2828],[165.1931,-20.7689],[165.6611,-21.2672],[166.9427,-22.09],[166.9715,-22.3226],[166.7735,-22.3765],[166.4675,-22.2567],[164.9266,-21.2897],[164.1706,-20.4807],[164.059,-20.1422],[164.203,-20.2464]]],[[[167.3999,-21.1613],[167.3459,-21.1682],[167.2739,-21.097],[167.1335,-21.0606],[167.0723,-20.9981],[167.0327,-20.9234],[167.1119,-20.9043],[167.1911,-20.8036],[167.1371,-20.7654],[167.0435,-20.7602],[167.0543,-20.7203],[167.2055,-20.6734],[167.2703,-20.7012],[167.2991,-20.7325],[167.2919,-20.8922],[167.3603,-20.9425],[167.4323,-21.0554],[167.3999,-21.1613]]],[[[168.0119,-21.4303],[168.0587,-21.4477],[168.1379,-21.446],[168.1199,-21.6161],[168.0047,-21.6439],[167.9651,-21.6421],[167.9399,-21.6057],[167.8751,-21.5814],[167.8787,-21.5241],[167.8139,-21.3921],[167.9255,-21.373],[167.9867,-21.3383],[167.9939,-21.4078],[168.0119,-21.4303]]],[[[166.5467,-20.6995],[166.4927,-20.7082],[166.5575,-20.6179],[166.5611,-20.5606],[166.5863,-20.4512],[166.5827,-20.413],[166.6259,-20.4182],[166.6691,-20.4495],[166.6187,-20.4773],[166.6007,-20.5259],[166.6007,-20.5849],[166.6223,-20.5971],[166.5899,-20.6613],[166.5467,-20.6995]]],[[[159.9514,-19.3124],[159.937,-19.3332],[159.9298,-19.1735],[159.9586,-19.1145],[159.9766,-19.2378],[159.9514,-19.3124]]],[[[167.5439,-22.623],[167.5115,-22.6612],[167.4719,-22.6525],[167.4431,-22.6386],[167.4215,-22.6178],[167.4431,-22.5414],[167.5295,-22.5796],[167.5439,-22.623]]]]}},{"type":"Feature","properties":{"iso":"554","name":"뉴질랜드","en":"New Zealand"},"geometry":{"type":"MultiPolygon","coordinates":[[[[173.1167,-41.2798],[173.9483,-40.9239],[173.7971,-41.2711],[173.9987,-40.9934],[174.3011,-41.0194],[174.0383,-41.2416],[174.3695,-41.1045],[174.0707,-41.4291],[174.1607,-41.561],[174.0851,-41.6704],[174.2831,-41.7398],[174.2147,-41.8509],[173.2211,-42.9759],[172.6235,-43.2727],[172.7351,-43.3543],[172.5263,-43.4654],[173.0735,-43.6755],[173.0951,-43.8439],[172.5011,-43.8439],[172.5839,-43.7727],[172.4795,-43.7258],[172.2959,-43.8682],[172.0367,-43.7015],[172.1807,-43.896],[171.2411,-44.264],[171.1475,-44.9115],[170.9999,-44.9115],[171.1115,-45.04],[170.7011,-45.684],[170.7767,-45.8715],[170.3339,-45.9913],[169.6859,-46.552],[169.0991,-46.6302],[168.3827,-46.6059],[168.2315,-46.3854],[167.8427,-46.3663],[167.5403,-46.1493],[166.8311,-46.2257],[166.7123,-46.1337],[166.9175,-45.9566],[166.7303,-46.0521],[166.7195,-45.8889],[166.4927,-45.9635],[166.5143,-45.8125],[167.0039,-45.7118],[166.7987,-45.6458],[166.9895,-45.5313],[166.7339,-45.5434],[166.7771,-45.4098],[166.9211,-45.408],[166.8707,-45.3108],[167.1551,-45.4115],[167.1191,-45.3177],[167.2307,-45.29],[167.0255,-45.1233],[167.2595,-45.0816],[167.1731,-44.9966],[167.4107,-44.8282],[167.4647,-44.9584],[167.4611,-44.8022],[167.6987,-44.6407],[167.9075,-44.665],[167.8571,-44.5001],[168.3683,-44.0817],[169.1783,-43.9133],[169.1711,-43.7779],[169.8335,-43.5366],[170.2403,-43.1634],[170.3951,-43.1825],[170.3015,-43.1078],[170.7335,-43.0297],[170.9711,-42.7189],[171.0395,-42.8613],[171.0287,-42.6964],[171.3131,-42.4603],[171.4859,-41.7954],[171.9467,-41.5385],[172.2743,-40.759],[172.6415,-40.5177],[172.9439,-40.5194],[172.7315,-40.5437],[172.7027,-40.667],[172.9871,-40.8475],[173.1167,-41.2798]]],[[[173.2679,-34.9347],[173.4479,-34.8444],[173.4731,-34.9469],[174.1031,-35.143],[174.1427,-35.2993],[174.3191,-35.2472],[174.5819,-35.7853],[174.3947,-35.7975],[174.8015,-36.3096],[174.7223,-36.8408],[175.2984,-36.9936],[175.3848,-37.2071],[175.5432,-37.2019],[175.3848,-36.5561],[175.4604,-36.4763],[175.7736,-36.7349],[176.1084,-37.6446],[177.2748,-37.9935],[178.0092,-37.5543],[178.5348,-37.6915],[178.2684,-38.5508],[177.9768,-38.7227],[177.9084,-39.24],[177.5232,-39.0733],[177.0768,-39.2226],[176.94,-39.5559],[177.1092,-39.674],[176.8428,-40.1583],[175.9824,-41.2138],[175.3092,-41.6114],[175.1652,-41.4169],[174.8807,-41.4239],[174.8663,-41.2225],[174.6359,-41.2902],[175.1616,-40.6219],[175.212,-40.2],[175.0104,-39.9518],[173.9339,-39.5091],[173.7647,-39.3181],[173.8439,-39.1393],[174.5675,-38.8425],[174.8015,-37.8963],[174.9275,-37.8043],[174.5855,-37.0978],[174.7331,-37.2158],[174.9275,-37.0856],[174.7835,-36.9433],[174.4739,-36.9415],[174.1895,-36.4919],[174.4019,-36.6013],[174.3911,-36.2402],[174.0347,-36.1221],[173.9159,-35.9086],[174.1679,-36.327],[174.0563,-36.36],[173.4119,-35.5423],[173.6279,-35.3184],[173.3147,-35.4434],[173.1167,-35.2055],[173.1923,-35.0163],[172.7063,-34.4556],[173.0447,-34.4295],[172.9655,-34.5354],[173.2679,-34.9347]]],[[[168.1451,-46.8628],[168.1451,-46.9027],[168.0407,-46.8871],[168.0443,-46.9322],[168.1271,-46.9565],[168.1559,-46.9878],[168.2423,-46.9791],[168.2603,-47.0277],[168.2423,-47.0694],[168.1847,-47.1024],[168.0155,-47.118],[167.9039,-47.1805],[167.7851,-47.1753],[167.6771,-47.243],[167.5223,-47.2586],[167.5403,-47.1996],[167.6303,-47.1423],[167.6555,-47.0451],[167.7419,-47.0138],[167.7419,-46.9565],[167.7995,-46.9062],[167.7635,-46.7968],[167.7851,-46.6996],[167.9543,-46.6944],[168.1451,-46.8628]]],[[[-176.1768,-43.7397],[-176.2128,-43.7658],[-176.274,-43.764],[-176.382,-43.8664],[-176.3748,-43.7901],[-176.4072,-43.7605],[-176.5008,-43.7675],[-176.5152,-43.7849],[-176.4396,-43.8161],[-176.5008,-43.8595],[-176.4396,-43.955],[-176.3856,-43.9515],[-176.3352,-44.0487],[-176.454,-44.0765],[-176.5152,-44.1164],[-176.598,-44.1077],[-176.6304,-44.0366],[-176.6304,-44.0071],[-176.5224,-43.9012],[-176.5548,-43.8526],[-176.634,-43.8196],[-176.8464,-43.8248],[-176.76,-43.7571],[-176.6664,-43.7658],[-176.5656,-43.7171],[-176.1768,-43.7397]]],[[[166.2227,-50.7618],[166.2443,-50.8452],[166.1867,-50.8469],[166.0715,-50.8226],[166.0391,-50.7862],[166.0139,-50.7775],[165.9707,-50.8191],[165.9059,-50.8209],[165.8879,-50.807],[165.9167,-50.7636],[166.0751,-50.6785],[166.1039,-50.5726],[166.1003,-50.5396],[166.2263,-50.531],[166.2659,-50.5587],[166.2587,-50.5778],[166.2083,-50.6126],[166.2191,-50.6941],[166.1795,-50.715],[166.2011,-50.7514],[166.2227,-50.7618]]],[[[175.5432,-36.2801],[175.5504,-36.3339],[175.4748,-36.3148],[175.446,-36.2732],[175.3452,-36.2176],[175.338,-36.1343],[175.3812,-36.0944],[175.3884,-36.077],[175.41,-36.0701],[175.446,-36.1152],[175.5144,-36.1777],[175.5432,-36.2801]]],[[[166.7447,-45.6563],[166.7411,-45.7049],[166.7303,-45.7292],[166.6439,-45.724],[166.5935,-45.7014],[166.5575,-45.7083],[166.5323,-45.6997],[166.5683,-45.6441],[166.6871,-45.6146],[166.7303,-45.6389],[166.7447,-45.6563]]],[[[173.9159,-40.8632],[173.7791,-40.9222],[173.8115,-40.7937],[173.8727,-40.7486],[173.9015,-40.7468],[173.9627,-40.7121],[173.9591,-40.7868],[173.9159,-40.8632]]],[[[169.1783,-52.4979],[169.2323,-52.5482],[169.1279,-52.5708],[169.0775,-52.5517],[169.0415,-52.5291],[169.0235,-52.4961],[169.0775,-52.4996],[169.1279,-52.4857],[169.1783,-52.4979]]],[[[166.9787,-45.1789],[167.0219,-45.3004],[166.9319,-45.2761],[166.8923,-45.2414],[166.9643,-45.1806],[166.9787,-45.1789]]],[[[-176.1768,-44.3213],[-176.22,-44.33],[-176.2164,-44.2727],[-176.2308,-44.2362],[-176.1552,-44.2241],[-176.1228,-44.2692],[-176.1768,-44.3213]]],[[[-172.4795,-8.5804],[-172.4831,-8.5822],[-172.4867,-8.5718],[-172.4939,-8.5596],[-172.4975,-8.5457],[-172.4867,-8.5561],[-172.4795,-8.5683],[-172.4795,-8.5804]]],[[[-171.1871,-9.3547],[-171.1871,-9.3582],[-171.1943,-9.353],[-171.2015,-9.3443],[-171.2051,-9.3339],[-171.2015,-9.3321],[-171.1943,-9.3391],[-171.1871,-9.3547]]]]}},{"type":"Feature","properties":{"iso":"558","name":"니카라과","en":"Nicaragua"},"geometry":{"type":"Polygon","coordinates":[[[-83.159,14.9928],[-83.2814,14.8122],[-83.3426,14.9025],[-83.4146,14.8261],[-83.1878,14.34],[-83.411,13.9963],[-83.5658,13.321],[-83.5118,12.4113],[-83.627,12.4599],[-83.5946,12.7134],[-83.753,12.5016],[-83.681,12.0242],[-83.7674,12.0589],[-83.8286,11.861],[-83.6522,11.6423],[-83.8682,11.3003],[-83.6414,10.9166],[-83.7134,10.7864],[-84.167,10.7812],[-84.347,10.9791],[-84.6998,11.052],[-84.9086,10.9461],[-85.5855,11.1892],[-85.7439,11.0624],[-86.7555,12.1561],[-87.6663,12.9043],[-87.5835,13.0432],[-87.3891,12.92],[-86.9607,13.0536],[-86.9175,13.2238],[-86.7123,13.314],[-86.7339,13.7637],[-86.3307,13.7706],[-86.0391,14.0501],[-85.7331,13.8591],[-85.1787,14.3435],[-85.1607,14.5258],[-84.8618,14.8105],[-84.5378,14.6334],[-83.537,14.9771],[-83.159,14.9928]]]}},{"type":"Feature","properties":{"iso":"562","name":"니제르","en":"Niger"},"geometry":{"type":"Polygon","coordinates":[[[13.6063,13.7046],[12.8719,13.4494],[12.4615,13.0936],[12.1195,13.0901],[11.4103,13.354],[10.4743,13.3297],[10.0459,13.2064],[9.6175,12.8106],[8.7499,12.9078],[7.8319,13.3401],[6.9355,13.0085],[6.2983,13.6595],[5.4919,13.873],[4.6638,13.7324],[4.149,13.4581],[4.0374,12.9339],[3.645,12.5294],[3.5946,11.6961],[2.8062,12.3835],[2.367,12.2221],[2.3886,11.8975],[2.0718,12.3089],[2.2266,12.4669],[2.1042,12.7012],[1.5642,12.6353],[1.0062,13.0241],[0.9882,13.3644],[1.2006,13.3574],[0.6174,13.7029],[0.1638,14.498],[0.2286,14.9632],[0.9486,14.9823],[1.3014,15.2722],[3.0618,15.4268],[3.5046,15.3556],[3.8754,15.7549],[4.1814,16.5812],[4.2282,19.1435],[5.8375,19.4786],[7.4827,20.8726],[11.9683,23.5183],[13.4803,23.1797],[14.2147,22.619],[14.9779,22.9957],[15.1832,21.5236],[15.608,20.9542],[15.5864,20.7337],[15.9644,20.3466],[15.734,19.9039],[15.4748,16.9076],[14.3695,15.7497],[13.4479,14.3799],[13.6063,13.7046]]]}},{"type":"Feature","properties":{"iso":"566","name":"나이지리아","en":"Nigeria"},"geometry":{"type":"MultiPolygon","coordinates":[[[[13.6063,13.7046],[14.0635,13.0779],[14.1967,12.3835],[14.5207,12.2985],[14.6179,12.1509],[14.5747,11.5329],[13.9807,11.2117],[13.6999,10.8732],[13.2715,10.0365],[13.1995,9.5643],[12.9295,9.4271],[12.7315,8.7449],[12.4039,8.5956],[12.0151,7.5904],[11.7667,7.2727],[11.8603,7.1165],[11.5795,6.8891],[11.4031,6.5332],[11.1079,6.4586],[11.0071,6.7398],[10.6075,7.0627],[10.4131,6.8769],[10.1431,6.9967],[9.0595,6.0089],[8.5555,4.7555],[8.2351,4.9083],[8.2927,4.5576],[7.6447,4.5247],[7.5295,4.6549],[7.2847,4.5472],[7.0759,4.7156],[7.1551,4.5142],[6.9247,4.391],[6.7663,4.7243],[6.8599,4.3736],[6.6331,4.3406],[6.5791,4.476],[6.5539,4.3406],[6.2623,4.3094],[6.2695,4.4326],[6.1723,4.2781],[5.5891,4.6479],[5.3659,5.259],[5.5495,5.4742],[5.3875,5.4013],[5.2003,5.5333],[5.4559,5.6114],[5.3263,5.7069],[5.1139,5.6409],[4.8618,6.0263],[4.4298,6.3492],[3.4506,6.4273],[3.717,6.5974],[3.3354,6.3961],[2.7054,6.37],[2.7738,9.0487],[3.0438,9.0834],[3.3246,9.7778],[3.6018,10.0052],[3.6054,10.3507],[3.7854,10.4357],[3.717,11.0798],[3.4866,11.3958],[3.663,11.7621],[3.645,12.5294],[4.0374,12.9339],[4.149,13.4581],[4.4226,13.6474],[5.4919,13.873],[6.2983,13.6595],[6.9355,13.0085],[7.8319,13.3401],[8.7499,12.9078],[9.6175,12.8106],[10.0459,13.2064],[10.4743,13.3297],[11.4103,13.354],[12.1195,13.0901],[12.4615,13.0936],[12.8719,13.4494],[13.6063,13.7046]]],[[[7.2991,4.4188],[7.2055,4.3875],[7.1407,4.3945],[7.2271,4.5281],[7.2703,4.4986],[7.3279,4.4865],[7.2991,4.4188]]]]}},{"type":"Feature","properties":{"iso":"570","name":"니우에","en":"Niue"},"geometry":{"type":"Polygon","coordinates":[[[-169.8047,-19.0833],[-169.9055,-19.1371],[-169.9487,-19.0728],[-169.9091,-18.9895],[-169.8623,-18.9687],[-169.8335,-18.9652],[-169.7939,-19.0433],[-169.8047,-19.0833]]]}},{"type":"Feature","properties":{"iso":"574","name":"노퍽섬","en":"Norfolk Island"},"geometry":{"type":"Polygon","coordinates":[[[167.9399,-29.0184],[167.9615,-29.0288],[167.9795,-29.034],[167.9903,-29.0427],[167.9903,-29.0583],[167.9795,-29.0757],[167.9615,-29.0878],[167.9615,-29.0965],[167.9543,-29.0826],[167.9435,-29.0722],[167.9327,-29.0722],[167.9255,-29.0826],[167.9219,-29.0826],[167.9111,-29.0531],[167.9147,-29.0444],[167.9255,-29.0358],[167.9255,-29.0288],[167.9183,-29.0254],[167.9075,-29.0288],[167.9219,-29.0132],[167.9399,-29.0184]]]}},{"type":"Feature","properties":{"iso":"408","name":"북한","en":"North Korea"},"geometry":{"type":"MultiPolygon","coordinates":[[[[128.3755,38.6232],[128.0407,38.309],[127.0903,38.2847],[126.6331,37.7813],[126.3703,37.8785],[126.1183,37.7431],[125.7691,37.9861],[125.3587,37.724],[125.3119,37.8438],[124.9878,37.9323],[125.2075,38.0816],[124.6926,38.1285],[125.0671,38.5573],[125.5531,38.6857],[125.1679,38.8055],[125.4091,39.2881],[125.3623,39.526],[124.7754,39.7586],[124.6386,39.6145],[124.347,39.9061],[124.3866,40.104],[124.8906,40.4599],[125.9887,40.9043],[126.4891,41.3574],[126.6007,41.6404],[126.9031,41.781],[127.1803,41.531],[128.1487,41.3869],[128.2891,41.6074],[128.0443,41.9876],[128.9227,42.038],[129.3151,42.4129],[129.6967,42.4476],[129.8623,42.965],[130.0819,42.9737],[130.6867,42.3018],[130.2367,42.1838],[129.7579,41.7116],[129.7075,40.8575],[128.5123,40.1301],[127.9651,39.9964],[127.5259,39.6961],[127.5475,39.4617],[127.3963,39.2083],[127.7851,39.0833],[128.3755,38.6232]]],[[[124.905,39.5364],[124.8474,39.5069],[124.8474,39.5589],[124.8906,39.6023],[124.9338,39.6075],[124.905,39.5364]]]]}},{"type":"Feature","properties":{"iso":"578","name":"노르웨이","en":"Norway"},"geometry":{"type":"MultiPolygon","coordinates":[[[[20.6228,69.0363],[20.1152,69.0207],[20.3492,68.8488],[19.9676,68.5415],[20.2412,68.4773],[19.9712,68.3558],[18.3044,68.5554],[18.164,68.5276],[18.1784,68.2013],[17.9156,67.9652],[17.3252,68.104],[16.7852,67.8957],[16.5872,67.6284],[16.1264,67.4253],[16.436,67.1544],[16.4036,67.0555],[15.4244,66.4896],[15.4856,66.3055],[14.5423,66.1302],[14.6359,65.7934],[14.4811,65.3021],[13.6495,64.5817],[14.0779,64.4636],[14.0635,64.0956],[12.7927,64.0001],[12.1735,63.5956],[12.2131,63.4915],[12.0007,63.2918],[12.2167,63.0002],[12.1087,62.9203],[12.1159,62.5922],[12.3031,62.285],[12.1555,61.7208],[12.8791,61.3527],[12.7063,61.0593],[12.2959,61.0021],[12.5875,60.45],[12.4867,60.1063],[11.9323,59.8632],[11.6803,59.5924],[11.7991,59.2904],[11.6443,58.9258],[11.4715,58.9102],[11.3671,59.1046],[10.8343,59.1845],[10.6435,59.3893],[10.5967,59.7643],[10.5679,59.5872],[10.3987,59.5195],[10.4311,59.2799],[10.1791,59.0091],[9.8443,58.9588],[9.5563,59.1133],[9.6967,59.0091],[8.1667,58.1446],[7.0039,58.0248],[6.8779,58.1515],[6.5899,58.0977],[6.6583,58.2626],[6.0535,58.3755],[5.5171,58.7262],[5.6107,59.0126],[6.1003,58.8702],[6.3631,59.0004],[6.1003,58.9518],[5.8879,59.0977],[5.9527,59.299],[6.4027,59.5612],[5.1715,59.1619],[5.3047,59.6428],[6.2155,59.8181],[5.7295,59.8632],[6.3487,60.3528],[6.5719,60.3597],[6.5251,60.1531],[6.7195,60.4188],[6.9967,60.5125],[6.1543,60.3458],[5.1463,59.6393],[5.2075,60.0872],[5.6899,60.1236],[5.2867,60.2052],[5.1355,60.4448],[5.6467,60.6878],[5.1175,60.6358],[5.0095,61.0385],[6.7771,61.1427],[7.0399,60.9534],[7.0399,61.0906],[7.6051,61.2104],[7.3459,61.3006],[7.4431,61.4343],[7.1731,61.1652],[6.6007,61.2902],[6.3847,61.134],[5.1067,61.1878],[5.0023,61.4343],[5.3371,61.4847],[4.9266,61.7103],[4.9302,61.8787],[6.0175,61.7867],[6.7303,61.8701],[5.2687,61.936],[5.0959,62.0263],[5.1427,62.16],[5.3587,62.1513],[5.7187,62.3787],[6.6907,62.4672],[6.1363,62.4082],[6.3523,62.6113],[7.4935,62.5436],[7.6915,62.5853],[7.5367,62.6721],[8.0947,62.7311],[6.7339,62.7207],[6.9391,62.9308],[7.5727,63.0991],[8.1019,63.0905],[8.6239,62.8457],[8.1595,63.1616],[8.6347,63.3422],[8.3611,63.4984],[8.6743,63.6234],[9.1351,63.5939],[9.1567,63.4585],[9.6967,63.6252],[10.0207,63.3908],[10.7587,63.462],[10.7263,63.6252],[11.3707,63.8057],[11.1763,63.8994],[11.4571,64.0036],[11.0755,63.988],[10.9135,63.9203],[11.0467,63.8456],[10.9351,63.771],[10.0567,63.5123],[9.5671,63.7067],[10.5643,64.4185],[11.6335,64.8143],[11.2951,64.7553],[11.4895,64.9758],[12.1591,65.1789],[12.5083,65.099],[12.9151,65.3386],[12.4183,65.1841],[12.1339,65.2796],[12.2743,65.5677],[12.6883,65.9028],[13.0339,65.9566],[12.7855,66.1007],[14.0347,66.2969],[13.1203,66.2309],[13.0699,66.4305],[13.2103,66.6406],[13.9591,66.7951],[13.6531,66.9079],[14.1103,67.1197],[15.4172,67.2031],[14.4415,67.2708],[14.9635,67.5746],[15.5936,67.3489],[15.6908,67.5207],[15.248,67.6023],[15.3056,67.7655],[14.7799,67.6752],[14.7979,67.8089],[15.1328,67.9721],[15.6224,67.9478],[15.2912,68.0363],[16.0076,68.229],[16.3136,67.8818],[16.2596,68.0016],[16.3928,68.0919],[16.2056,68.3176],[17.552,68.4269],[16.5152,68.5328],[17.39,68.8002],[17.7032,69.1005],[18.1028,69.1561],[18.0776,69.3245],[18.2612,69.4703],[18.8588,69.314],[18.614,69.4911],[18.992,69.5605],[19.1972,69.748],[19.6868,69.8053],[19.64,69.4234],[19.9604,69.8244],[20.324,69.9459],[20.3384,69.6161],[20.108,69.3418],[20.486,69.5415],[20.738,69.5206],[20.5328,69.6925],[20.6228,69.9147],[21.1628,69.8887],[21.4328,70.0136],[21.9764,69.8348],[21.8036,70.0657],[21.3572,70.2341],[22.6856,70.3747],[23.3552,69.9841],[23.3804,70.248],[24.4208,70.7028],[24.2624,70.8261],[24.6584,71.0014],[25.7673,70.8539],[25.2093,70.4893],[24.9932,70.2185],[25.0437,70.1091],[26.5053,70.9129],[26.7357,70.8539],[26.5593,70.6699],[26.6457,70.6369],[26.5845,70.4095],[26.9877,70.5119],[27.1821,70.7445],[27.5457,70.8035],[27.2361,70.9476],[27.5961,71.0917],[28.3917,70.9754],[28.3269,70.8244],[27.8985,70.6785],[28.2729,70.6681],[28.1937,70.248],[28.6077,70.7601],[28.8309,70.8643],[29.7381,70.6473],[30.0657,70.7028],[30.2133,70.5431],[30.9621,70.3435],[30.2637,70.1248],[28.7805,70.1456],[29.6013,69.9772],[29.6949,69.7446],[30.0873,69.7168],[30.2385,69.8626],[30.4293,69.722],[30.8685,69.7828],[30.9225,69.6526],[30.7893,69.5293],[30.1593,69.63],[30.0873,69.4321],[29.3889,69.2984],[28.9641,69.0224],[28.8453,69.1769],[29.3349,69.4737],[29.1405,69.6717],[27.7473,70.064],[27.1281,69.906],[26.5269,69.9147],[26.0733,69.6907],[25.7673,69.2828],[25.7493,68.9894],[24.9428,68.5936],[23.996,68.7984],[23.3228,68.6491],[22.412,68.7203],[21.5948,69.2741],[21.0656,69.2133],[21.0656,69.0415],[20.6228,69.0363]]],[[[16.7852,79.9071],[17.8328,79.7995],[17.9552,79.704],[17.6888,79.5339],[17.6672,79.3863],[18.398,79.6051],[18.8156,79.4263],[18.6788,79.2613],[19.892,79.0565],[20.612,79.1068],[20.7668,79.06],[20.5004,78.9818],[21.3896,78.7405],[19.676,78.6103],[19.1504,78.3794],[18.956,78.1833],[18.9956,78.0809],[18.4376,78.0253],[18.2288,77.5219],[17.8472,77.4976],[17.1524,77.0497],[17.2496,76.9698],[16.976,76.8118],[17.0624,76.6591],[16.6988,76.5792],[14.3659,77.2337],[13.9951,77.508],[14.6935,77.5253],[14.9203,77.6885],[17.0336,77.7979],[16.9148,77.8986],[14.0887,77.7718],[13.7899,77.8534],[13.6819,78.0288],[14.3083,78.0045],[14.2471,78.0722],[15.698,78.2284],[15.7844,78.3274],[17.1704,78.4176],[16.4504,78.5027],[16.7816,78.6642],[15.4172,78.4732],[15.2552,78.5895],[15.3848,78.7718],[15.0176,78.6294],[14.6899,78.7214],[14.4667,78.6746],[14.4307,78.4923],[14.6395,78.4142],[14.1103,78.2701],[13.1491,78.2371],[11.3671,78.9506],[12.4039,78.9541],[11.9827,79.0252],[11.8927,79.152],[12.0835,79.2683],[11.9791,79.2926],[11.2087,79.1294],[10.7371,79.52],[10.8091,79.6415],[10.6831,79.7578],[11.7019,79.8203],[12.2887,79.7127],[12.2203,79.7978],[13.6927,79.8603],[13.9195,79.7613],[12.5551,79.5703],[13.3327,79.5756],[13.9555,79.3395],[14.0563,79.3829],[14.0383,79.586],[14.5927,79.7995],[15.0536,79.6745],[15.7628,79.1745],[16.3424,78.9766],[15.8276,79.7092],[16.2452,80.0495],[16.7852,79.9071]]],[[[20.8964,80.2491],[21.548,80.2422],[22.2896,80.0495],[22.4444,80.1901],[22.4516,80.4019],[23.0096,80.4748],[23.3156,80.4245],[23.114,80.1866],[24.4028,80.355],[26.8617,80.1606],[27.1497,80.0599],[27.2001,79.9071],[26.0049,79.6172],[25.6413,79.4037],[23.9492,79.1936],[22.6964,79.329],[22.8656,79.4124],[20.1296,79.4888],[19.676,79.5912],[20.7848,79.7492],[18.7256,79.7613],[18.254,79.9297],[18.8552,80.0373],[17.9156,80.1432],[19.3448,80.1172],[19.5356,80.1641],[19.1792,80.3307],[19.7516,80.2266],[19.8092,80.3272],[19.6148,80.4627],[19.7336,80.4783],[20.8964,80.2491]]],[[[21.6092,78.5964],[22.0448,78.5774],[22.3004,78.2284],[23.4524,78.1503],[23.1176,77.9923],[24.9032,77.7562],[22.8008,77.2753],[22.4264,77.3153],[22.6856,77.5531],[21.0512,77.4403],[20.8748,77.5653],[21.2024,77.6191],[21.6524,77.9229],[21.0368,78.06],[20.5292,78.3256],[20.5616,78.4194],[20.2268,78.4784],[21.6092,78.5964]]],[[[15.7592,68.5606],[16.058,68.6804],[16.1516,68.8418],[16.274,68.8679],[16.4252,68.8418],[16.5476,68.7169],[16.5188,68.6335],[15.9752,68.4026],[15.4388,68.3124],[15.2804,68.3731],[14.6287,68.1978],[14.2579,68.1908],[14.2579,68.2568],[14.5855,68.4009],[15.0968,68.4408],[15.4136,68.6162],[15.5648,68.8731],[15.4424,68.92],[15.482,69.0432],[15.8924,69.2776],[16.13,69.2741],[15.8132,69.0241],[15.9284,68.7325],[15.7592,68.5606]]],[[[32.5245,80.1189],[31.4805,80.1085],[33.6297,80.2179],[32.5245,80.1189]]],[[[29.0469,78.9124],[29.6949,78.9055],[29.3097,78.8516],[27.8877,78.8516],[28.5105,78.968],[28.8453,78.9714],[29.0469,78.9124]]],[[[11.2519,78.6103],[11.2627,78.5409],[11.4247,78.5478],[11.8243,78.4367],[12.1159,78.2319],[11.9647,78.2249],[11.5867,78.3881],[11.1223,78.4628],[10.6291,78.7544],[10.5571,78.9037],[10.9603,78.8464],[11.1547,78.7249],[11.0791,78.6867],[11.2519,78.6103]]],[[[19.2548,70.0657],[19.3448,70.0119],[19.4996,70.0484],[19.6076,70.0189],[19.5932,69.9702],[19.334,69.8209],[19.0064,69.7602],[18.8084,69.6404],[18.7832,69.5796],[18.2756,69.5362],[18.0632,69.6022],[18.2288,69.6352],[18.3476,69.7671],[18.6248,69.8123],[18.6752,69.781],[18.686,69.8904],[18.884,70.0102],[19.0496,70.038],[19.0604,70.1664],[19.1324,70.2445],[19.2116,70.248],[19.2548,70.0657]]],[[[23.4416,70.8157],[23.0672,70.5935],[22.8296,70.5414],[22.358,70.5154],[21.9944,70.6577],[22.9628,70.7115],[23.204,70.8157],[23.4416,70.8157]]],[[[17.5016,69.597],[17.624,69.5397],[17.7824,69.5623],[18.0056,69.505],[18.0776,69.3956],[17.9408,69.3279],[17.9192,69.2741],[17.9516,69.1977],[17.5664,69.1595],[17.4872,69.196],[17.084,69.0137],[17.0768,69.0467],[16.8104,69.071],[16.8428,69.1127],[16.9724,69.1387],[17.0012,69.3626],[17.084,69.3991],[17.3612,69.3817],[17.3936,69.4165],[17.372,69.439],[17.2316,69.4772],[17.4548,69.531],[17.5016,69.597]]],[[[-8.9551,70.84],[-9.0991,70.8556],[-8.5195,71.0309],[-8.3431,71.1403],[-8.0011,71.1785],[-7.9795,71.1177],[-8.0011,71.0414],[-8.6347,70.9407],[-8.9551,70.84]]],[[[15.2084,68.9425],[15.3956,68.7828],[15.3488,68.6717],[15.2228,68.6162],[14.8915,68.611],[14.7439,68.6769],[14.5207,68.6335],[14.4055,68.663],[14.3731,68.7116],[14.5531,68.8193],[14.8015,68.7915],[14.8735,68.913],[15.0392,68.8939],[15.0392,68.9998],[15.1292,69.0033],[15.2084,68.9425]]],[[[13.8727,68.2655],[14.1175,68.2464],[14.0275,68.1874],[13.8871,68.1683],[13.7791,68.1058],[13.5847,68.0936],[13.4947,68.052],[13.4227,68.0832],[13.3903,68.0207],[13.2283,67.9947],[13.1995,68.0867],[13.3003,68.1596],[13.4299,68.1631],[13.5379,68.2499],[13.8727,68.2655]]],[[[25.5873,71.142],[25.9437,71.1039],[26.0769,71.0327],[26.1453,71.0396],[26.1345,70.9962],[25.7601,70.9546],[25.5837,70.9615],[25.4829,71.0188],[25.3137,71.0344],[25.4217,71.0969],[25.5873,71.142]]],[[[23.6144,70.5501],[23.6396,70.4633],[23.2724,70.2966],[23.0996,70.2966],[23.1068,70.3591],[23.0888,70.3782],[23.006,70.3522],[22.9196,70.3852],[22.9412,70.4442],[23.024,70.4876],[23.1572,70.5154],[23.2472,70.5049],[23.546,70.6178],[23.6144,70.5501]]],[[[26.8761,78.6485],[26.7285,78.6468],[26.4585,78.7197],[26.4081,78.7839],[26.4549,78.81],[26.5845,78.8117],[26.7897,78.7232],[27.0093,78.6971],[26.8761,78.6485]]],[[[18.74,80.3012],[18.524,80.2457],[18.164,80.2891],[18.2072,80.3325],[18.29,80.3585],[18.5204,80.3481],[18.74,80.3012]]],[[[8.4691,63.6668],[8.3575,63.6651],[8.2855,63.6876],[8.7103,63.7744],[8.7319,63.8005],[8.7643,63.804],[8.8075,63.771],[8.8147,63.7258],[8.7859,63.7033],[8.4691,63.6668]]],[[[11.2303,64.8664],[11.1799,64.8386],[11.0611,64.8612],[10.8343,64.8438],[10.7407,64.8699],[10.8127,64.9237],[11.0215,64.9792],[11.1331,64.9758],[11.2447,64.9081],[11.2303,64.8664]]],[[[19.766,70.2168],[19.91,70.2011],[19.9928,70.1491],[20.0828,70.1282],[20.09,70.1022],[20.0072,70.0761],[19.7804,70.0779],[19.712,70.1647],[19.6148,70.2185],[19.6004,70.2654],[19.6832,70.274],[19.766,70.2168]]],[[[19.2188,74.3918],[19.1,74.3519],[18.9164,74.4109],[18.7976,74.4856],[18.8624,74.5134],[19.1828,74.5186],[19.262,74.4786],[19.2764,74.4561],[19.2188,74.3918]]],[[[24.0176,70.5674],[23.8268,70.5275],[23.7152,70.5622],[23.6684,70.5969],[23.6648,70.6751],[23.69,70.7219],[23.78,70.748],[23.852,70.715],[23.9564,70.6994],[24.0788,70.6508],[24.0176,70.5674]]],[[[20.7776,70.09],[20.7236,70.0657],[20.6408,70.057],[20.5364,70.0814],[20.4644,70.0761],[20.4068,70.1195],[20.4104,70.1543],[20.4932,70.2029],[20.6552,70.2306],[20.7848,70.2202],[20.8208,70.2046],[20.7776,70.09]]],[[[12.5083,65.9028],[12.4291,65.8993],[12.4291,65.9392],[12.4759,65.9774],[12.5479,66.0017],[12.7459,66.0122],[12.7783,65.9913],[12.7171,65.9636],[12.5083,65.9028]]],[[[8.1019,63.337],[8.0047,63.337],[7.8895,63.3526],[7.8139,63.3856],[7.8031,63.4134],[7.9399,63.4498],[8.0731,63.4706],[8.1379,63.4307],[8.1415,63.3665],[8.1019,63.337]]],[[[29.9577,69.7966],[29.7669,69.7671],[29.7453,69.7914],[29.7849,69.8296],[29.8353,69.906],[29.9145,69.9025],[30.0549,69.8383],[29.9577,69.7966]]],[[[12.9727,67.8749],[12.8251,67.8211],[12.8791,67.9183],[12.9583,68.0155],[13.0663,68.0711],[13.1239,68.0502],[13.0987,68.0034],[13.0987,67.9565],[12.9727,67.8749]]],[[[12.4183,66.0434],[12.3283,66.0365],[12.3427,66.0816],[12.4183,66.1233],[12.4471,66.151],[12.4615,66.1858],[12.5263,66.2101],[12.6199,66.1771],[12.6235,66.1233],[12.5767,66.0712],[12.4183,66.0434]]],[[[5.0851,60.3077],[5.0887,60.1896],[4.9986,60.1983],[4.9554,60.2434],[4.9446,60.2729],[4.9518,60.3406],[4.9302,60.4118],[4.9554,60.4465],[4.9914,60.4517],[5.0491,60.3892],[5.0851,60.3077]]],[[[11.9683,65.6268],[11.9035,65.5955],[11.7775,65.6042],[11.7667,65.6302],[11.7991,65.6841],[11.8747,65.7066],[11.9719,65.7014],[12.0043,65.6788],[11.9683,65.6268]]],[[[4.959,61.0854],[4.869,61.0715],[4.8006,61.0819],[4.8258,61.1774],[4.8618,61.193],[4.9158,61.2],[4.9734,61.1479],[4.959,61.0854]]]]}},{"type":"Feature","properties":{"iso":"512","name":"오만","en":"Oman"},"geometry":{"type":"MultiPolygon","coordinates":[[[[53.0843,16.6489],[51.9791,18.996],[54.9779,19.9959],[55.6404,22.001],[55.1868,22.7041],[55.2012,23.0339],[55.5072,23.7249],[55.4676,23.9419],[55.986,24.0634],[55.9284,24.2144],[55.7592,24.2422],[55.7952,24.8689],[56.0004,24.9539],[56.0652,24.7387],[56.3892,24.98],[56.6412,24.4696],[57.1236,23.98],[58.7724,23.5165],[59.4312,22.6607],[59.8236,22.5096],[59.7984,22.2197],[58.4736,20.4073],[58.2108,20.4247],[58.1712,20.5896],[57.8616,20.2442],[57.714,19.6782],[57.8112,19.0168],[56.8248,18.7529],[56.382,17.9874],[55.4784,17.8433],[55.2552,17.5863],[55.2768,17.3207],[55.0644,17.0395],[54.0671,17.0048],[53.0843,16.6489]]],[[[56.2992,25.6501],[56.2488,25.6258],[56.184,25.6449],[56.1444,25.69],[56.166,26.0476],[56.0796,26.0632],[56.166,26.2073],[56.1984,26.2299],[56.3064,26.2351],[56.3784,26.3566],[56.4288,26.3271],[56.418,26.1084],[56.3748,25.8046],[56.3064,25.7091],[56.2992,25.6501]]],[[[58.722,20.2181],[58.6392,20.2112],[58.6428,20.3379],[58.7868,20.4959],[58.884,20.6799],[58.9524,20.5167],[58.8336,20.4247],[58.7724,20.2667],[58.722,20.2181]]],[[[56.2812,25.2352],[56.2416,25.2091],[56.2092,25.2126],[56.2164,25.2664],[56.2344,25.3046],[56.2776,25.3011],[56.2884,25.2786],[56.2812,25.2352]]]]}},{"type":"Feature","properties":{"iso":"586","name":"파키스탄","en":"Pakistan"},"geometry":{"type":"Polygon","coordinates":[[[76.7654,35.6616],[77.0498,35.1096],[76.5962,34.7363],[75.7106,34.5037],[74.2993,34.7658],[73.9609,34.653],[73.7953,34.3787],[73.9717,34.2364],[73.9033,34.0749],[74.2525,33.9464],[73.9753,33.7208],[74.1517,33.5072],[74.0041,33.1895],[74.3029,32.9916],[74.3533,32.7694],[74.6629,32.7573],[74.6845,32.4934],[75.3326,32.2799],[74.5549,31.8181],[74.5189,31.1862],[74.6341,31.0352],[73.8997,30.4345],[73.9321,30.2227],[73.8097,30.0925],[73.3813,29.9345],[72.9493,29.0891],[72.3409,28.7523],[71.8693,27.9624],[70.7965,27.709],[70.4041,28.0249],[69.5365,27.1222],[69.5077,26.742],[70.1485,26.5059],[70.1017,25.9105],[70.2637,25.7074],[70.6489,25.6674],[70.6525,25.4227],[71.0485,24.6883],[71.0449,24.4002],[70.7173,24.2387],[70.4905,24.4123],[69.8065,24.1658],[68.7805,24.3134],[68.7229,23.9644],[68.2837,23.928],[68.1145,23.7526],[67.5025,23.9401],[67.3081,24.1745],[67.1713,24.756],[66.7033,24.8602],[66.6997,25.2265],[66.3253,25.6015],[66.1309,25.4938],[66.4693,25.4452],[64.7772,25.3081],[64.6584,25.1848],[64.0608,25.4036],[63.5568,25.3532],[63.492,25.2109],[61.566,25.1866],[61.8432,26.2264],[62.2392,26.3566],[62.4408,26.5615],[63.1572,26.65],[63.3012,27.1517],[62.7612,27.2507],[62.7576,28.2437],[61.89,28.5457],[60.8424,29.8582],[62.4768,29.4085],[63.5676,29.4988],[64.1004,29.3912],[64.392,29.5439],[65.0941,29.5596],[66.2317,29.8651],[66.3469,30.8025],[66.8293,31.2643],[67.4521,31.2348],[67.7365,31.3442],[67.5781,31.5074],[68.1613,31.8025],[68.5969,31.8025],[68.8705,31.6341],[69.2809,31.9361],[69.2413,32.4344],[69.5005,33.0194],[69.9217,33.1132],[70.2853,33.3683],[69.8893,34.0072],[70.6525,33.9516],[71.0521,34.0489],[71.0953,34.37],[70.9657,34.5297],[71.6209,35.1825],[71.4265,35.8335],[71.1853,36.0418],[71.6209,36.4359],[72.1573,36.7015],[73.1185,36.8681],[74.0401,36.8265],[74.6017,37.0365],[75.1454,36.974],[75.347,36.9133],[75.4226,36.7379],[75.8834,36.6008],[75.9122,36.0487],[76.1462,35.8283],[76.553,35.8873],[76.7654,35.6616]]]}},{"type":"Feature","properties":{"iso":"585","name":"팔라우","en":"Palau"},"geometry":{"type":"MultiPolygon","coordinates":[[[[134.5963,7.3821],[134.5351,7.3613],[134.5063,7.4377],[134.5171,7.5262],[134.5567,7.5939],[134.6071,7.6234],[134.6503,7.712],[134.6611,7.6633],[134.6323,7.5019],[134.5999,7.4377],[134.5963,7.3821]]],[[[131.1727,3.0265],[131.1511,3.0213],[131.1367,3.0247],[131.1367,3.0386],[131.1511,3.0543],[131.1727,3.0612],[131.1871,3.056],[131.1871,3.0421],[131.1727,3.0265]]]]}},{"type":"Feature","properties":{"iso":"275","name":"팔레스타인","en":"Palestine"},"geometry":{"type":"MultiPolygon","coordinates":[[[[35.5522,32.3962],[35.5738,32.2382],[35.5306,31.9848],[35.5594,31.766],[35.4982,31.6723],[35.4514,31.4796],[35.1022,31.3667],[34.8789,31.3685],[34.9509,31.6028],[35.203,31.7504],[35.1274,31.8164],[34.9545,31.8407],[34.9905,31.9136],[34.9545,32.1601],[35.0662,32.4604],[35.1922,32.5351],[35.3614,32.5073],[35.4838,32.4014],[35.5522,32.3962]]],[[[34.4757,31.5855],[34.5261,31.5264],[34.3497,31.3633],[34.3497,31.2921],[34.2453,31.2088],[34.1985,31.3233],[34.3857,31.483],[34.4757,31.5855]]]]}},{"type":"Feature","properties":{"iso":"591","name":"파나마","en":"Panama"},"geometry":{"type":"MultiPolygon","coordinates":[[[[-77.3738,8.6581],[-77.4782,8.4984],[-77.1974,7.9724],[-77.5394,7.5661],[-77.7626,7.6981],[-77.8994,7.2293],[-78.4214,8.0609],[-78.2882,8.0921],[-78.1406,8.3855],[-77.759,8.1338],[-78.101,8.4966],[-78.2234,8.3959],[-78.3998,8.5053],[-78.4106,8.356],[-78.515,8.6286],[-79.0874,8.9966],[-79.5086,8.9706],[-79.6886,8.8508],[-79.7498,8.5956],[-80.459,8.2137],[-80.0126,7.5002],[-80.6678,7.2259],[-80.9018,7.278],[-81.0638,7.8994],[-81.269,7.6252],[-81.503,7.7206],[-81.7262,8.1373],[-82.6802,8.3213],[-82.8674,8.2466],[-82.8782,8.0713],[-83.0258,8.3369],[-82.8602,8.4532],[-82.9178,8.7397],[-82.727,8.9167],[-82.9394,9.0608],[-82.9394,9.4497],[-82.8026,9.592],[-82.3706,9.4289],[-82.3382,9.2084],[-82.187,9.191],[-82.2446,9.0313],[-82.079,8.9341],[-81.7802,8.9567],[-81.8954,9.1407],[-81.3554,8.7813],[-80.1278,9.2101],[-79.577,9.5973],[-79.1126,9.5365],[-78.083,9.2362],[-77.3738,8.6581]]],[[[-81.6038,7.3335],[-81.6578,7.3283],[-81.7694,7.37],[-81.8522,7.4533],[-81.8558,7.5071],[-81.8126,7.5922],[-81.7514,7.6217],[-81.7298,7.6217],[-81.6722,7.5227],[-81.7118,7.4863],[-81.6938,7.4255],[-81.6146,7.3804],[-81.6038,7.3335]]],[[[-78.8966,8.2744],[-78.9182,8.2328],[-78.965,8.3265],[-78.9578,8.3508],[-78.9614,8.4359],[-78.9146,8.4584],[-78.8822,8.4602],[-78.857,8.448],[-78.839,8.3473],[-78.8534,8.3022],[-78.8966,8.2744]]],[[[-82.2338,9.3803],[-82.2446,9.3334],[-82.3202,9.4184],[-82.277,9.4323],[-82.259,9.4306],[-82.2338,9.3803]]],[[[-79.0658,8.2536],[-79.109,8.2102],[-79.127,8.2519],[-79.0946,8.2953],[-79.0838,8.2953],[-79.0658,8.2536]]]]}},{"type":"Feature","properties":{"iso":"598","name":"파푸아뉴기니","en":"Papua New Guinea"},"geometry":{"type":"MultiPolygon","coordinates":[[[[140.9756,-9.1186],[140.9756,-6.9052],[140.864,-6.7403],[140.9756,-6.3462],[141.0044,-2.6103],[142.5488,-3.204],[143.51,-3.4315],[144.068,-3.8047],[144.4784,-3.8255],[145.0869,-4.3498],[145.3353,-4.3845],[145.7673,-4.8237],[145.7457,-5.4018],[147.5673,-6.0563],[147.8013,-6.315],[147.8445,-6.6622],[146.9553,-6.834],[147.1893,-7.3774],[148.1253,-8.103],[148.2477,-8.5544],[148.4529,-8.695],[148.5825,-9.0509],[149.1981,-9.0318],[149.2629,-9.497],[150.0117,-9.688],[149.7597,-9.8061],[149.8749,-10.0126],[150.8505,-10.2366],[150.4473,-10.3078],[150.6489,-10.5178],[150.3213,-10.655],[149.7525,-10.3529],[147.7689,-10.0699],[147.0165,-9.3877],[146.9625,-9.0596],[146.6313,-8.9519],[146.0337,-8.077],[144.5108,-7.5666],[144.1436,-7.7576],[143.654,-7.4607],[143.942,-7.9451],[143.5172,-8.0006],[143.6144,-8.2003],[142.5236,-8.3218],[142.2068,-8.195],[142.4732,-8.3686],[143.1104,-8.4745],[143.3768,-8.7627],[143.366,-8.9606],[142.646,-9.3287],[142.2284,-9.1707],[141.134,-9.221],[140.9756,-9.1186]]],[[[151.9161,-4.296],[152.1177,-4.2127],[152.4057,-4.3411],[152.3517,-4.822],[151.9845,-5.0737],[152.1429,-5.3567],[152.0781,-5.4591],[151.5165,-5.5528],[151.2285,-5.9191],[150.4725,-6.2629],[149.6517,-6.2906],[149.3817,-6.0789],[149.0973,-6.117],[148.3377,-5.6692],[148.4313,-5.4713],[149.8317,-5.5233],[149.9613,-5.447],[150.0909,-5.0112],[150.1845,-5.5233],[150.7353,-5.5112],[150.9513,-5.4244],[151.3257,-4.9609],[151.6713,-4.8828],[151.5921,-4.2005],[151.9161,-4.296]]],[[[152.9673,-4.756],[152.8917,-4.8324],[152.7405,-4.6362],[152.6685,-4.1311],[152.2797,-3.5825],[151.8801,-3.4002],[151.0665,-2.8291],[150.7461,-2.7388],[150.8253,-2.7127],[150.8253,-2.5721],[151.2249,-2.8707],[152.0313,-3.2509],[153.0177,-4.105],[153.1329,-4.3533],[152.9673,-4.756]]],[[[155.959,-6.6865],[155.9158,-6.7958],[155.8906,-6.7611],[155.7178,-6.8635],[155.5198,-6.8305],[155.3434,-6.7212],[155.2102,-6.5267],[155.2354,-6.4122],[155.203,-6.308],[155.0086,-6.2091],[154.7601,-5.9313],[154.7097,-5.7473],[154.7277,-5.4452],[154.9977,-5.5407],[155.095,-5.6206],[155.1994,-5.8289],[155.3722,-5.9747],[155.4658,-6.1448],[155.6386,-6.2212],[155.8222,-6.3809],[155.959,-6.6865]]],[[[147.0669,-1.9593],[147.4017,-2.0253],[147.4233,-1.994],[147.4377,-2.0583],[147.3369,-2.0652],[147.2073,-2.1815],[146.9265,-2.1885],[146.7465,-2.1485],[146.6997,-2.1833],[146.6349,-2.1728],[146.5449,-2.2093],[146.5341,-2.126],[146.6061,-2.1017],[146.5953,-2.0166],[146.6565,-1.9732],[147.0669,-1.9593]]],[[[153.5361,-11.4761],[153.7017,-11.5282],[153.7593,-11.5872],[153.6981,-11.6132],[153.5541,-11.6306],[153.5181,-11.5959],[153.3777,-11.5594],[153.3561,-11.4952],[153.2877,-11.5178],[153.3237,-11.4709],[153.2337,-11.4205],[153.2049,-11.3233],[153.3057,-11.3563],[153.5361,-11.4761]]],[[[151.0809,-10.0196],[151.1241,-10.0196],[151.1961,-9.9449],[151.2573,-9.9224],[151.2969,-9.9571],[151.2321,-10.1949],[151.1745,-10.1585],[150.9585,-10.0925],[150.9513,-9.9988],[150.8973,-9.9675],[150.8613,-9.8755],[150.7893,-9.7748],[150.7749,-9.7088],[150.8181,-9.7366],[150.8613,-9.8026],[151.0521,-9.9397],[151.0449,-9.9831],[151.0809,-10.0196]]],[[[150.4365,-2.6624],[150.2385,-2.6763],[150.1665,-2.6607],[150.1017,-2.6034],[150.0441,-2.5131],[149.9613,-2.4732],[150.1017,-2.4055],[150.2277,-2.3846],[150.4293,-2.4697],[150.4509,-2.5131],[150.4365,-2.6624]]],[[[152.6325,-8.9589],[152.6901,-8.9745],[152.8089,-8.9676],[152.8485,-9.0249],[152.9529,-9.07],[152.9961,-9.1082],[152.9853,-9.1516],[152.9601,-9.1689],[152.9673,-9.2089],[152.9241,-9.2037],[152.8665,-9.2245],[152.7189,-9.1672],[152.7081,-9.1255],[152.6397,-9.0578],[152.5137,-9.0092],[152.5785,-8.9693],[152.6325,-8.9589]]],[[[150.5301,-9.346],[150.6705,-9.4293],[150.7461,-9.405],[150.7893,-9.4172],[150.8793,-9.5127],[150.8937,-9.6672],[150.8433,-9.7036],[150.8469,-9.662],[150.6777,-9.6568],[150.5769,-9.6307],[150.4365,-9.6238],[150.5085,-9.537],[150.4329,-9.4346],[150.4365,-9.3599],[150.5301,-9.346]]],[[[154.6485,-5.4331],[154.6269,-5.44],[154.5837,-5.315],[154.5621,-5.1518],[154.5405,-5.1102],[154.6341,-5.0147],[154.6809,-5.0546],[154.6881,-5.1432],[154.7277,-5.2178],[154.6989,-5.3827],[154.6485,-5.4331]]],[[[143.5892,-8.6343],[143.6072,-8.6777],[143.4632,-8.6169],[143.3228,-8.5162],[143.2544,-8.4902],[143.2076,-8.4242],[143.294,-8.4728],[143.4416,-8.5197],[143.5892,-8.6343]]],[[[151.1061,-8.7332],[151.1241,-8.8044],[151.0449,-8.728],[151.0809,-8.6412],[151.0845,-8.5683],[151.0053,-8.5231],[151.0449,-8.4502],[151.1169,-8.419],[151.1169,-8.5214],[151.1385,-8.5683],[151.1061,-8.7332]]],[[[148.0245,-5.8271],[147.9849,-5.8341],[147.9669,-5.7889],[147.8733,-5.749],[147.7797,-5.6275],[147.7833,-5.5216],[147.7941,-5.4921],[147.8481,-5.4904],[148.0533,-5.6119],[148.0749,-5.6501],[148.0605,-5.7646],[148.0245,-5.8271]]],[[[150.3465,-9.4936],[150.3321,-9.5179],[150.2745,-9.5005],[150.1089,-9.3616],[150.1341,-9.2592],[150.2097,-9.2071],[150.3213,-9.2644],[150.3681,-9.3964],[150.3465,-9.4936]]],[[[143.5856,-8.4815],[143.5424,-8.485],[143.366,-8.4173],[143.3228,-8.3669],[143.528,-8.3791],[143.582,-8.3912],[143.5928,-8.4607],[143.5856,-8.4815]]],[[[154.2813,-11.3615],[154.2669,-11.4153],[154.2309,-11.398],[154.1229,-11.4257],[154.0653,-11.4188],[154.0221,-11.3476],[154.1193,-11.365],[154.1013,-11.3112],[154.2381,-11.3389],[154.2813,-11.3615]]],[[[147.1749,-5.4313],[147.1209,-5.4365],[147.0273,-5.3428],[147.0057,-5.3063],[147.0165,-5.2577],[147.1317,-5.19],[147.2073,-5.2508],[147.2217,-5.381],[147.1749,-5.4313]]],[[[149.7669,-1.5531],[149.7633,-1.5896],[149.6913,-1.5705],[149.6697,-1.5757],[149.5473,-1.4715],[149.5473,-1.4073],[149.5797,-1.3535],[149.6337,-1.3621],[149.7237,-1.4298],[149.7669,-1.5531]]],[[[146.0193,-4.7265],[145.9509,-4.756],[145.9041,-4.7335],[145.8825,-4.6675],[145.9005,-4.605],[145.9581,-4.5546],[145.9941,-4.539],[146.0373,-4.5737],[146.0517,-4.6397],[146.0193,-4.7265]]],[[[152.6721,-3.1329],[152.6469,-3.2214],[152.5857,-3.1693],[152.5425,-3.0964],[152.5713,-3.0617],[152.6397,-3.0426],[152.6721,-3.1329]]],[[[152.0997,-2.9471],[152.0889,-2.9975],[152.0565,-2.9957],[151.9701,-2.8968],[151.9557,-2.8707],[151.9737,-2.8464],[152.0745,-2.9176],[152.0997,-2.9471]]],[[[147.8769,-2.284],[147.8445,-2.336],[147.7689,-2.3308],[147.7365,-2.3152],[147.7905,-2.3048],[147.8121,-2.2614],[147.8373,-2.2475],[147.8769,-2.284]]],[[[151.9557,-2.8308],[151.9341,-2.8308],[151.9305,-2.7509],[151.9449,-2.7093],[152.0025,-2.7371],[152.0097,-2.81],[151.9557,-2.8308]]],[[[150.8973,-10.5647],[150.8829,-10.6428],[150.8037,-10.6202],[150.7857,-10.6029],[150.8001,-10.5543],[150.8721,-10.5525],[150.8973,-10.5647]]],[[[153.6585,-4.0998],[153.6513,-4.1224],[153.5901,-4.0963],[153.6405,-4.0443],[153.6621,-4.0408],[153.6585,-4.0998]]]]}},{"type":"Feature","properties":{"iso":"600","name":"파라과이","en":"Paraguay"},"geometry":{"type":"Polygon","coordinates":[[[-58.1604,-20.1648],[-57.8292,-20.9981],[-57.9552,-22.1091],[-56.9364,-22.2706],[-56.4468,-22.0761],[-56.2452,-22.2654],[-55.8492,-22.307],[-55.6188,-22.6716],[-55.4172,-23.951],[-55.0824,-23.9979],[-54.6251,-23.8121],[-54.2435,-24.0465],[-54.4379,-25.1211],[-54.6107,-25.4336],[-54.7547,-26.5324],[-55.1364,-26.9317],[-55.428,-27.0099],[-55.716,-27.4143],[-56.1624,-27.3223],[-56.436,-27.5532],[-58.1676,-27.2737],[-58.6032,-27.3137],[-58.6176,-27.1314],[-58.1928,-26.6297],[-58.11,-26.18],[-57.57,-25.5342],[-57.6456,-25.3277],[-57.9588,-25.0499],[-59.1864,-24.5621],[-59.892,-24.0934],[-61.0332,-23.7548],[-61.8,-23.182],[-62.6496,-22.2341],[-62.2752,-21.0658],[-62.2752,-20.5623],[-61.7568,-19.6457],[-60.0072,-19.2968],[-59.0892,-19.2864],[-58.1784,-19.8176],[-58.1604,-20.1648]]]}},{"type":"Feature","properties":{"iso":"604","name":"페루","en":"Peru"},"geometry":{"type":"Polygon","coordinates":[[[-69.9649,-4.2352],[-70.0549,-4.3324],[-70.4041,-4.1502],[-70.8001,-4.1727],[-70.9729,-4.3498],[-71.8441,-4.5043],[-72.8881,-5.1223],[-72.9781,-5.6344],[-73.2373,-6.098],[-73.1365,-6.466],[-73.7593,-6.9052],[-73.7197,-7.3097],[-73.9645,-7.3791],[-74.0005,-7.5562],[-73.7197,-7.7819],[-73.7773,-7.9364],[-73.5505,-8.3461],[-72.9745,-8.9936],[-73.2085,-9.412],[-72.3805,-9.5109],[-72.1825,-10.004],[-71.2393,-9.9658],[-70.5409,-9.438],[-70.6417,-11.0108],[-69.5797,-10.9518],[-68.6869,-12.5021],[-68.9785,-12.8805],[-69.0757,-13.6826],[-68.8705,-14.1704],[-69.3601,-14.7953],[-69.1729,-15.2363],[-69.4213,-15.6408],[-69.2161,-16.1494],[-68.8417,-16.3386],[-69.6265,-17.1997],[-69.5113,-17.5052],[-69.8533,-17.7031],[-69.8029,-17.9896],[-69.9253,-18.2066],[-70.4185,-18.3455],[-71.3365,-17.6823],[-71.5309,-17.2952],[-72.4669,-16.7084],[-73.7269,-16.2015],[-75.1058,-15.4116],[-75.9338,-14.6339],[-76.3766,-13.8631],[-76.2578,-13.8023],[-76.2254,-13.3718],[-76.8338,-12.3493],[-77.1542,-12.0611],[-77.219,-11.6636],[-77.633,-11.2886],[-78.7634,-8.6169],[-79.9946,-6.7698],[-81.143,-6.0563],[-81.1646,-5.8757],[-80.9306,-5.841],[-80.8802,-5.6344],[-81.3374,-4.6692],[-81.233,-4.2335],[-80.3258,-3.3881],[-80.1782,-3.8776],[-80.4914,-4.0095],[-80.4878,-4.1658],[-80.3546,-4.2092],[-80.477,-4.4297],[-80.1386,-4.296],[-79.6382,-4.4557],[-79.3322,-4.9279],[-79.0334,-4.9696],[-78.6878,-4.5616],[-78.3458,-3.3967],[-78.1586,-3.4644],[-78.1838,-3.3499],[-77.8598,-2.9818],[-76.679,-2.5635],[-76.0886,-2.1329],[-75.5702,-1.5305],[-75.4082,-0.9247],[-75.2498,-0.9524],[-75.2606,-0.5896],[-75.6278,-0.1226],[-75.2246,-0.041],[-74.6161,-0.3709],[-74.2453,-0.9698],[-73.6657,-1.2493],[-73.4965,-1.6937],[-73.1977,-1.8309],[-73.1545,-2.2787],[-72.9421,-2.3933],[-72.2185,-2.4003],[-71.7541,-2.152],[-71.3977,-2.3343],[-70.9693,-2.2076],[-70.0945,-2.6589],[-70.7353,-3.7821],[-70.3393,-3.8151],[-69.9649,-4.2352]]]}},{"type":"Feature","properties":{"iso":"608","name":"필리핀","en":"Philippines"},"geometry":{"type":"MultiPolygon","coordinates":[[[[121.0998,18.6158],[121.845,18.2946],[122.2662,18.4596],[122.151,17.6645],[122.5182,17.1246],[122.1366,16.1854],[121.5966,15.9337],[121.6074,15.6698],[121.3914,15.3243],[121.6866,14.7653],[121.629,14.5813],[121.7658,14.1682],[122.2122,13.9303],[122.2014,14.1473],[122.6262,14.3174],[122.9358,14.1872],[123.1014,13.7498],[123.2958,13.8366],[123.321,14.0623],[123.8142,13.8366],[123.807,13.722],[123.5478,13.6456],[123.8178,13.2689],[123.7854,13.1109],[124.1418,13.0363],[124.059,12.5676],[123.879,12.6891],[123.9474,12.9165],[123.3102,13.045],[123.1626,13.4425],[122.5938,13.9078],[122.4678,13.8869],[122.6694,13.3956],[122.601,13.1943],[122.3778,13.5206],[121.7766,13.9373],[121.3446,13.6491],[120.8406,13.8852],[120.6354,13.8053],[120.6174,14.1872],[120.9414,14.6456],[120.585,14.8816],[120.5886,14.4824],[120.4374,14.4529],[120.2502,14.7931],[120.081,14.8504],[119.7714,16.2548],[119.829,16.326],[120.1602,16.0482],[120.369,16.109],[120.3582,17.6384],[120.5994,18.5082],[121.0998,18.6158]]],[[[126.0067,9.3212],[126.1939,9.2761],[126.3055,8.9515],[126.1399,8.5956],[126.3667,8.4845],[126.4603,8.2032],[126.5827,7.2484],[126.1939,6.8526],[126.1903,6.3093],[125.8231,7.3335],[125.6899,7.2623],[125.3803,6.6894],[125.5891,6.4655],[125.6683,5.9794],[125.3479,5.5992],[125.2327,6.0697],[124.9266,5.8753],[124.077,6.4047],[123.987,6.9932],[124.2066,7.396],[123.6666,7.8179],[123.4938,7.8074],[123.3894,7.4082],[123.0978,7.6998],[122.8422,7.5297],[122.7918,7.7224],[122.6154,7.7623],[122.1438,6.9498],[121.9026,7.0748],[122.2446,7.9446],[122.9106,8.1564],[123.0942,8.481],[123.4362,8.7032],[123.8502,8.4324],[123.7998,8.0487],[124.1994,8.2293],[124.4046,8.5991],[124.7322,8.5626],[124.869,8.9723],[125.1427,8.8681],[125.2111,9.0278],[125.4991,9.014],[125.4703,9.757],[126.0067,9.3212]]],[[[117.3126,8.4393],[117.219,8.3664],[117.3486,8.7136],[117.885,9.2414],[118.1154,9.3473],[119.2242,10.4774],[119.307,10.9739],[119.5014,11.3471],[119.5518,11.3142],[119.5266,10.9531],[119.6886,10.5],[119.3682,10.3281],[119.1918,10.0608],[118.7814,9.9167],[118.7742,9.7674],[118.4358,9.2553],[117.3126,8.4393]]],[[[123.1302,9.0643],[122.9934,9.0591],[122.8674,9.3195],[122.5614,9.4827],[122.4102,9.6945],[122.3994,9.8229],[122.4714,9.9618],[122.7126,9.9896],[122.8566,10.0868],[122.817,10.5034],[122.9574,10.6979],[122.9826,10.8871],[123.2562,10.9947],[123.5118,10.9236],[123.5658,10.7812],[123.1626,9.8646],[123.1482,9.6059],[123.321,9.2726],[123.1302,9.0643]]],[[[123.3714,9.4497],[123.3318,9.4237],[123.3174,9.4896],[123.3858,9.967],[123.7098,10.4739],[124.0374,11.2742],[124.0518,10.585],[124.005,10.3993],[123.699,10.1285],[123.4938,9.5886],[123.3714,9.4497]]],[[[125.2399,12.5276],[125.3119,12.446],[125.3191,12.321],[125.5351,12.1908],[125.4559,11.953],[125.4919,11.5937],[125.6107,11.3228],[125.5747,11.2378],[125.7043,11.1649],[125.7367,11.0503],[125.6287,11.1319],[125.2327,11.1458],[125.1571,11.2673],[125.0347,11.3419],[124.9158,11.5589],[124.9806,11.6388],[124.995,11.7655],[124.8834,11.7759],[124.6782,12.0207],[124.4442,12.1527],[124.293,12.5693],[124.5666,12.5259],[125.1499,12.5728],[125.2399,12.5276]]],[[[124.5738,11.3437],[124.6458,11.309],[124.8222,11.401],[124.9302,11.3732],[125.0275,11.2117],[125.0131,10.7864],[125.1643,10.6371],[125.2687,10.3073],[125.2543,10.2639],[125.1499,10.2726],[125.1427,10.1892],[124.9878,10.368],[125.0275,10.033],[124.779,10.1684],[124.7898,10.3281],[124.7394,10.4392],[124.7862,10.7812],[124.6638,10.9618],[124.4442,10.9236],[124.3074,11.486],[124.329,11.5346],[124.5738,11.3437]]],[[[122.4966,11.6145],[122.6118,11.5641],[122.8386,11.5954],[122.9322,11.5294],[122.8962,11.4409],[123.159,11.5364],[123.1194,11.2864],[123.015,11.1163],[122.8026,10.9895],[122.7702,10.8246],[122.5218,10.6927],[122.1978,10.6232],[121.953,10.4444],[121.9638,10.8715],[122.0502,11.0972],[122.1042,11.6423],[122.0682,11.7239],[121.8918,11.7916],[121.917,11.8541],[122.0286,11.8957],[122.2914,11.7725],[122.4966,11.6145]]],[[[120.7038,13.479],[120.9162,13.5015],[121.1214,13.3817],[121.2042,13.4321],[121.521,13.1318],[121.539,13.0884],[121.4742,12.9321],[121.539,12.6387],[121.413,12.4235],[121.395,12.3002],[121.323,12.3037],[121.2366,12.2186],[121.1178,12.2533],[120.963,12.446],[120.8982,12.6457],[120.7758,12.7898],[120.765,12.9703],[120.6498,13.1699],[120.5094,13.2602],[120.4554,13.3939],[120.3402,13.413],[120.4014,13.5171],[120.7038,13.479]]],[[[123.717,12.2881],[123.9078,12.1683],[124.041,11.9669],[124.0446,11.7516],[123.8466,11.9131],[123.7242,11.9513],[123.735,12.0034],[123.6126,12.0902],[123.5298,12.1961],[123.4722,12.2169],[123.4182,12.1943],[123.2922,12.0363],[123.159,11.9252],[123.267,12.3957],[123.2346,12.5832],[123.5586,12.4443],[123.717,12.2881]]],[[[124.5954,9.7865],[124.5846,9.75],[124.4766,9.7483],[124.3614,9.6302],[124.1238,9.599],[123.9366,9.6233],[123.8718,9.6754],[123.8178,9.8177],[123.9078,9.9202],[124.059,10],[124.1742,10.1354],[124.3362,10.1597],[124.5774,10.026],[124.5558,9.8785],[124.5954,9.7865]]],[[[125.6899,9.9149],[125.6719,9.8872],[125.6503,9.9445],[125.4955,10.1181],[125.5207,10.191],[125.5243,10.309],[125.6467,10.4375],[125.6683,10.441],[125.6863,10.3923],[125.6467,10.2448],[125.7043,10.0712],[125.6827,9.9636],[125.6899,9.9149]]],[[[124.3542,13.6317],[124.3254,13.5675],[124.293,13.5901],[124.2498,13.5866],[124.1742,13.531],[124.0554,13.6057],[124.0374,13.663],[124.1238,13.7897],[124.1238,13.9789],[124.185,14.0588],[124.2246,14.0779],[124.3074,13.9477],[124.4154,13.8713],[124.3974,13.7498],[124.4046,13.6786],[124.3542,13.6317]]],[[[122.0934,12.354],[122.0142,12.1058],[121.9602,12.1908],[121.9818,12.2447],[121.935,12.2898],[121.9242,12.3315],[121.9422,12.3853],[121.989,12.4356],[121.9998,12.5988],[122.1042,12.6509],[122.1438,12.6526],[122.0934,12.354]]],[[[121.161,6.0749],[121.215,6.0037],[121.2834,6.0228],[121.3914,6.002],[121.4094,5.9395],[121.2942,5.8701],[121.2186,5.943],[121.0818,5.8926],[121.017,5.9221],[120.9306,5.8961],[120.8766,5.9534],[120.8982,6.0072],[121.0386,6.0957],[121.161,6.0749]]],[[[122.0934,6.429],[121.9602,6.4152],[121.881,6.5176],[121.8738,6.5627],[121.809,6.6131],[121.8306,6.6634],[121.9134,6.6756],[122.0574,6.7415],[122.2878,6.6391],[122.3238,6.6026],[122.2518,6.5801],[122.2014,6.4829],[122.0934,6.429]]],[[[120.099,12.1683],[120.153,12.1527],[120.1926,12.1665],[120.2286,12.2204],[120.261,12.1422],[120.3402,12.078],[120.315,12.012],[120.243,12.0051],[120.1746,12.019],[120.099,11.9929],[120.009,12.0086],[119.8974,12.1787],[119.865,12.1995],[119.8866,12.3002],[119.9154,12.3193],[120.099,12.1683]]],[[[120.2502,5.2572],[120.225,5.1965],[120.1926,5.1687],[120.1494,5.1843],[120.117,5.2156],[120.099,5.1687],[120.0126,5.1513],[119.9586,5.0802],[119.8758,5.0593],[119.8218,5.0698],[119.829,5.134],[119.9838,5.2277],[120.081,5.2642],[120.1638,5.3319],[120.207,5.3406],[120.2502,5.2572]]],[[[123.2814,12.854],[123.3678,12.7012],[123.2742,12.8054],[123.1662,12.8766],[123.0546,12.9929],[122.9718,13.0345],[122.9502,13.0588],[122.9574,13.1075],[123.0438,13.1127],[123.2058,12.9061],[123.2814,12.854]]],[[[122.0322,15.0049],[122.0502,14.9702],[122.0178,14.965],[121.971,14.8938],[122.0214,14.7601],[121.989,14.6629],[121.9314,14.656],[121.9098,14.6664],[121.935,14.7358],[121.9242,14.8001],[121.8882,14.84],[121.863,14.9164],[121.8198,14.9632],[121.8414,15.0379],[121.971,15.0466],[122.0322,15.0049]]],[[[121.9134,13.5397],[121.9962,13.5467],[122.115,13.4633],[122.1078,13.4217],[122.1222,13.3644],[122.0538,13.2689],[122.043,13.2359],[122.0034,13.2047],[121.8774,13.2811],[121.8306,13.3279],[121.8162,13.4251],[121.8666,13.5658],[121.9134,13.5397]]],[[[122.6478,10.4722],[122.6226,10.4583],[122.5974,10.4618],[122.5398,10.4253],[122.5182,10.493],[122.5362,10.6076],[122.6478,10.7222],[122.673,10.7395],[122.7018,10.7413],[122.7306,10.7066],[122.7378,10.6545],[122.6802,10.4982],[122.6478,10.4722]]],[[[120.0378,11.703],[119.9622,11.67],[119.9442,11.6909],[119.9334,11.7742],[119.8614,11.9547],[119.9154,11.9808],[120.0342,11.9166],[120.0702,11.861],[120.063,11.8211],[120.0738,11.7829],[120.0378,11.703]]],[[[123.7746,12.4547],[123.7782,12.3662],[123.7422,12.3992],[123.6198,12.571],[123.5874,12.6335],[123.6198,12.6752],[123.7098,12.611],[123.7746,12.4547]]],[[[126.0607,9.7656],[126.0463,9.7604],[125.9923,9.8386],[125.9995,9.9271],[126.0751,10.059],[126.1291,9.9427],[126.1219,9.8646],[126.1723,9.8004],[126.1363,9.7674],[126.0607,9.7656]]],[[[125.7835,6.962],[125.7691,6.9064],[125.7079,7.0401],[125.6827,7.0731],[125.7151,7.1859],[125.7835,7.1304],[125.7835,6.962]]],[[[117.0786,7.8838],[117.0282,7.8074],[116.9706,7.8942],[116.9742,8.0175],[116.9922,8.0505],[117.0786,8.0696],[117.0786,7.8838]]],[[[122.655,12.3089],[122.6046,12.2863],[122.5002,12.3835],[122.439,12.4287],[122.4246,12.4547],[122.4714,12.4912],[122.6046,12.4912],[122.673,12.4235],[122.6838,12.3818],[122.655,12.3089]]],[[[124.6098,11.493],[124.4838,11.486],[124.4298,11.5312],[124.3614,11.6666],[124.437,11.6943],[124.5126,11.6874],[124.5666,11.6405],[124.6206,11.5503],[124.6098,11.493]]],[[[119.9154,10.4861],[119.793,10.4548],[119.7642,10.5521],[119.8506,10.6406],[119.9514,10.6041],[120.009,10.5694],[119.9154,10.4861]]],[[[122.1762,14.0484],[122.1726,14.0084],[121.9566,14.156],[121.9458,14.182],[121.9458,14.2046],[121.9602,14.2289],[122.1762,14.0484]]],[[[125.2795,9.9826],[125.2867,9.9323],[125.1607,10.0625],[125.1319,10.1545],[125.1751,10.151],[125.2327,10.1163],[125.2795,9.9826]]],[[[123.699,9.2379],[123.7062,9.1337],[123.6162,9.1025],[123.5406,9.1303],[123.4938,9.1928],[123.4938,9.2153],[123.5334,9.2136],[123.6558,9.2796],[123.699,9.2379]]],[[[125.9707,9.5938],[125.9527,9.5677],[125.9239,9.6216],[125.9491,9.7396],[125.9671,9.7587],[125.9923,9.6841],[125.9707,9.5938]]],[[[121.9206,18.8953],[121.8594,18.8224],[121.8234,18.8432],[121.8594,18.9126],[121.8594,18.937],[121.8882,18.9908],[121.9422,19.0099],[121.989,18.956],[121.9206,18.8953]]],[[[120.2718,13.7515],[120.2718,13.6838],[120.1026,13.7828],[120.099,13.8175],[120.1026,13.8418],[120.1206,13.8574],[120.2106,13.821],[120.2718,13.7515]]],[[[124.8546,11.5954],[124.8366,11.5433],[124.8078,11.5572],[124.7826,11.5815],[124.743,11.6579],[124.7322,11.7152],[124.7898,11.6839],[124.8222,11.6266],[124.8546,11.5954]]],[[[124.8078,9.1424],[124.779,9.0834],[124.6674,9.132],[124.6386,9.1754],[124.653,9.2257],[124.707,9.2431],[124.7358,9.2431],[124.7898,9.1893],[124.8078,9.1424]]],[[[121.251,19.0828],[121.2474,19.0151],[121.197,19.0515],[121.1862,19.1019],[121.1898,19.1383],[121.2114,19.1835],[121.2438,19.1435],[121.251,19.0828]]],[[[121.521,19.3623],[121.5318,19.272],[121.4706,19.2737],[121.3842,19.3293],[121.3734,19.3571],[121.377,19.3796],[121.3914,19.3987],[121.521,19.3623]]],[[[119.8614,11.526],[119.883,11.4721],[119.8542,11.3923],[119.829,11.3749],[119.8002,11.4079],[119.7282,11.4322],[119.7246,11.4739],[119.7606,11.4739],[119.8254,11.5155],[119.8614,11.526]]],[[[122.9358,7.4099],[122.9466,7.3856],[122.943,7.3613],[122.8386,7.3144],[122.8062,7.3161],[122.7954,7.3925],[122.8206,7.429],[122.871,7.3977],[122.9142,7.4342],[122.9358,7.4099]]],[[[121.8774,20.7823],[121.8306,20.7007],[121.791,20.7007],[121.7982,20.7459],[121.8486,20.8413],[121.8666,20.8396],[121.8774,20.7823]]],[[[123.7566,11.2829],[123.8142,11.151],[123.735,11.151],[123.7062,11.2482],[123.7422,11.2794],[123.7566,11.2829]]],[[[121.9602,20.3657],[121.9422,20.3535],[121.9134,20.3587],[121.9422,20.4542],[121.9926,20.4803],[122.0322,20.4698],[121.9602,20.3657]]],[[[117.3558,8.2154],[117.2874,8.1911],[117.273,8.2536],[117.2802,8.3143],[117.3306,8.3091],[117.3522,8.29],[117.3558,8.2154]]],[[[124.3146,10.6059],[124.2894,10.6007],[124.3362,10.7066],[124.3722,10.6909],[124.383,10.6805],[124.383,10.6319],[124.3146,10.6059]]],[[[122.3094,12.5294],[122.2806,12.4981],[122.2626,12.5033],[122.2482,12.5571],[122.277,12.5936],[122.2878,12.5901],[122.3094,12.5294]]]]}},{"type":"Feature","properties":{"iso":"612","name":"핏케언 제도","en":"Pitcairn Is."},"geometry":{"type":"Polygon","coordinates":[[[-128.2891,-24.3972],[-128.2999,-24.4128],[-128.3215,-24.3989],[-128.3431,-24.3711],[-128.3503,-24.3399],[-128.3287,-24.3225],[-128.3035,-24.3329],[-128.2891,-24.3642],[-128.2891,-24.3972]]]}},{"type":"Feature","properties":{"iso":"616","name":"폴란드","en":"Poland"},"geometry":{"type":"Polygon","coordinates":[[[23.6036,51.5183],[24.0968,50.8725],[23.978,50.7857],[24.0896,50.5305],[23.4092,50.1746],[22.6496,49.5392],[22.808,49.0202],[21.638,49.4125],[20.8676,49.3153],[20.3636,49.3847],[20.0576,49.1816],[19.7552,49.2042],[19.7732,49.3726],[19.442,49.5982],[18.9668,49.3969],[18.5636,49.8795],[17.6276,50.1156],[17.7032,50.3065],[17.4152,50.2545],[16.8788,50.4263],[16.9904,50.2371],[16.6376,50.1017],[16.2092,50.4246],[16.418,50.5739],[16.2812,50.6555],[16.0076,50.6121],[14.9923,51.0148],[14.9815,50.8864],[14.8087,50.8586],[15.0176,51.2527],[14.5999,51.8325],[14.7511,52.0825],[14.5531,52.3602],[14.6179,52.5286],[14.1283,52.8776],[14.4127,53.2161],[14.2579,53.7299],[14.5819,53.6397],[14.5567,53.8237],[14.1967,53.9192],[16.1876,54.2907],[16.5584,54.5545],[18.0848,54.8358],[18.758,54.6847],[18.4376,54.7455],[18.668,54.4313],[18.9776,54.3497],[19.604,54.4591],[22.8944,54.3914],[23.4524,54.1431],[23.888,53.0269],[23.9024,52.704],[23.4092,52.5165],[23.1752,52.2873],[23.654,52.0408],[23.6036,51.5183]]]}},{"type":"Feature","properties":{"iso":"620","name":"포르투갈","en":"Portugal"},"geometry":{"type":"MultiPolygon","coordinates":[[[[-8.7787,41.9407],[-8.2675,42.1369],[-8.1379,42.0397],[-8.1523,41.8123],[-7.4035,41.8331],[-7.1479,41.9807],[-6.6187,41.9425],[-6.5431,41.6717],[-6.2119,41.5328],[-6.9283,41.0085],[-6.8095,40.3436],[-7.0327,40.1683],[-6.8959,40.0225],[-6.9751,39.7985],[-7.5367,39.6614],[-6.9967,39.0572],[-7.3423,38.4566],[-7.1047,38.1806],[-6.9571,38.1875],[-7.4431,37.7275],[-7.4071,37.1789],[-7.8355,37.0053],[-8.5987,37.1216],[-8.9983,37.0331],[-8.8147,37.4306],[-8.8795,38.4462],[-8.6671,38.4236],[-8.8003,38.5173],[-9.2143,38.4479],[-9.2503,38.6562],[-9.0199,38.7465],[-8.7931,39.0781],[-9.1351,38.743],[-9.4735,38.7309],[-9.3763,39.3385],[-8.8363,40.1162],[-8.6851,40.7533],[-8.7571,41.6977],[-8.8867,41.7654],[-8.7787,41.9407]]],[[[-25.6485,37.8403],[-25.1805,37.8386],[-25.1913,37.7639],[-25.2525,37.7344],[-25.4397,37.7153],[-25.7349,37.7622],[-25.8321,37.8264],[-25.8465,37.8941],[-25.7853,37.9115],[-25.6485,37.8403]]],[[[-17.192,32.8684],[-17.0552,32.8163],[-16.9292,32.8406],[-16.7744,32.7729],[-16.6916,32.7573],[-16.8392,32.6479],[-17.0192,32.6635],[-17.1704,32.7226],[-17.2244,32.7677],[-17.2424,32.8076],[-17.192,32.8684]]],[[[-27.7797,38.5555],[-27.8265,38.5434],[-28.0929,38.6198],[-28.1865,38.6562],[-28.3089,38.7448],[-27.9633,38.6371],[-27.7797,38.5555]]],[[[-28.1469,38.4531],[-28.0641,38.4132],[-28.1901,38.4045],[-28.2297,38.3854],[-28.3341,38.4132],[-28.4529,38.408],[-28.5321,38.4618],[-28.5501,38.5191],[-28.5105,38.5538],[-28.4025,38.5538],[-28.1469,38.4531]]],[[[-27.0741,38.6441],[-27.0957,38.6336],[-27.3045,38.6614],[-27.3621,38.6979],[-27.3873,38.7656],[-27.3513,38.7882],[-27.2613,38.802],[-27.1281,38.7899],[-27.0417,38.7413],[-27.0417,38.6788],[-27.0741,38.6441]]],[[[-28.6401,38.5243],[-28.7445,38.5225],[-28.8417,38.5989],[-28.6977,38.6389],[-28.6545,38.6146],[-28.6257,38.5868],[-28.6041,38.5503],[-28.6401,38.5243]]],[[[-25.0257,36.9601],[-25.0329,36.941],[-25.0869,36.9497],[-25.1589,36.9428],[-25.1985,36.9966],[-25.1625,37.0192],[-25.0833,37.0244],[-25.0437,37.0001],[-25.0257,36.9601]]],[[[-31.1385,39.4062],[-31.1817,39.3593],[-31.2573,39.3767],[-31.2825,39.394],[-31.2609,39.4964],[-31.1997,39.5207],[-31.1385,39.4791],[-31.1385,39.4062]]]]}},{"type":"Feature","properties":{"iso":"630","name":"푸에르토리코","en":"Puerto Rico"},"geometry":{"type":"MultiPolygon","coordinates":[[[[-66.1309,18.4457],[-65.6305,18.3814],[-65.6197,18.2426],[-65.9725,17.9752],[-66.1345,17.9492],[-66.7717,17.9874],[-66.9013,17.9474],[-67.1965,17.9943],[-67.1713,18.2235],[-67.2649,18.3641],[-67.1569,18.4995],[-66.1309,18.4457]]],[[[-65.4253,18.1054],[-65.5045,18.1002],[-65.5549,18.1071],[-65.5729,18.1367],[-65.4757,18.1644],[-65.3677,18.161],[-65.3029,18.1436],[-65.2957,18.1332],[-65.4253,18.1054]]],[[[-67.8733,18.0603],[-67.8913,18.0603],[-67.9021,18.0724],[-67.9309,18.0863],[-67.9381,18.1002],[-67.9309,18.1158],[-67.9201,18.121],[-67.8553,18.121],[-67.8445,18.1106],[-67.8445,18.1037],[-67.8697,18.062],[-67.8733,18.0603]]]]}},{"type":"Feature","properties":{"iso":"634","name":"카타르","en":"Qatar"},"geometry":{"type":"Polygon","coordinates":[[[51.2663,24.6067],[50.9675,24.5738],[50.8559,24.6797],[50.8055,24.789],[50.8451,24.888],[50.7551,25.4001],[51.0035,25.9817],[51.2627,26.1535],[51.5435,25.9018],[51.5723,25.7803],[51.4859,25.5251],[51.6083,25.0529],[51.4283,24.6675],[51.2663,24.6067]]]}},{"type":"Feature","properties":{"iso":"642","name":"루마니아","en":"Romania"},"geometry":{"type":"Polygon","coordinates":[[[28.2117,45.4509],[28.7625,45.2339],[29.4033,45.4197],[29.7057,45.26],[29.5581,44.8433],[29.0469,44.7583],[29.0937,44.9753],[28.8921,44.918],[28.8057,44.5656],[28.8885,44.5743],[28.6437,44.2965],[28.5861,43.7427],[27.0885,44.168],[26.2173,44.0066],[25.4973,43.6715],[22.9196,43.8347],[22.8692,43.9476],[23.0276,44.0778],[22.4948,44.4354],[22.7216,44.6055],[22.4984,44.7062],[22.0916,44.5413],[21.3608,44.826],[21.5336,44.9006],[21.3536,45.0083],[21.4904,45.1471],[20.774,45.4839],[20.774,45.7495],[20.2412,46.1089],[21.1232,46.2825],[21.998,47.5046],[23.1392,48.0879],[24.5792,47.9317],[24.8924,47.7182],[26.1633,47.9924],[26.3073,48.2042],[26.7141,48.2633],[26.9805,48.1556],[27.6141,47.3397],[28.0713,46.9786],[28.2405,46.6401],[28.0749,45.5985],[28.2117,45.4509]]]}},{"type":"Feature","properties":{"iso":"643","name":"러시아","en":"Russia"},"geometry":{"type":"MultiPolygon","coordinates":[[[[-180,71.5379],[-178.4376,71.5413],[-177.498,71.2184],[-177.822,71.0674],[-179.4168,70.9198],[-180,70.9928],[179.8812,70.9754],[178.794,70.8226],[178.6824,71.1056],[179.8848,71.524],[-180,71.5379]]],[[[130.6867,42.3018],[130.4239,42.7271],[131.0683,42.9025],[131.2591,43.3781],[131.1727,43.7045],[131.2555,44.0708],[130.9819,44.8451],[131.4463,44.9839],[131.8531,45.3277],[132.9367,45.0291],[133.1131,45.1315],[133.1851,45.4943],[133.4371,45.6054],[133.5127,45.878],[133.8619,46.2478],[133.8655,46.4995],[134.2039,47.1279],[134.1679,47.3015],[134.7511,47.7147],[134.5675,48.022],[134.6647,48.2546],[134.2939,48.3726],[133.4695,48.0966],[133.1455,48.1053],[132.7063,47.9473],[132.4759,47.7147],[130.9603,47.7095],[130.7335,48.0185],[130.8055,48.3414],[130.5535,48.6018],[130.5535,48.8604],[130.1971,48.8917],[129.4987,49.3882],[129.0667,49.3743],[128.7031,49.6],[128.0011,49.5687],[127.5511,49.8014],[127.5907,50.2093],[127.3387,50.3499],[127.3063,50.7076],[126.9247,51.0999],[126.3415,52.362],[126.0175,52.6102],[126.0499,52.7387],[125.6503,53.0425],[125.0743,53.2039],[124.8114,53.1345],[123.609,53.5459],[120.9846,53.2838],[120.0954,52.7873],[120.0666,52.6328],[120.657,52.5668],[120.6822,51.9731],[120.0666,51.5999],[119.163,50.4055],[119.3466,50.2788],[119.2602,50.067],[118.4502,49.8448],[117.8742,49.5132],[116.2182,50.0097],[115.4298,49.8968],[114.7421,50.2336],[114.2957,50.2736],[113.4461,49.942],[112.8053,49.5236],[111.3365,49.3552],[110.7101,49.1434],[108.6149,49.3222],[107.9669,49.6538],[107.9165,49.9472],[107.2325,49.9888],[106.7105,50.3117],[105.3821,50.4732],[104.0788,50.1538],[103.3048,50.2006],[102.2896,50.5843],[102.1132,51.3533],[99.9208,51.7561],[98.8948,52.1172],[98.6392,51.8012],[98.038,51.4506],[97.8364,51.0513],[98.0308,50.6451],[98.2792,50.534],[98.1712,50.1798],[97.3612,49.7406],[96.0652,49.9993],[95.5216,49.9107],[94.6143,50.0236],[94.3551,50.2215],[94.2507,50.5565],[93.1023,50.6034],[92.9403,50.7787],[92.6271,50.6885],[92.3535,50.8638],[92.1915,50.7006],[91.8027,50.6937],[91.4139,50.468],[90.0531,50.093],[89.6427,49.9038],[89.6535,49.718],[89.1099,49.501],[88.1919,49.4524],[87.9867,49.1868],[87.4179,49.0774],[86.6259,49.5635],[86.6763,49.7771],[86.1795,49.4993],[85.2327,49.6156],[84.9878,50.0618],[84.3218,50.2388],[83.9438,50.7753],[83.357,50.994],[82.493,50.7284],[81.467,50.7405],[81.3878,50.9558],[81.071,50.968],[81.1286,51.1919],[80.7362,51.2926],[80.4482,51.1832],[80.423,50.9471],[79.9874,50.7753],[77.8598,53.2699],[76.4846,54.0233],[76.4234,54.1518],[76.6538,54.1448],[76.8374,54.4417],[75.437,54.0893],[75.221,53.8931],[74.4505,53.6466],[74.3533,53.4869],[73.8601,53.6206],[73.4065,53.447],[73.3057,53.7074],[73.7125,54.0424],[73.2301,53.9574],[72.6217,54.1344],[72.4453,53.9417],[72.1861,54.3254],[72.0061,54.2056],[71.0917,54.2125],[71.1853,54.5997],[70.7389,55.3045],[70.1809,55.1621],[68.9785,55.3896],[68.2045,55.1604],[68.1541,54.9764],[65.4757,54.624],[65.0869,54.341],[64.4604,54.3844],[61.9296,53.9469],[61.2312,54.0198],[60.9792,53.6223],[61.5336,53.5233],[61.2276,53.4452],[61.1988,53.2873],[61.6596,53.2282],[62.0844,53.006],[61.0476,52.973],[60.774,52.6762],[60.9936,52.3377],[60.0288,51.9332],[60.4644,51.6519],[61.5552,51.3238],[61.3896,50.8603],[60.9432,50.6954],[60.4248,50.6798],[60.0576,50.8499],[59.8128,50.5826],[59.5248,50.4923],[59.4528,50.6208],[58.884,50.6937],[58.3584,51.0634],[57.84,51.0912],[57.444,50.8881],[57.012,51.0652],[56.49,51.02],[55.6872,50.5826],[54.6431,51.0114],[54.5459,50.9454],[54.6503,50.6607],[54.5567,50.5357],[54.1391,51.0409],[53.3363,51.4818],[52.5695,51.4818],[52.2203,51.7092],[51.3455,51.4749],[50.7947,51.7301],[50.2475,51.2891],[49.4987,51.0843],[49.3223,50.8516],[48.6239,50.6121],[48.8435,50.0132],[48.7607,49.9281],[48.3359,49.8586],[47.7059,50.3777],[47.4287,50.3586],[47.2955,50.0583],[46.8887,49.6972],[46.8023,49.3674],[47.0327,49.1504],[46.7015,48.8049],[46.6619,48.4126],[47.0651,48.232],[47.0939,47.9473],[47.2919,47.7407],[48.1667,47.7095],[48.9587,46.7738],[48.5591,46.7564],[48.5411,46.6054],[49.2467,46.2912],[48.6851,46.0863],[48.7283,45.8971],[48.4871,45.9353],[47.6339,45.5846],[47.4647,45.6801],[47.5151,45.4909],[47.0831,44.8173],[47.0039,44.8763],[46.7159,44.5604],[46.7519,44.4215],[47.3063,44.1038],[47.4611,43.5552],[47.6483,43.8851],[47.4647,43.0344],[48.5735,41.8453],[47.8607,41.2133],[47.5223,41.229],[47.2595,41.3158],[46.7483,41.8123],[45.6395,42.2046],[45.6539,42.5171],[44.8726,42.7567],[44.7718,42.616],[44.5054,42.748],[43.825,42.5709],[43.7818,42.7462],[42.7594,43.1698],[41.5822,43.2184],[40.6498,43.5344],[40.1494,43.5691],[39.9766,43.4198],[38.7166,44.2878],[38.1802,44.4197],[37.8526,44.6992],[37.4962,44.6958],[37.2046,44.9718],[36.6502,45.1263],[36.9418,45.2895],[36.7222,45.3711],[36.7942,45.4093],[37.2154,45.2721],[37.6474,45.378],[37.6114,45.5655],[37.9318,46.0012],[38.0794,45.9353],[38.1838,46.095],[38.4934,46.0898],[37.9138,46.4057],[37.7662,46.6366],[38.5006,46.6644],[38.4394,46.8137],[39.271,47.0446],[39.1954,47.2685],[38.6698,47.1435],[38.551,47.1505],[38.7634,47.2616],[38.5762,47.239],[38.2126,47.0915],[38.2018,47.3206],[38.2882,47.5584],[38.821,47.8362],[39.7786,47.8883],[39.9586,48.2685],[39.847,48.3032],[39.8362,48.5428],[39.6454,48.5914],[39.793,48.8084],[40.0054,48.8223],[39.685,49.008],[40.1098,49.251],[40.081,49.5774],[39.7822,49.5722],[39.1738,49.8552],[38.9182,49.8239],[38.2594,50.0531],[38.047,49.9194],[37.4242,50.4107],[36.6178,50.2093],[36.1174,50.409],[35.5918,50.369],[35.4118,50.5392],[35.311,51.0443],[35.0626,51.204],[34.2129,51.2561],[34.1193,51.6797],[34.3965,51.7804],[33.7341,52.3446],[32.4345,52.3064],[32.1213,52.0512],[31.7649,52.1016],[31.5777,52.3116],[31.5633,52.7595],[31.2573,53.0164],[31.4193,53.1952],[32.1429,53.0911],[32.7081,53.4192],[32.4705,53.5477],[32.4489,53.6935],[31.7541,53.8098],[31.8261,54.0303],[31.4049,54.1952],[31.0737,54.492],[31.1529,54.6257],[30.8001,54.7837],[30.9765,55.051],[30.8145,55.2784],[30.9081,55.5701],[30.2349,55.8444],[29.4825,55.6847],[29.2845,55.9676],[28.2837,56.0562],[28.1469,56.143],[28.1685,56.386],[27.8805,56.8235],[27.6393,56.8461],[27.8301,57.2939],[27.3513,57.5283],[27.5421,57.7991],[27.7797,57.8703],[27.5025,58.221],[27.4341,58.7869],[27.8985,59.2782],[28.1505,59.3737],[28.0137,59.4848],[28.0569,59.7816],[28.3341,59.6931],[28.5177,59.8493],[28.9461,59.8285],[29.1477,60.0004],[30.1233,59.8737],[30.1737,59.957],[29.7201,60.1948],[29.0685,60.1913],[28.6437,60.3754],[28.4925,60.5403],[28.6221,60.4917],[28.6509,60.6115],[28.5141,60.6774],[27.7977,60.5368],[31.1853,62.4811],[31.5381,62.9221],[31.1817,63.2085],[29.9901,63.7345],[30.5265,64.0765],[30.4869,64.2362],[29.9865,64.5244],[30.1089,64.7327],[29.6049,64.9688],[29.8281,65.1459],[29.6085,65.2483],[29.8209,65.5695],[29.7165,65.625],[30.0945,65.6823],[30.0873,65.7865],[29.0649,66.8923],[29.9865,67.6683],[29.3421,68.0624],[28.6869,68.1891],[28.4709,68.4877],[28.7733,68.8401],[28.4133,68.9043],[29.1189,69.0502],[29.3889,69.2984],[29.9937,69.3922],[30.1593,69.63],[30.8613,69.538],[30.8685,69.7828],[31.5453,69.6977],[31.9989,69.8105],[31.9845,69.9529],[33.0069,69.722],[32.9133,69.6022],[32.0925,69.6317],[32.3769,69.479],[32.9997,69.4703],[32.9781,69.3679],[33.4533,69.4286],[33.3273,69.1526],[33.1401,69.0693],[33.6837,69.3106],[35.8582,69.1925],[37.7302,68.6925],[38.4286,68.3558],[39.5698,68.0711],[39.8218,68.0589],[39.811,68.1509],[40.3798,67.8315],[40.9666,67.7134],[41.1322,67.2673],[41.359,67.21],[41.1898,66.8263],[40.1026,66.3003],[38.6554,66.0694],[35.5126,66.3958],[34.8249,66.6111],[34.4829,66.5503],[34.4505,66.651],[33.1509,66.8437],[32.8485,67.0208],[32.9313,67.0867],[31.8945,67.1614],[33.1797,66.6805],[33.2157,66.5312],[33.6549,66.4427],[33.3597,66.3298],[34.1121,66.2257],[34.6917,65.9514],[34.7781,65.7691],[34.4073,65.3959],[34.8033,64.9862],[34.9509,64.7553],[34.8681,64.5609],[35.0338,64.4411],[35.6458,64.3786],[36.3658,64.0036],[37.4422,63.8126],[37.9678,63.9498],[38.0614,64.0904],[37.9534,64.3196],[37.183,64.4081],[36.5782,64.7917],[36.535,64.9393],[36.787,64.9879],[36.8842,65.1719],[39.757,64.5765],[40.0594,64.7709],[40.4446,64.7779],[39.7966,65.349],[39.8182,65.5973],[40.693,65.9636],[41.4742,66.1233],[42.2122,66.5191],[43.2346,66.4149],[43.6522,66.2517],[43.5406,66.1233],[44.1058,66.0087],[44.0986,66.2344],[44.4874,66.6718],[44.4298,66.9374],[44.293,67.0989],[43.7818,67.2551],[44.2246,67.9964],[44.203,68.2533],[43.3318,68.6735],[45.8915,68.479],[46.6835,67.9704],[46.6907,67.8489],[45.5279,67.7568],[44.9014,67.4131],[45.5639,67.1857],[45.8843,66.8906],[46.4927,66.8003],[47.6555,66.9756],[47.8751,67.585],[48.8327,67.6822],[48.7535,67.8957],[49.1567,67.8697],[50.8379,68.3506],[51.9935,68.538],[52.3967,68.3523],[52.7243,68.4842],[52.3427,68.6075],[53.8007,68.9963],[54.4919,68.9929],[53.7971,68.9078],[53.9699,68.8436],[53.7575,68.6335],[53.9303,68.4356],[53.2607,68.2672],[54.8627,68.2013],[54.9239,68.3731],[55.4172,68.5676],[56.0436,68.6491],[57.1272,68.5537],[58.1748,68.8905],[59.0568,69.0068],[59.37,68.7377],[59.1108,68.6162],[59.1,68.4443],[59.7264,68.3523],[59.9244,68.4721],[59.8956,68.7064],[60.4896,68.729],[60.9324,68.9859],[60.1692,69.5901],[60.9108,69.847],[64.1904,69.5345],[64.9284,69.3262],[64.896,69.2481],[67.0021,68.8731],[67.7293,68.5137],[68.5033,68.3488],[69.1405,68.9512],[68.5429,68.9668],[68.1181,69.2359],[68.0065,69.4807],[67.6249,69.5849],[67.0633,69.6942],[66.8977,69.5536],[66.8041,69.7394],[66.9265,70.0136],[67.2397,70.1074],[67.1461,70.2202],[67.2865,70.7393],[66.7033,70.8192],[66.8473,71.0639],[66.6385,71.0813],[66.9193,71.2827],[68.2693,71.6819],[69.3925,72.9562],[71.4985,72.9145],[72.8125,72.6906],[72.5749,72.0118],[71.8657,71.458],[72.5821,71.1507],[72.7045,70.9632],[72.7009,70.4581],[72.4705,70.2758],[72.6001,69.7932],[72.5785,68.9686],[73.5901,68.4825],[73.1401,68.1822],[73.0681,67.7673],[72.5929,67.5867],[71.8477,67.0069],[71.3653,66.9618],[71.5381,66.6823],[70.7245,66.5191],[70.3825,66.6024],[70.6921,66.7448],[69.0145,66.7882],[69.1945,66.5781],[69.9829,66.401],[72.0673,66.2535],[72.3229,66.3316],[72.4165,66.5607],[73.7917,66.9947],[74.0761,67.4148],[74.7709,67.7655],[74.7421,68.0728],[74.3929,68.42],[74.5801,68.7516],[75.1238,68.8609],[76.4594,68.979],[77.237,68.4703],[77.1758,67.7777],[77.7734,67.5711],[78.9218,67.5884],[77.5898,67.7516],[77.5358,68.0068],[77.6654,68.1908],[77.9966,68.2603],[77.651,68.9026],[76.0022,69.2359],[74.8141,69.0901],[73.7773,69.1977],[73.8925,69.4182],[73.5793,69.8036],[73.8313,70.1751],[74.3425,70.5778],[73.5757,71.2167],[73.0861,71.4441],[73.6729,71.8451],[74.9905,72.1455],[75.0986,72.4215],[74.7853,72.8121],[75.3686,72.7965],[75.6026,72.5812],[75.743,72.2965],[75.275,71.9597],[75.2462,71.8139],[75.5018,71.6542],[75.2786,71.4302],[75.7322,71.2653],[77.5898,71.1681],[78.3206,70.9303],[79.0154,70.9494],[79.0838,71.0014],[78.4898,71.0257],[78.2126,71.267],[76.4342,71.5517],[76.031,71.9111],[76.8698,72.0326],[77.5502,71.8417],[78.1874,71.9076],[78.0182,72.0916],[77.4098,72.1073],[78.4826,72.3954],[79.4222,72.3816],[80.7614,72.0899],[81.6614,71.7167],[83.105,71.7201],[83.2346,71.6681],[82.9754,71.4511],[82.3238,71.2601],[82.2374,70.998],[82.3346,70.807],[82.1618,70.5987],[82.2194,70.3956],[82.5938,70.8903],[83.0114,70.8955],[83.0294,70.5813],[82.6838,70.2185],[83.0798,70.0935],[83.0726,70.2775],[83.4974,70.3452],[83.735,70.5466],[83.1518,71.1039],[83.5514,71.5431],[83.5334,71.6837],[83.1986,71.8746],[82.6442,71.925],[82.0934,72.2652],[80.8262,72.4875],[80.657,72.7114],[80.8406,72.9492],[80.423,73.2305],[80.5814,73.569],[86.8923,73.8867],[87.0291,73.8242],[85.7943,73.4388],[85.8195,73.3277],[86.6763,73.1072],[85.9095,73.3902],[87.5727,73.8103],[87.2091,73.878],[86.5719,74.2443],[86.0031,74.3155],[86.3955,74.4509],[87.2307,74.3641],[85.7907,74.6453],[86.2011,74.8154],[86.8635,74.7182],[87.4683,75.0133],[86.9391,75.0689],[87.0075,75.1696],[87.6699,75.1296],[90.1863,75.5914],[94.1571,75.9595],[92.8575,75.9803],[93.2607,76.0983],[95.5792,76.1365],[96.076,76.0827],[95.6548,75.8918],[96.6016,75.9907],[96.4972,75.8918],[98.6608,76.2424],[99.7696,76.0289],[99.442,75.8032],[99.5392,75.798],[99.8524,75.9299],[99.8236,76.1365],[98.8048,76.4803],[101.5984,76.4386],[101.6848,76.4855],[100.9288,76.5566],[101.098,76.7042],[100.9072,76.9004],[102.61,77.508],[104.014,77.7302],[106.0589,77.3899],[104.2012,77.1017],[106.9409,77.034],[107.4305,76.9264],[106.6385,76.574],[106.3865,76.5896],[106.4153,76.5115],[107.7221,76.5219],[108.1829,76.7372],[111.1133,76.7233],[112.0925,76.4803],[111.9413,76.3813],[112.6181,76.383],[112.7981,76.1296],[112.6577,76.0532],[113.2733,76.2511],[113.5649,75.8918],[113.8565,75.9213],[113.5685,75.5689],[112.4525,75.831],[112.9565,75.5723],[113.2445,75.6123],[113.7269,75.4508],[113.6153,75.2928],[112.9241,75.0151],[109.8389,74.3224],[109.9109,74.2616],[109.8101,74.1696],[108.2009,73.694],[107.2721,73.6211],[106.6781,73.3311],[106.1885,73.3086],[105.1445,72.7774],[105.7097,72.8364],[106.4765,73.1402],[107.7509,73.1732],[110.8685,73.7304],[109.6661,73.7999],[110.2601,74.0169],[111.0557,73.9388],[111.1313,74.0533],[111.5489,74.029],[111.2285,73.9683],[111.4013,73.8276],[112.1465,73.7096],[112.7945,73.7461],[112.9385,73.8363],[112.8377,73.9613],[113.0321,73.9144],[113.4173,73.6471],[113.1581,73.4596],[113.4893,73.3468],[113.4749,73.0482],[113.1581,72.7687],[113.6657,72.635],[113.2157,72.8051],[113.5433,73.0551],[113.5577,73.2322],[113.8853,73.345],[113.5109,73.5047],[114.0617,73.5846],[115.3362,73.7027],[118.4502,73.5898],[118.9362,73.4804],[118.4574,73.4648],[118.4286,73.2461],[119.7498,72.9787],[122.5362,72.8781],[122.7522,72.9058],[122.5254,73.0169],[123.159,72.9544],[123.6234,73.194],[123.321,73.4301],[123.4146,73.6367],[124.5414,73.7513],[125.5999,73.4475],[126.2551,73.5481],[126.2911,73.3936],[126.5539,73.3346],[127.0327,73.5481],[127.7419,73.4822],[129.0991,73.1124],[128.5987,72.8954],[129.0163,72.8728],[129.2503,72.7045],[128.4187,72.5343],[129.2827,72.4371],[129.4123,72.3156],[129.2827,72.0916],[128.9335,72.0795],[127.7275,72.4128],[128.9119,71.7549],[129.2107,71.9163],[129.4591,71.7392],[128.8435,71.6628],[129.1351,71.5934],[129.7615,71.1195],[130.5355,70.8921],[130.7587,70.9615],[131.0215,70.7462],[131.4319,70.8278],[132.0367,71.2445],[132.2275,71.642],[132.6523,71.9267],[133.1311,71.6073],[133.6891,71.4337],[134.7043,71.3868],[136.0904,71.6194],[137.9408,71.1334],[137.8436,71.2271],[138.3152,71.3261],[137.9192,71.3834],[138.2324,71.5969],[138.7796,71.6299],[139.208,71.4441],[139.9856,71.491],[139.694,71.701],[139.7228,71.8851],[139.3592,71.951],[140.1872,72.1906],[139.1756,72.1628],[139.1396,72.3295],[139.6004,72.4961],[141.08,72.5864],[140.6516,72.8433],[140.8064,72.8902],[146.2533,72.4423],[146.2353,72.3503],[144.896,72.3954],[144.1688,72.2583],[144.2948,72.1923],[146.8329,72.2948],[146.1129,71.9458],[146.0049,71.9458],[146.2317,72.1368],[145.7601,72.2253],[145.6629,72.0673],[145.7565,71.9406],[145.0653,71.9267],[144.9896,71.7531],[145.1877,71.6958],[146.0733,71.8087],[147.2613,72.3277],[149.5005,72.1646],[150.0153,71.8955],[148.9245,71.7149],[150.6669,71.4545],[150.0981,71.2271],[150.9693,71.3799],[151.5813,71.2861],[152.0925,71.024],[151.7613,70.9823],[152.5101,70.8348],[155.8942,71.0952],[158.7022,70.9355],[159.3502,70.7914],[159.9118,70.5067],[160.0054,70.3105],[159.7282,69.8696],[159.8326,69.7845],[160.909,69.6057],[161.035,69.0988],[161.341,68.9043],[160.855,68.538],[161.1034,68.5623],[161.5642,68.9043],[161.5354,69.38],[162.1654,69.6109],[163.2022,69.7151],[166.8851,69.4998],[167.8571,69.7289],[168.1487,69.5779],[168.3035,69.2706],[169.3115,69.0797],[169.6103,68.7863],[170.5391,68.8262],[170.9963,69.1352],[170.5823,69.5831],[170.1611,69.6265],[170.5031,69.8574],[170.4851,70.1074],[173.2787,69.8244],[173.4371,69.9477],[175.9212,69.8956],[178.848,69.3869],[179.8668,69.012],[-180,68.9842],[-178.8732,68.7533],[-178.5384,68.5849],[-178.7508,68.6613],[-178.6932,68.5467],[-178.0992,68.4252],[-178.056,68.2655],[-177.7968,68.3384],[-178.3728,68.5658],[-177.5268,68.295],[-177.588,68.2238],[-175.3452,67.6787],[-175.2336,67.4461],[-175.374,67.3576],[-175.0032,67.4374],[-174.8483,67.3489],[-174.9383,67.0937],[-174.7727,66.7847],[-174.9239,66.6232],[-174.5027,66.5382],[-174.3947,66.3437],[-174.0851,66.4739],[-174.0635,66.2292],[-173.7755,66.434],[-174.2327,66.6319],[-174.0059,66.7795],[-174.0851,66.9427],[-174.5495,67.0902],[-173.1563,67.0694],[-173.3435,66.9097],[-173.2607,66.8402],[-173.1923,66.993],[-172.5191,66.9531],[-173.0087,67.0642],[-171.7955,66.9322],[-170.4743,66.3194],[-170.6039,66.2483],[-170.3015,66.2934],[-170.2439,66.1701],[-169.7291,66.0573],[-170.4023,65.9288],[-170.6651,65.6216],[-171.4499,65.7934],[-171.0539,65.5504],[-171.1691,65.5018],[-171.9071,65.4966],[-172.7819,65.6806],[-172.2311,65.4549],[-172.3103,65.2761],[-172.6631,65.2483],[-172.2851,65.2049],[-172.2131,65.0487],[-173.0663,64.8473],[-172.7999,64.79],[-172.9007,64.6286],[-172.3787,64.4324],[-172.7387,64.4116],[-172.9043,64.5261],[-172.9151,64.3699],[-173.1563,64.2796],[-173.3759,64.3543],[-173.3291,64.54],[-173.7287,64.3647],[-174.5711,64.7171],[-175.4424,64.8161],[-175.8528,65.0105],[-175.8564,65.2327],[-176.094,65.4705],[-177.0552,65.6129],[-178.4124,65.4948],[-178.5024,65.7396],[-178.938,66.033],[-178.7472,66.0139],[-178.5276,66.401],[-178.8696,66.1875],[-179.1036,66.2326],[-179.1432,66.375],[-179.3412,66.2882],[-179.3268,66.1632],[-179.6832,66.184],[-179.7912,65.9011],[-179.3664,65.6389],[-179.352,65.5174],[-180,65.0678],[179.8272,65.0348],[179.4492,64.8213],[178.5204,64.6025],[177.75,64.7171],[176.8824,65.0817],[176.3424,65.0469],[177.0372,65.0001],[177.2244,64.8612],[177.0696,64.7865],[176.0616,64.9601],[174.5495,64.6841],[176.058,64.9046],[176.3496,64.7049],[176.1408,64.5852],[177.3864,64.7744],[177.4332,64.4445],[177.6888,64.3039],[178.0452,64.2189],[178.2288,64.3647],[178.6932,63.8422],[178.7328,63.6668],[178.4664,63.5748],[178.6536,63.5574],[178.7436,63.3943],[178.794,63.5401],[178.92,63.3457],[179.334,63.1894],[179.406,63.0783],[179.2584,63.0089],[179.5716,62.7728],[179.1216,62.3197],[177.2928,62.5992],[177.3396,62.7815],[177.0228,62.778],[176.9652,62.6582],[177.1596,62.561],[174.5135,61.8232],[173.6243,61.7155],[173.1311,61.4065],[172.8575,61.469],[172.9079,61.3111],[172.3967,61.167],[172.3931,61.0611],[170.6075,60.4344],[170.3519,59.9657],[169.9811,60.0663],[169.6175,60.4379],[169.2251,60.5958],[168.4619,60.5924],[167.2271,60.4066],[166.2731,59.8563],[166.1363,59.9795],[166.3523,60.4847],[165.0851,60.0993],[164.9554,59.8441],[164.4406,60.0733],[164.113,59.898],[164.1346,59.9848],[163.7818,60.0403],[163.4938,59.8875],[163.321,59.7053],[163.2742,59.3025],[162.1402,58.4467],[161.9602,58.0769],[162.3922,57.7175],[162.655,57.9484],[163.2274,57.7904],[162.763,57.2436],[162.8026,56.8113],[163.2562,56.6881],[163.3354,56.2333],[163.0474,56.044],[162.8386,56.0649],[162.6298,56.2315],[163.0366,56.5214],[162.673,56.4902],[162.4894,56.3999],[162.529,56.261],[162.0862,56.0892],[161.7226,55.4954],[162.1042,54.7524],[161.6254,54.5163],[160.7722,54.5406],[160.0738,54.19],[159.8434,53.7838],[160.0234,53.1293],[159.5842,53.2369],[158.7454,52.9088],[158.4718,53.0321],[158.6086,52.8741],[158.4934,52.3828],[158.1046,51.8099],[156.7474,50.9697],[156.5206,51.3811],[156.3658,52.5095],[156.1102,52.8654],[155.563,55.1986],[155.7178,56.0718],[156.0238,56.7523],[156.8482,57.2905],[156.9778,57.4658],[156.7906,57.7488],[156.8734,57.8043],[157.4494,57.7991],[157.6654,58.0196],[158.2738,58.0092],[159.2098,58.5196],[159.847,59.1272],[161.755,60.1531],[162.0682,60.4656],[163.7098,60.917],[163.555,61.0264],[164.005,61.344],[163.8034,61.4621],[164.0194,61.7103],[164.2066,62.2919],[164.599,62.4707],[165.2075,62.3735],[165.3983,62.4933],[164.419,62.7051],[163.3318,62.5506],[163.0186,61.8909],[163.0078,61.7919],[163.2562,61.6999],[163.087,61.5697],[162.8566,61.7051],[162.3922,61.6617],[160.765,60.7538],[160.1746,60.6392],[160.3798,61.0246],[159.7894,60.9569],[159.9478,61.1288],[159.883,61.292],[160.2466,61.6478],[160.3078,61.8944],[159.5518,61.719],[159.1882,61.9291],[157.0858,61.6756],[156.679,61.4812],[156.6286,61.2729],[155.7178,60.6826],[154.9725,60.3771],[154.2921,59.8337],[154.1481,59.5282],[154.9725,59.4501],[155.167,59.3598],[155.1598,59.1897],[154.4577,59.2157],[154.0113,59.0751],[153.3597,59.214],[152.8161,58.9258],[152.3193,59.03],[152.0889,58.9102],[151.3257,58.8754],[151.1205,59.082],[152.2617,59.2244],[151.3473,59.5612],[150.4833,59.4952],[150.6669,59.556],[149.6409,59.7712],[149.0649,59.6306],[149.2053,59.4883],[148.7985,59.5317],[148.7445,59.3737],[148.9641,59.3685],[148.7265,59.2574],[148.2585,59.4136],[147.5133,59.2678],[146.5377,59.457],[146.0481,59.1706],[145.5549,59.4136],[143.87,59.4119],[142.3292,59.1532],[141.602,58.6498],[140.792,58.3043],[140.4464,57.813],[138.6608,56.9658],[137.6924,56.1395],[135.5396,55.1135],[135.212,54.841],[135.2588,54.7316],[135.8528,54.584],[136.796,54.6205],[136.6844,53.9313],[136.8032,53.782],[137.156,53.8219],[137.2568,54.0251],[137.1416,54.183],[137.6672,54.2837],[137.3396,54.0997],[137.8364,53.9469],[137.2532,53.5459],[137.9516,53.6032],[138.5276,53.9591],[138.5708,53.8185],[138.2504,53.5233],[138.452,53.5372],[138.7004,53.8706],[138.6572,54.2976],[139.3196,54.1934],[139.7084,54.2768],[140.18,54.0511],[140.6876,53.5963],[141.3752,53.2925],[141.4004,53.1848],[141.1808,53.0147],[140.8388,53.0876],[141.2564,52.8394],[141.134,52.4349],[141.4868,52.1779],[141.368,51.921],[140.9324,51.6207],[140.522,50.7996],[140.4752,50.5461],[140.6228,50.0826],[140.4644,49.9107],[140.5184,49.5965],[140.324,49.1208],[140.378,48.9646],[140.1116,48.423],[139.3736,47.8865],[138.5852,47.0567],[138.3368,46.5429],[137.6852,45.819],[135.8744,44.3729],[135.1328,43.5257],[134.0095,42.9476],[133.1599,42.6976],[132.3031,42.8834],[132.3103,43.3139],[131.8675,43.0952],[131.9395,43.3018],[131.1583,42.6265],[130.7083,42.656],[130.8343,42.5223],[130.6867,42.3018]]],[[[67.7653,76.2372],[61.3572,75.3154],[60.2772,75.0081],[60.5004,74.904],[59.748,74.746],[59.6724,74.6106],[59.2404,74.6922],[59.0388,74.4856],[58.5348,74.4995],[58.6176,74.2269],[57.768,74.0134],[57.8724,73.8502],[57.7572,73.7686],[57.3144,73.8381],[57.5412,73.6575],[56.634,73.3051],[55.0068,73.4544],[54.3011,73.3502],[54.1319,73.4804],[54.2039,73.5412],[53.7611,73.7669],[54.6431,73.9596],[55.3416,74.4196],[56.1372,74.496],[55.5828,74.6279],[56.4972,74.9578],[55.8096,75.1244],[56.5692,75.0984],[56.8752,75.2442],[56.8428,75.3519],[57.606,75.3414],[58.0596,75.6626],[58.8804,75.8553],[60.2808,76.0966],[60.9432,76.0706],[61.2024,76.2824],[62.97,76.2372],[64.464,76.3778],[67.5349,77.008],[68.4853,76.9334],[68.9425,76.7077],[68.8993,76.5723],[67.7653,76.2372]]],[[[142.7612,54.3931],[142.9772,54.1414],[142.9196,53.7942],[143.3264,52.9626],[143.1896,51.9453],[143.456,51.4714],[143.816,50.2822],[144.3416,49.1799],[144.6872,48.8709],[144.7124,48.64],[144.05,49.2493],[143.1032,49.199],[142.574,48.0723],[142.556,47.7373],[143.2184,46.7946],[143.4848,46.7512],[143.582,46.3606],[143.4308,46.029],[143.2832,46.5585],[142.5776,46.7009],[142.0772,45.9162],[141.8288,46.4509],[142.0376,47.1401],[141.9656,47.588],[142.1816,48.0133],[141.8648,48.7493],[142.142,49.5687],[142.0664,50.6312],[142.2068,51.2231],[141.7208,51.737],[141.8072,51.7891],[141.6668,51.9332],[141.6596,52.2734],[141.854,52.7942],[141.8252,53.3393],[142.142,53.4956],[142.5272,53.447],[142.7072,53.8949],[142.3364,54.2802],[142.7612,54.3931]]],[[[140.0504,75.8293],[140.8172,75.6314],[140.9432,75.7008],[140.9864,75.9647],[141.4868,76.1365],[142.6712,75.864],[143.6864,75.864],[145.3605,75.5307],[144.7268,75.3657],[144.8852,75.2685],[144.0212,75.0446],[143.1716,75.1175],[142.8188,75.2685],[142.7,75.4491],[142.9844,75.6331],[142.9412,75.7129],[142.3076,75.6921],[142.088,75.6609],[142.1996,75.3935],[143.1284,74.9699],[142.4732,74.8206],[141.9872,74.9908],[140.2664,74.8467],[139.6796,74.9647],[139.1,74.6557],[138.092,74.7981],[136.9472,75.3258],[137.2892,75.3484],[137.2676,75.7494],[137.7068,75.7598],[137.5592,75.956],[138.2072,76.1157],[138.92,76.1973],[140.0504,75.8293]]],[[[97.6744,80.1589],[98.0164,80.0234],[97.6276,79.8498],[97.6528,79.7613],[98.3548,79.8846],[98.596,80.053],[99.946,79.8498],[100.0612,79.7769],[99.7804,79.6276],[99.6796,79.3238],[99.0424,79.2926],[99.8164,79.0964],[99.928,78.961],[99.4384,78.8343],[97.5556,78.8273],[96.8068,78.9853],[94.7907,79.086],[94.2183,79.402],[93.0699,79.4957],[94.9887,80.0964],[97.6744,80.1589]]],[[[96.526,81.0755],[97.8328,80.7977],[97.858,80.6987],[97.1128,80.6137],[97.0264,80.5356],[97.4188,80.3238],[97.174,80.2404],[93.8727,80.0096],[91.5255,80.3585],[92.8251,80.6189],[93.2607,80.7908],[92.6091,80.8099],[93.3579,81.0321],[94.8375,81.1397],[95.158,81.2716],[95.8024,81.2803],[96.526,81.0755]]],[[[55.32,73.3086],[56.4288,73.2009],[56.1876,73.0326],[56.1228,72.8069],[55.7232,72.7669],[55.4028,72.5482],[55.3596,72.4093],[55.518,72.2201],[55.2984,71.9354],[56.454,71.1073],[57.624,70.7289],[57.1452,70.5883],[56.2596,70.715],[56.562,70.5935],[56.436,70.5622],[53.7215,70.8139],[53.3831,70.873],[53.6135,70.9146],[53.6711,71.0865],[54.1571,71.1247],[53.4083,71.34],[53.3183,71.399],[53.4119,71.5309],[51.8135,71.491],[51.4391,71.7774],[51.5831,72.0708],[52.2527,72.1298],[52.6235,72.3017],[52.9151,72.6697],[52.5515,72.7687],[53.3687,72.9162],[53.2463,72.9735],[53.2499,73.1836],[54.8051,73.3884],[55.32,73.3086]]],[[[102.8836,79.2544],[102.412,78.836],[102.952,79.0565],[103.8016,79.1485],[104.4532,78.8794],[105.1445,78.8187],[105.3425,78.5947],[104.7412,78.3395],[101.2024,78.192],[99.8452,77.9576],[99.2872,78.0375],[100.018,78.3395],[100.4176,78.7527],[100.954,78.7891],[100.864,78.9263],[101.0512,79.1225],[101.5912,79.3499],[102.25,79.2561],[102.1816,79.3742],[102.4048,79.4332],[103.0996,79.2995],[102.8836,79.2544]]],[[[50.2799,80.9279],[51.7019,80.6883],[48.8975,80.3689],[48.6779,80.2995],[48.9587,80.2665],[48.9767,80.1623],[48.3863,80.0964],[47.7383,80.0825],[47.6339,80.112],[47.9759,80.2127],[46.9895,80.1832],[46.6439,80.3012],[47.8967,80.5286],[49.0883,80.5165],[49.2431,80.822],[50.2799,80.9279]]],[[[146.7969,75.371],[148.4313,75.4144],[148.5897,75.2355],[150.8217,75.1557],[150.5805,74.9196],[149.0505,74.772],[148.0929,74.8258],[146.1489,75.1991],[146.4369,75.5584],[146.7501,75.5098],[146.7969,75.371]]],[[[33.5937,46.0967],[33.8061,46.2078],[34.6881,45.9769],[35.4586,45.3155],[36.1714,45.4527],[36.5746,45.3936],[36.3946,45.0655],[35.473,45.0985],[35.0878,44.8034],[34.7169,44.8069],[34.0761,44.4232],[33.7557,44.3989],[33.4497,44.5534],[33.6117,44.9076],[33.5541,45.0968],[32.5065,45.4041],[33.6657,45.9474],[33.5937,46.0967]]],[[[142.1852,73.8954],[143.3444,73.569],[143.492,73.2461],[139.6868,73.4249],[140.3816,73.4822],[141.0836,73.8658],[142.1852,73.8954]]],[[[47.4431,80.8533],[48.4475,80.8064],[48.6851,80.6328],[47.7059,80.7647],[46.1399,80.447],[45.9707,80.5703],[44.905,80.6119],[47.4431,80.8533]]],[[[54.7187,81.1154],[56.472,80.9991],[57.6924,80.7925],[55.8852,80.6276],[54.0671,80.8133],[54.7187,81.1154]]],[[[20.9576,55.2784],[20.594,54.9816],[21.188,54.9347],[21.2348,55.2646],[21.3896,55.275],[22.0736,55.0632],[22.5668,55.0597],[22.826,54.8705],[22.6856,54.5632],[22.7648,54.3566],[19.604,54.4591],[19.8596,54.6344],[19.9748,54.9208],[20.522,54.9955],[20.9576,55.2784]]],[[[57.8112,81.5459],[58.5636,81.4192],[57.858,81.3688],[58.0164,81.2543],[57.4512,81.1362],[56.8212,81.2386],[55.716,81.1883],[55.4676,81.3116],[56.1552,81.3029],[57.0912,81.5407],[57.8112,81.5459]]],[[[62.1672,80.8342],[62.2284,80.7942],[62.0772,80.6172],[61.0512,80.4193],[60.2772,80.4939],[59.6508,80.4314],[59.2872,80.572],[59.388,80.7126],[59.7156,80.8359],[62.1672,80.8342]]],[[[63.3732,80.7005],[62.52,80.822],[63.114,80.9661],[64.0968,80.9991],[64.3092,81.1744],[64.5756,81.1987],[65.1733,81.1449],[65.3821,81.0564],[65.4361,80.9314],[64.5468,80.756],[63.3732,80.7005]]],[[[92.6847,79.6849],[92.1519,79.6849],[91.3779,79.836],[91.0719,79.9818],[92.1735,80.046],[93.8043,79.9054],[92.6847,79.6849]]],[[[57.9552,80.1224],[57.3324,80.1589],[57.1848,80.3967],[57.012,80.4679],[58.4808,80.4644],[59.2548,80.3429],[58.398,80.3186],[58.2828,80.2977],[58.254,80.2023],[57.9552,80.1224]]],[[[50.2655,69.1856],[50.2835,69.0884],[50.2223,69.0484],[50.0927,69.1248],[49.6247,68.8592],[48.9119,68.7429],[48.6671,68.7325],[48.4403,68.8054],[48.2783,69.0397],[48.3215,69.2689],[48.4151,69.3453],[48.9551,69.5085],[49.2251,69.5119],[50.2655,69.1856]]],[[[60.45,69.9355],[60.4392,69.7255],[59.6364,69.7203],[59.5032,69.8661],[58.9524,69.8921],[58.6788,70.0518],[58.4736,70.2671],[58.794,70.4338],[59.0496,70.4598],[60.45,69.9355]]],[[[148.6005,45.3173],[148.2621,45.2166],[147.9129,44.9909],[147.6573,44.977],[147.2073,44.5534],[146.8977,44.4041],[146.9733,44.5656],[147.1425,44.6628],[147.1533,44.7669],[147.2469,44.8555],[147.8841,45.2253],[147.9237,45.3832],[148.0569,45.2617],[148.3233,45.2825],[148.6113,45.4839],[148.8129,45.51],[148.8381,45.3624],[148.6005,45.3173]]],[[[113.3885,74.4005],[113.2589,74.2721],[112.7837,74.095],[112.1033,74.1627],[111.5021,74.3537],[111.8801,74.3641],[112.0853,74.5498],[113.3885,74.4005]]],[[[58.6212,81.0425],[58.902,80.8984],[58.9308,80.8324],[58.8588,80.7786],[58.6428,80.7682],[57.9372,80.7925],[57.75,80.8897],[57.4044,80.9157],[57.21,81.0164],[57.6564,81.0321],[58.0488,81.1189],[58.6212,81.0425]]],[[[70.6741,73.0951],[70.0405,73.0378],[69.9217,73.0846],[70.0189,73.2235],[69.9973,73.3589],[70.3501,73.477],[71.0233,73.5047],[71.2321,73.4475],[71.6317,73.2253],[71.6245,73.1732],[70.6741,73.0951]]],[[[63.6504,81.6101],[62.8836,81.6084],[62.106,81.6796],[62.7936,81.7195],[63.7836,81.6501],[63.6504,81.6101]]],[[[91.5687,81.1414],[91.2231,81.0633],[89.9775,81.1137],[89.9019,81.1709],[90.0711,81.2143],[91.1079,81.1987],[91.5687,81.1414]]],[[[53.5199,80.1849],[52.6343,80.1797],[52.2131,80.263],[52.6811,80.3186],[52.8539,80.4019],[53.1851,80.4123],[53.8511,80.2682],[53.5199,80.1849]]],[[[169.1999,69.5796],[168.9155,69.571],[168.3467,69.6647],[167.7887,69.8366],[168.0587,69.9755],[168.3575,70.0154],[169.4195,69.8557],[169.4195,69.7793],[169.3331,69.7689],[169.1999,69.5796]]],[[[76.2506,79.6519],[77.5898,79.5026],[76.6502,79.494],[76.6358,79.5443],[76.1534,79.579],[76.0526,79.645],[76.2506,79.6519]]],[[[61.1412,80.9505],[60.828,80.9296],[60.0576,80.9852],[60.5868,81.0876],[61.458,81.1032],[61.566,81.0512],[61.1412,80.9505]]],[[[58.2972,81.716],[57.9084,81.7213],[57.984,81.7976],[58.1352,81.8271],[59.4096,81.8254],[59.3556,81.7594],[58.2972,81.716]]],[[[77.633,72.2913],[76.8698,72.3173],[76.9022,72.3659],[77.579,72.6315],[78.2774,72.5534],[78.3638,72.4822],[77.633,72.2913]]],[[[80.027,80.848],[79.0982,80.8116],[78.9794,80.848],[79.217,80.9609],[79.8074,80.9748],[80.4266,80.9279],[80.3438,80.8671],[80.027,80.848]]],[[[57.0804,80.3515],[57.1236,80.3168],[57.12,80.1936],[57.0804,80.0946],[56.9868,80.0721],[55.7232,80.105],[56.0112,80.204],[55.9896,80.3203],[56.0256,80.3411],[57.0804,80.3515]]],[[[51.4103,79.9436],[51.4319,79.921],[50.4527,79.9245],[50.0927,79.98],[50.9351,80.0946],[51.2555,80.0495],[51.2411,79.9905],[51.4103,79.9436]]],[[[96.5332,76.2789],[96.6124,76.2633],[96.5908,76.2216],[96.3496,76.2129],[96.2992,76.1209],[95.3128,76.2147],[95.3812,76.2893],[95.5936,76.2494],[95.788,76.2945],[96.5332,76.2789]]],[[[96.2848,77.0271],[95.8564,76.975],[95.68,77.0219],[95.2696,77.0184],[96.5296,77.2059],[96.562,77.1538],[96.2848,77.0271]]],[[[107.6969,78.1312],[107.4809,78.0583],[107.3441,78.0982],[106.4153,78.1399],[107.5097,78.1902],[107.6969,78.1312]]],[[[163.6342,58.6029],[163.4722,58.5092],[163.4326,58.5456],[163.429,58.5786],[163.5766,58.6411],[163.7278,58.7991],[163.7854,58.9293],[163.7602,59.0143],[164.203,59.0959],[164.5738,59.2209],[164.6602,58.9709],[164.617,58.8859],[164.2786,58.8373],[163.6342,58.6029]]],[[[146.2065,44.4979],[146.3577,44.425],[146.5665,44.4406],[146.5161,44.3746],[146.4369,44.3763],[146.2965,44.2809],[146.1129,44.2461],[145.9149,44.1038],[145.7673,43.9406],[145.5873,43.8451],[145.5549,43.6646],[145.4397,43.7375],[145.4253,43.8104],[145.4613,43.8712],[145.7493,44.0708],[146.1129,44.4996],[146.2065,44.4979]]],[[[149.6877,45.6419],[149.4465,45.5933],[149.6661,45.8398],[149.7957,45.8763],[149.9613,46.0221],[150.3105,46.2009],[150.5517,46.2078],[150.2349,46.0117],[150.1953,45.9335],[149.8821,45.7825],[149.6877,45.6419]]],[[[149.1513,76.6591],[148.3989,76.6487],[148.7193,76.7459],[149.4069,76.7823],[149.2701,76.7476],[149.1513,76.6591]]],[[[141.0116,73.9995],[140.4104,73.9214],[140.1836,74.0047],[140.1008,74.1835],[140.2988,74.2564],[140.9432,74.2651],[141.0368,74.2426],[141.098,74.1679],[141.0116,73.9995]]],[[[59.6904,79.9557],[59.3304,79.9228],[58.92,79.9853],[58.9452,80.0425],[59.5428,80.1189],[59.802,80.0825],[59.91,79.9939],[59.6904,79.9557]]],[[[137.9408,55.0927],[138.0308,55.0528],[138.1712,55.0597],[138.2072,55.0337],[138.0956,54.9903],[137.9588,54.7889],[137.7212,54.6639],[137.66,54.6535],[137.462,54.874],[137.2316,54.7906],[137.2748,54.8913],[137.3828,55.0007],[137.4368,55.0163],[137.5772,55.1969],[137.9408,55.0927]]],[[[52.9043,71.3643],[53.0735,71.2375],[53.1923,71.215],[53.2067,71.1594],[53.0483,71.0309],[53.1203,70.9823],[53.0231,70.9684],[52.9511,71.0535],[52.7891,71.1143],[52.7387,71.1802],[52.5479,71.2497],[52.4255,71.2393],[52.2887,71.2705],[52.2491,71.2844],[52.2383,71.3243],[52.2959,71.3573],[52.5119,71.3851],[52.7279,71.3556],[52.7315,71.4042],[52.9043,71.3643]]],[[[155.9194,50.3031],[155.7934,50.2024],[155.5162,50.1451],[155.3974,50.0409],[155.2426,50.0947],[155.2426,50.2128],[155.1958,50.2649],[155.2174,50.2979],[155.3254,50.2926],[155.4334,50.369],[155.6818,50.4003],[155.7718,50.4819],[155.8834,50.685],[156.0022,50.7562],[156.0958,50.7718],[156.1246,50.6711],[156.0994,50.56],[155.9194,50.3031]]],[[[79.5014,72.7218],[78.8822,72.7513],[78.6914,72.8034],[78.6338,72.8503],[78.6554,72.8919],[79.163,73.0951],[79.3574,73.0378],[79.541,72.918],[79.5374,72.7687],[79.5014,72.7218]]],[[[166.6511,54.8392],[166.6439,54.6934],[166.4639,54.8271],[166.3811,54.8375],[166.2299,54.9365],[166.1183,55.0302],[166.0679,55.1361],[165.9923,55.1899],[165.7511,55.2941],[165.9311,55.3514],[166.2767,55.3114],[166.2299,55.242],[166.2479,55.1656],[166.4027,55.0059],[166.6511,54.8392]]],[[[137.9588,71.5083],[137.7104,71.4233],[137.4584,71.484],[137.264,71.4563],[137.0804,71.5014],[137.0624,71.5292],[137.282,71.5795],[137.8184,71.5882],[137.9588,71.5083]]],[[[136.1984,73.9144],[136.1228,73.8849],[135.716,74.0603],[135.6332,74.121],[135.4028,74.2009],[135.3884,74.253],[135.6296,74.22],[136.0364,74.0898],[136.2596,73.9856],[136.1984,73.9144]]],[[[86.6547,74.9821],[86.7375,74.963],[87.0003,74.9925],[87.1227,74.9404],[86.9283,74.8311],[86.3919,74.8502],[86.2587,74.8936],[86.3307,74.9387],[86.6547,74.9821]]],[[[74.6593,72.8728],[74.1805,72.9753],[74.1013,73.0221],[74.1985,73.1089],[74.4073,73.1298],[74.7241,73.1089],[74.9617,73.0621],[74.7421,73.0326],[74.6485,72.9683],[74.6989,72.9076],[74.6593,72.8728]]],[[[83.5478,74.0724],[83.411,74.0394],[82.817,74.0915],[82.9034,74.1297],[83.1482,74.1523],[83.5118,74.1228],[83.6198,74.0898],[83.5478,74.0724]]],[[[59.3124,81.3046],[59.0964,81.2925],[58.6104,81.3376],[58.6356,81.3602],[59.0748,81.3984],[59.28,81.3654],[59.3736,81.3254],[59.3124,81.3046]]],[[[50.0531,80.0738],[49.9703,80.0599],[49.5563,80.1589],[49.8839,80.23],[50.2511,80.2196],[50.3195,80.1727],[50.0711,80.1102],[50.0531,80.0738]]],[[[161.467,68.9009],[161.4238,68.8991],[161.4598,68.9963],[161.1358,69.1109],[161.125,69.1977],[161.1646,69.3331],[161.0818,69.406],[161.1106,69.4703],[161.323,69.5415],[161.5066,69.6387],[161.6182,69.5918],[161.611,69.5015],[161.539,69.4373],[161.3734,69.413],[161.3518,69.3696],[161.395,69.1057],[161.5174,68.9703],[161.5066,68.9269],[161.467,68.9009]]],[[[82.1726,75.4196],[82.223,75.3501],[82.0502,75.3414],[81.9782,75.2477],[81.9062,75.2633],[81.8594,75.3171],[81.6974,75.2807],[81.4994,75.3675],[81.7118,75.4508],[81.8414,75.4074],[81.9278,75.4091],[81.9134,75.4977],[82.0214,75.5133],[82.1654,75.515],[82.1726,75.4196]]],[[[135.95,75.4091],[135.7448,75.3814],[135.4532,75.39],[135.4748,75.463],[135.5936,75.5758],[135.5612,75.6366],[135.5792,75.7095],[135.698,75.8449],[135.788,75.798],[135.9032,75.6938],[136.1696,75.6053],[135.9824,75.522],[135.9644,75.4855],[136.022,75.4387],[135.95,75.4091]]],[[[75.5054,73.4561],[75.3434,73.4318],[75.3758,73.477],[75.5702,73.5412],[75.9302,73.5742],[76.0526,73.5499],[75.8258,73.4596],[75.5054,73.4561]]],[[[106.2713,78.2058],[106.0229,78.2197],[106.0589,78.2649],[106.3505,78.2718],[106.4585,78.3395],[106.6421,78.336],[106.7213,78.2944],[106.7177,78.2649],[106.5053,78.2614],[106.2713,78.2058]]],[[[112.4777,76.6209],[112.6325,76.5532],[112.6613,76.5098],[112.5857,76.4837],[112.5749,76.4525],[112.5317,76.4507],[112.3949,76.4837],[112.2977,76.5375],[112.1537,76.5497],[111.9701,76.6261],[112.2797,76.6191],[112.3949,76.6434],[112.4777,76.6209]]],[[[76.7546,73.4457],[76.2362,73.477],[76.0814,73.5238],[76.139,73.5551],[76.2506,73.5551],[76.7546,73.4457]]],[[[70.0225,66.5017],[69.8461,66.4896],[69.6517,66.5659],[69.4681,66.7152],[69.5041,66.7517],[69.7993,66.7361],[70.0765,66.6961],[70.0585,66.5989],[70.1089,66.5694],[70.0225,66.5017]]],[[[168.0407,54.565],[168.0803,54.5129],[167.4899,54.7941],[167.4431,54.8566],[167.5115,54.8566],[167.5943,54.7976],[167.7095,54.7698],[167.8823,54.6899],[168.0407,54.565]]],[[[54.4163,80.4731],[54.2759,80.421],[53.8115,80.4765],[53.9015,80.5147],[53.9015,80.5425],[53.8583,80.5633],[53.8763,80.605],[54.4055,80.5408],[54.4379,80.4991],[54.4163,80.4731]]],[[[120.261,73.0898],[120.009,73.0447],[119.793,73.0447],[119.6418,73.1246],[119.7606,73.1558],[119.9658,73.168],[120.0774,73.1575],[120.261,73.0898]]],[[[152.0025,46.897],[151.8153,46.7877],[151.7541,46.7877],[151.7145,46.8519],[151.8657,46.8692],[152.1645,47.1106],[152.2329,47.1435],[152.2905,47.1418],[152.0025,46.897]]],[[[50.7551,81.0477],[50.5175,81.0459],[50.4131,81.0841],[50.3699,81.1223],[50.4635,81.1258],[50.5211,81.1588],[50.5931,81.1692],[50.7155,81.1709],[50.8775,81.1501],[50.9459,81.1084],[50.7875,81.072],[50.7551,81.0477]]],[[[89.5131,77.1885],[89.3007,77.1833],[89.1423,77.2267],[89.1999,77.2719],[89.2827,77.3014],[89.6175,77.3118],[89.6787,77.2806],[89.6643,77.2545],[89.5131,77.1885]]],[[[55.4784,80.2734],[55.194,80.2266],[55.05,80.2283],[54.9779,80.2561],[55.2408,80.3255],[55.4352,80.3029],[55.4784,80.2734]]],[[[84.7574,74.4596],[84.7106,74.4005],[84.4298,74.43],[84.3902,74.4543],[84.6782,74.5116],[84.8726,74.5151],[84.7574,74.4596]]],[[[137.1776,55.0996],[137.0552,54.926],[136.9688,54.9243],[136.904,54.9608],[136.7636,54.9469],[136.7132,54.9556],[136.796,55.0094],[136.994,55.0927],[137.0768,55.091],[137.156,55.1083],[137.1776,55.0996]]],[[[107.4161,77.2424],[107.3009,77.2424],[107.2685,77.2892],[107.3657,77.3465],[107.4881,77.3465],[107.6285,77.3205],[107.6645,77.2997],[107.6789,77.2684],[107.4161,77.2424]]],[[[100.1368,79.6137],[99.9172,79.6016],[99.9568,79.6901],[100.0684,79.7005],[100.1404,79.6832],[100.2988,79.671],[100.1368,79.6137]]],[[[154.8105,49.3118],[154.7133,49.2684],[154.6125,49.2944],[154.6125,49.3812],[154.8249,49.6469],[154.9005,49.6312],[154.8825,49.567],[154.8033,49.468],[154.8285,49.3483],[154.8105,49.3118]]],[[[82.709,74.0915],[82.6118,74.0568],[82.3814,74.0985],[82.331,74.1314],[82.3814,74.1488],[82.5254,74.161],[82.6118,74.1488],[82.709,74.0915]]],[[[35.815,65.1823],[35.8474,65.1424],[35.8582,65.0782],[35.8258,65.0365],[35.8438,65.0018],[35.779,64.9775],[35.6818,65.0574],[35.6206,65.0591],[35.5594,65.0938],[35.5306,65.1511],[35.5846,65.1667],[35.6098,65.1563],[35.7286,65.198],[35.815,65.1823]]],[[[152.8845,76.1209],[152.7873,76.0862],[152.5569,76.1435],[152.6433,76.1747],[152.7981,76.1956],[152.8341,76.1851],[152.8629,76.1626],[152.8845,76.1209]]],[[[156.4054,50.6572],[156.3658,50.6346],[156.3262,50.6398],[156.1966,50.7023],[156.1678,50.7319],[156.2146,50.7839],[156.3766,50.8621],[156.4558,50.8603],[156.4882,50.843],[156.4846,50.751],[156.4054,50.6572]]],[[[124.5414,73.8502],[124.4802,73.8485],[124.365,73.8745],[124.3362,73.911],[124.3362,73.9283],[124.4298,73.9422],[124.5486,73.9335],[124.653,73.8884],[124.5414,73.8502]]],[[[67.3441,69.5293],[67.2649,69.4425],[67.0993,69.4477],[67.0273,69.4824],[67.2145,69.5762],[67.3297,69.5727],[67.3441,69.5293]]],[[[96.8536,76.199],[96.7996,76.1886],[96.7528,76.1956],[96.7384,76.2077],[96.742,76.2581],[96.832,76.324],[96.8356,76.3449],[96.8788,76.3553],[96.9904,76.3431],[97.0516,76.3032],[96.976,76.2372],[96.8536,76.199]]],[[[146.7141,43.7444],[146.6817,43.7167],[146.6097,43.741],[146.6205,43.8121],[146.8257,43.8608],[146.8833,43.8295],[146.8977,43.8035],[146.7141,43.7444]]],[[[160.7182,70.8226],[160.6498,70.8053],[160.5058,70.8192],[160.4374,70.8504],[160.441,70.9233],[160.4482,70.9337],[160.567,70.9233],[160.6462,70.8834],[160.7182,70.8226]]],[[[97.588,76.6],[97.534,76.5844],[97.4296,76.5914],[97.3432,76.6296],[97.3108,76.6903],[97.3828,76.7059],[97.588,76.6]]],[[[66.5593,70.5414],[66.5701,70.5015],[66.5161,70.5154],[66.4477,70.5605],[66.4081,70.616],[66.3937,70.7271],[66.4405,70.7723],[66.4621,70.7688],[66.4585,70.6994],[66.5593,70.5414]]],[[[150.5913,59.0195],[150.5121,59.0074],[150.4725,59.0352],[150.4689,59.0543],[150.5913,59.0977],[150.6669,59.1602],[150.7137,59.122],[150.7281,59.0959],[150.5913,59.0195]]],[[[42.7126,66.7014],[42.6766,66.6875],[42.4786,66.7343],[42.4606,66.7708],[42.4678,66.7847],[42.547,66.7951],[42.6298,66.7829],[42.691,66.7361],[42.7126,66.7014]]],[[[154.0797,48.791],[154.0437,48.7389],[154.0005,48.7563],[153.9933,48.7719],[154.0905,48.8327],[154.1265,48.9038],[154.1985,48.9056],[154.2273,48.8917],[154.2057,48.857],[154.0797,48.791]]],[[[155.6458,50.8221],[155.5522,50.81],[155.5126,50.8378],[155.4838,50.869],[155.4658,50.9141],[155.5702,50.935],[155.6386,50.9107],[155.653,50.8447],[155.6458,50.8221]]],[[[47.9831,45.4874],[47.9687,45.47],[47.9219,45.562],[47.9183,45.6176],[47.9471,45.6471],[47.9867,45.5534],[47.9831,45.4874]]],[[[153.1005,47.7633],[153.0537,47.706],[153.0033,47.7129],[152.9853,47.7286],[153.0501,47.7963],[153.0789,47.8084],[153.1005,47.7633]]],[[[146.3577,43.6247],[146.3325,43.6194],[146.2893,43.6247],[146.2749,43.6299],[146.2821,43.6385],[146.3109,43.6524],[146.3505,43.6438],[146.3577,43.6247]]],[[[145.8825,43.4597],[145.8969,43.4545],[145.9329,43.4563],[145.9401,43.4458],[145.9437,43.4268],[145.8933,43.4198],[145.8825,43.4441],[145.8681,43.4511],[145.8681,43.458],[145.8825,43.4597]]],[[[146.0445,43.4094],[146.0337,43.4077],[146.0265,43.4198],[146.0481,43.4337],[146.0877,43.4493],[146.1021,43.4406],[146.0877,43.4285],[146.0445,43.4094]]]]}},{"type":"Feature","properties":{"iso":"646","name":"르완다","en":"Rwanda"},"geometry":{"type":"Polygon","coordinates":[[[29.5761,-1.3882],[29.8245,-1.3361],[29.9289,-1.4698],[30.1017,-1.3691],[30.3609,-1.074],[30.5085,-1.067],[30.5085,-1.2076],[30.8109,-1.5635],[30.8757,-2.1433],[30.8289,-2.3378],[30.5553,-2.4003],[30.4077,-2.3135],[30.1161,-2.4159],[29.9289,-2.3395],[29.8677,-2.7162],[29.6985,-2.7943],[29.3889,-2.8082],[29.2953,-2.6728],[29.1009,-2.5964],[29.0145,-2.7197],[28.9209,-2.6815],[28.8561,-2.4471],[29.1333,-2.1954],[29.1441,-1.8152],[29.3529,-1.5184],[29.5761,-1.3882]]]}},{"type":"Feature","properties":{"iso":"728","name":"남수단","en":"S. Sudan"},"geometry":{"type":"Polygon","coordinates":[[[33.9753,4.2209],[33.4893,3.7556],[32.9961,3.8806],[32.3373,3.707],[32.1357,3.5195],[31.7973,3.8025],[31.5489,3.6775],[31.1529,3.7851],[30.8397,3.49],[29.5509,4.6358],[29.2233,4.3927],[28.7265,4.5056],[28.4277,4.325],[28.0785,4.424],[27.4377,5.0385],[27.1425,5.7225],[26.5125,6.0697],[26.3073,6.4551],[26.3613,6.6356],[25.2777,7.4272],[25.2021,7.8074],[24.8528,8.1373],[24.2084,8.3699],[24.1472,8.665],[24.5324,8.8872],[25.0221,10.2361],[25.8573,10.4062],[25.9185,10.1701],[26.5521,9.5261],[27.8805,9.6025],[28.0497,9.3282],[28.8453,9.3264],[28.9785,9.5938],[29.4717,9.7691],[29.6049,10.0642],[30.0045,10.2778],[30.7569,9.7309],[31.1529,9.7709],[32.4201,11.0885],[32.3445,11.6943],[32.0709,12.0068],[32.7369,12.0103],[32.7225,12.2238],[33.1977,12.2169],[33.0717,11.6058],[33.1293,10.7465],[33.9069,10.1823],[33.8709,9.507],[34.0797,9.4618],[34.1013,8.6772],[33.9537,8.4428],[33.2805,8.4376],[32.9997,7.8994],[33.9033,7.5088],[34.7097,6.6599],[34.9833,5.8579],[35.2678,5.4916],[33.9753,4.2209]]]}},{"type":"Feature","properties":{"iso":"654","name":"세인트헬레나","en":"Saint Helena"},"geometry":{"type":"MultiPolygon","coordinates":[[[[-5.6935,-15.9984],[-5.7835,-16.0036],[-5.7763,-15.9567],[-5.7079,-15.9064],[-5.6611,-15.9133],[-5.6611,-15.9706],[-5.6935,-15.9984]]],[[[-14.3659,-7.9746],[-14.3983,-7.9763],[-14.4091,-7.9676],[-14.4163,-7.9433],[-14.3839,-7.8826],[-14.3587,-7.886],[-14.3011,-7.9346],[-14.3155,-7.9555],[-14.3659,-7.9746]]]]}},{"type":"Feature","properties":{"iso":"662","name":"세인트루시아","en":"Saint Lucia"},"geometry":{"type":"Polygon","coordinates":[[[-60.8964,13.8227],[-60.9504,13.7168],[-61.062,13.7828],[-61.0728,13.8661],[-61.062,13.9164],[-60.9972,14.0102],[-60.9432,14.0727],[-60.9072,14.0935],[-60.8856,14.0119],[-60.8964,13.8227]]]}},{"type":"Feature","properties":{"iso":"882","name":"사모아","en":"Samoa"},"geometry":{"type":"MultiPolygon","coordinates":[[[[-172.3319,-13.4656],[-172.2203,-13.5593],[-172.1771,-13.6843],[-172.2239,-13.8041],[-172.3319,-13.7746],[-172.4831,-13.8006],[-172.5371,-13.7919],[-172.6595,-13.6444],[-172.7423,-13.5784],[-172.7783,-13.5176],[-172.6703,-13.5246],[-172.5119,-13.4829],[-172.3319,-13.4656]]],[[[-171.4535,-14.0471],[-171.7271,-14.0471],[-171.9107,-14.002],[-172.0295,-13.9065],[-172.0475,-13.8579],[-171.9863,-13.8249],[-171.8567,-13.8075],[-171.6047,-13.8787],[-171.5651,-13.943],[-171.4607,-13.9777],[-171.4535,-14.0471]]]]}},{"type":"Feature","properties":{"iso":"674","name":"산마리노","en":"San Marino"},"geometry":{"type":"Polygon","coordinates":[[[12.4867,43.9007],[12.4255,43.8937],[12.3967,43.9354],[12.4399,43.9823],[12.5047,43.9892],[12.5155,43.9528],[12.4867,43.9007]]]}},{"type":"Feature","properties":{"iso":"678","name":"상투메 프린시페","en":"São Tomé and Principe"},"geometry":{"type":"MultiPolygon","coordinates":[[[[6.6583,0.1204],[6.5575,0.0475],[6.5215,0.0666],[6.4963,0.1169],[6.4675,0.228],[6.4783,0.2801],[6.5251,0.3409],[6.6259,0.3999],[6.6871,0.4051],[6.7483,0.3253],[6.7483,0.2437],[6.6583,0.1204]]],[[[7.4251,1.5682],[7.3855,1.5422],[7.3423,1.563],[7.3315,1.603],[7.3891,1.6793],[7.4143,1.6984],[7.4359,1.6828],[7.4503,1.662],[7.4539,1.6307],[7.4251,1.5682]]]]}},{"type":"Feature","properties":{"iso":"682","name":"사우디아라비아","en":"Saudi Arabia"},"geometry":{"type":"MultiPolygon","coordinates":[[[[51.9791,18.996],[49.0415,18.5811],[48.1739,18.1575],[47.5799,17.4492],[47.4431,17.1124],[47.1443,16.9475],[46.9751,16.9527],[46.7267,17.2652],[45.5351,17.3016],[45.1463,17.4266],[43.9186,17.3242],[43.4182,17.5169],[43.1914,17.3589],[43.1662,16.6888],[42.799,16.3711],[42.295,17.4353],[41.7514,17.8849],[41.2294,18.6783],[40.7578,19.7546],[40.081,20.2667],[39.7282,20.39],[39.2746,20.9733],[38.9866,21.8812],[39.0622,22.593],[38.4646,23.7127],[37.921,24.1849],[37.543,24.2908],[37.1794,24.8203],[37.2658,24.9609],[37.1506,25.2907],[35.1814,28.0353],[34.6233,28.0649],[34.9509,29.353],[36.067,29.2002],[36.7546,29.8668],[37.471,29.9953],[37.633,30.313],[37.9786,30.5005],[36.9598,31.4917],[39.145,32.1254],[40.369,31.9396],[42.0754,31.0803],[44.689,29.2019],[47.4323,28.9901],[47.6699,28.5336],[48.4439,28.5423],[48.7967,27.7246],[49.2359,27.492],[49.4051,27.1812],[50.1503,26.6622],[50.0099,26.6778],[50.2151,26.308],[50.1539,26.0997],[50.0315,26.1101],[50.5571,25.0859],[50.9279,24.5946],[51.4103,24.5703],[51.3095,24.3411],[51.5687,24.2856],[51.5939,24.079],[52.5551,22.9332],[55.104,22.6208],[55.1868,22.7041],[55.6404,22.001],[54.9779,19.9959],[51.9791,18.996]]],[[[36.9022,25.3827],[36.877,25.3827],[36.7222,25.5338],[36.5314,25.6015],[36.5026,25.6449],[36.535,25.6883],[36.553,25.6449],[36.589,25.6206],[36.7474,25.5581],[36.9562,25.414],[36.9022,25.3827]]],[[[41.989,16.7149],[42.0646,16.7097],[42.025,16.7583],[42.061,16.8034],[42.169,16.7079],[42.1582,16.5708],[42.0718,16.6715],[41.9638,16.6541],[41.899,16.6836],[41.8018,16.7791],[41.7766,16.8468],[41.8594,16.8937],[41.8846,16.9475],[41.8594,17.003],[41.917,16.9944],[41.9494,16.9371],[41.9638,16.7791],[41.9458,16.7496],[41.989,16.7149]]],[[[36.5962,25.7126],[36.5854,25.6987],[36.5422,25.7351],[36.5458,25.8115],[36.5818,25.8549],[36.5782,25.7959],[36.5962,25.7351],[36.5962,25.7126]]]]}},{"type":"Feature","properties":{"iso":"686","name":"세네갈","en":"Senegal"},"geometry":{"type":"Polygon","coordinates":[[[-12.2815,14.8087],[-12.2275,14.4581],[-12.0187,14.2063],[-12.0547,13.6335],[-11.8315,13.3158],[-11.6335,13.3696],[-11.3887,12.9425],[-11.3887,12.4044],[-12.2923,12.328],[-13.0627,12.4894],[-13.1383,12.6405],[-15.1976,12.6804],[-15.5756,12.4912],[-16.7132,12.354],[-16.76,12.5259],[-16.4432,12.6092],[-16.598,12.7151],[-16.7672,12.6283],[-16.7636,13.0641],[-16.6484,13.1543],[-15.8348,13.1561],[-15.8132,13.3245],[-15.2876,13.3956],[-15.1508,13.5571],[-14.2471,13.2359],[-13.8259,13.4078],[-13.9771,13.5432],[-14.4055,13.5033],[-15.1076,13.8123],[-15.428,13.7272],[-15.5108,13.5866],[-16.562,13.5866],[-16.7672,13.9043],[-16.6196,14.0397],[-16.7924,14.005],[-17.1668,14.6403],[-17.534,14.7549],[-17.1488,14.9216],[-16.8428,15.2948],[-16.238,16.5309],[-15.77,16.4857],[-14.9599,16.6784],[-14.3011,16.5795],[-13.8691,16.1489],[-13.5055,16.135],[-13.2067,15.6177],[-12.2815,14.8087]]]}},{"type":"Feature","properties":{"iso":"688","name":"세르비아","en":"Serbia"},"geometry":{"type":"Polygon","coordinates":[[[22.7036,44.2375],[22.4192,44.0066],[22.3688,43.7809],[22.556,43.4545],[22.9772,43.1872],[22.9412,43.0969],[22.466,42.8417],[22.5308,42.4806],[22.4228,42.3296],[21.5624,42.248],[21.7532,42.6699],[21.3896,42.7514],[20.7992,43.2618],[20.3456,42.8278],[19.2188,43.4493],[19.2548,43.5847],[19.496,43.642],[19.244,43.9649],[19.5824,44.043],[19.118,44.3607],[19.3484,44.8815],[18.9956,44.9041],[19.136,45.1957],[19.3988,45.2131],[19.0064,45.3989],[19.064,45.5152],[18.8408,45.8363],[19.532,46.1558],[20.2088,46.1262],[20.774,45.7495],[20.774,45.4839],[21.4904,45.1471],[21.3536,45.0083],[21.5336,44.9006],[21.3608,44.826],[22.0916,44.5413],[22.4984,44.7062],[22.6424,44.6506],[22.736,44.5708],[22.4948,44.4354],[22.7036,44.2375]]]}},{"type":"Feature","properties":{"iso":"690","name":"세이셸","en":"Seychelles"},"geometry":{"type":"Polygon","coordinates":[[[55.5396,-4.6935],[55.5432,-4.7855],[55.4964,-4.7543],[55.482,-4.6953],[55.4172,-4.6501],[55.3848,-4.6085],[55.4568,-4.5581],[55.5396,-4.6935]]]}},{"type":"Feature","properties":{"iso":"694","name":"시에라리온","en":"Sierra Leone"},"geometry":{"type":"MultiPolygon","coordinates":[[[[-10.2835,8.4845],[-10.3591,8.1876],[-10.5715,8.0713],[-10.6471,7.7588],[-11.2663,7.2328],[-11.5075,6.9064],[-11.9287,7.1842],[-12.4867,7.3856],[-12.4795,7.7536],[-12.6991,7.7154],[-12.8827,7.856],[-12.9583,8.146],[-13.1491,8.2154],[-13.2715,8.4289],[-13.0843,8.4255],[-12.8935,8.6303],[-13.1815,8.5765],[-13.2067,8.8438],[-13.0591,8.8803],[-13.2931,9.0487],[-13.0267,9.1042],[-12.4291,9.8976],[-11.2735,9.9965],[-10.6903,9.3143],[-10.7479,9.0955],[-10.6147,9.0591],[-10.4995,8.6876],[-10.7119,8.3352],[-10.5571,8.3161],[-10.2835,8.4845]]],[[[-12.5263,7.4359],[-12.5407,7.4099],[-12.6055,7.4741],[-12.9511,7.5713],[-12.8539,7.6217],[-12.6163,7.6373],[-12.5119,7.5818],[-12.5011,7.5349],[-12.5263,7.4359]]]]}},{"type":"Feature","properties":{"iso":"702","name":"싱가포르","en":"Singapore"},"geometry":{"type":"Polygon","coordinates":[[[103.9708,1.3321],[103.8196,1.2662],[103.6504,1.3252],[103.7044,1.4241],[103.8196,1.4467],[103.96,1.3929],[103.996,1.3651],[103.9708,1.3321]]]}},{"type":"Feature","properties":{"iso":"534","name":"신트마르턴","en":"Sint Maarten"},"geometry":{"type":"Polygon","coordinates":[[[-63.1248,18.069],[-63.0096,18.069],[-63.0132,18.0446],[-63.024,18.0186],[-63.0888,18.0412],[-63.1248,18.0637],[-63.1248,18.069]]]}},{"type":"Feature","properties":{"iso":"703","name":"슬로바키아","en":"Slovakia"},"geometry":{"type":"Polygon","coordinates":[[[22.538,49.0722],[22.1096,48.3935],[21.7208,48.3466],[21.4508,48.5514],[20.4896,48.5271],[20.3348,48.2962],[19.8992,48.1313],[19.6256,48.2233],[18.7904,48.0011],[18.7256,47.7876],[17.6348,47.8102],[17.0876,48.0393],[16.8644,48.3865],[17.1344,48.8413],[17.7572,48.8882],[18.596,49.4906],[19.1504,49.4003],[19.442,49.5982],[19.7732,49.3726],[19.802,49.192],[20.0576,49.1816],[20.3636,49.3847],[20.9468,49.317],[21.35,49.4281],[22.538,49.0722]]]}},{"type":"Feature","properties":{"iso":"705","name":"슬로베니아","en":"Slovenia"},"geometry":{"type":"Polygon","coordinates":[[[16.5152,46.4995],[16.3208,46.5342],[16.2272,46.3728],[15.6368,46.2009],[15.6512,45.8624],[15.2768,45.7322],[15.338,45.4666],[15.2408,45.4423],[14.7943,45.4787],[14.5675,45.6575],[14.3695,45.4822],[13.6135,45.477],[13.8763,45.6141],[13.5847,45.812],[13.5991,45.9804],[13.4875,45.9874],[13.6315,46.1766],[13.3795,46.2616],[13.6999,46.5203],[14.5495,46.4005],[14.8915,46.6054],[15.9572,46.6783],[16.094,46.864],[16.2848,46.8571],[16.5152,46.4995]]]}},{"type":"Feature","properties":{"iso":"090","name":"솔로몬 제도","en":"Solomon Is."},"geometry":{"type":"MultiPolygon","coordinates":[[[[159.8794,-8.5336],[159.6454,-8.3721],[158.9434,-8.0405],[158.5978,-7.7593],[158.5654,-7.6517],[158.4574,-7.544],[158.7346,-7.6048],[159.109,-7.9034],[159.433,-8.0284],[159.8434,-8.327],[159.793,-8.4068],[159.8794,-8.5336]]],[[[160.7506,-8.3148],[160.999,-8.6117],[160.945,-8.7992],[161.1574,-8.9624],[161.2582,-9.1915],[161.2582,-9.3165],[161.3662,-9.4901],[161.3662,-9.6116],[161.1898,-9.3929],[160.873,-9.1568],[160.7722,-8.9641],[160.6642,-8.6204],[160.7146,-8.5388],[160.5922,-8.3721],[160.5958,-8.3287],[160.7506,-8.3148]]],[[[159.7498,-9.2731],[159.9694,-9.4328],[160.3546,-9.4224],[160.6246,-9.5891],[160.6822,-9.6915],[160.7938,-9.7679],[160.819,-9.8633],[160.6498,-9.9293],[160.3222,-9.8217],[159.8542,-9.7922],[159.757,-9.7262],[159.6202,-9.5318],[159.6238,-9.3113],[159.7498,-9.2731]]],[[[161.7154,-10.3876],[161.8414,-10.4466],[161.9134,-10.4362],[162.0214,-10.4762],[162.1042,-10.4536],[162.2878,-10.7105],[162.2878,-10.7765],[162.3742,-10.8234],[162.1222,-10.8251],[161.7874,-10.7175],[161.539,-10.5664],[161.4886,-10.3616],[161.2942,-10.3269],[161.305,-10.2036],[161.4742,-10.2383],[161.7154,-10.3876]]],[[[157.4854,-7.3305],[157.5178,-7.3652],[157.4422,-7.426],[157.3378,-7.393],[157.3162,-7.3409],[157.1002,-7.3236],[156.9058,-7.1812],[156.697,-6.9104],[156.4954,-6.7611],[156.4558,-6.716],[156.4522,-6.6379],[156.481,-6.6083],[156.6034,-6.6413],[156.7654,-6.7646],[157.0318,-6.8913],[157.1038,-6.9573],[157.147,-7.1135],[157.1938,-7.1604],[157.3378,-7.2802],[157.4854,-7.3305]]],[[[157.7626,-8.2419],[157.8274,-8.3235],[157.8994,-8.5058],[157.885,-8.5683],[157.8346,-8.5735],[157.8202,-8.6117],[157.7482,-8.5231],[157.6546,-8.4988],[157.5862,-8.445],[157.5574,-8.2697],[157.3522,-8.2749],[157.3018,-8.3339],[157.2334,-8.3148],[157.219,-8.2627],[157.2298,-8.2124],[157.3234,-8.1621],[157.3414,-8.0961],[157.435,-7.985],[157.489,-7.9659],[157.6006,-8.0058],[157.6114,-8.1655],[157.651,-8.2176],[157.7626,-8.2419]]],[[[160.5778,-11.7973],[160.5058,-11.832],[160.4446,-11.8146],[160.3942,-11.7886],[160.3546,-11.7122],[160.2718,-11.6636],[160.1494,-11.6445],[160.0882,-11.5941],[160.0018,-11.5803],[159.9802,-11.5386],[159.9982,-11.4726],[160.0774,-11.4935],[160.4482,-11.6966],[160.5778,-11.7973]]],[[[161.5462,-9.6255],[161.5606,-9.7331],[161.5534,-9.7696],[161.4778,-9.6915],[161.4418,-9.7193],[161.4094,-9.6811],[161.4166,-9.5144],[161.3626,-9.353],[161.4058,-9.3686],[161.5462,-9.6255]]],[[[166.1327,-10.7574],[165.9671,-10.78],[165.9023,-10.8511],[165.8195,-10.8442],[165.7907,-10.7852],[165.7907,-10.7557],[165.8375,-10.7609],[165.8591,-10.7036],[165.9095,-10.6741],[166.0247,-10.6619],[166.1615,-10.6932],[166.1291,-10.7452],[166.1327,-10.7574]]],[[[156.6862,-7.9225],[156.6682,-7.9364],[156.6358,-7.8826],[156.6106,-7.8652],[156.6106,-7.8062],[156.5098,-7.7072],[156.5026,-7.6395],[156.5602,-7.5736],[156.6394,-7.6117],[156.7186,-7.6951],[156.8086,-7.7229],[156.7906,-7.7784],[156.7078,-7.8774],[156.6862,-7.9225]]],[[[160.1674,-8.9953],[160.2538,-9.0075],[160.4086,-9.1412],[160.3726,-9.1811],[160.3006,-9.1603],[160.2754,-9.1689],[160.2538,-9.1238],[160.1746,-9.0839],[160.1062,-9.0804],[160.0954,-9.0335],[160.1674,-8.9953]]],[[[157.3882,-8.7141],[157.3882,-8.728],[157.3342,-8.7002],[157.2118,-8.5648],[157.2334,-8.5197],[157.345,-8.4329],[157.381,-8.4207],[157.4098,-8.4745],[157.3846,-8.5544],[157.3486,-8.5752],[157.3306,-8.6499],[157.3882,-8.7141]]],[[[157.1722,-8.1082],[157.1506,-8.1239],[157.0426,-8.1169],[156.9598,-8.0145],[156.9598,-7.9381],[157.0246,-7.8687],[157.1038,-7.8548],[157.147,-7.8826],[157.1866,-7.9416],[157.201,-8.0162],[157.1902,-8.0822],[157.1722,-8.1082]]],[[[158.1082,-8.6846],[158.011,-8.7627],[157.939,-8.7367],[157.8778,-8.669],[157.9102,-8.5648],[157.939,-8.5613],[157.9678,-8.544],[158.0002,-8.5075],[158.1046,-8.537],[158.1334,-8.5561],[158.0686,-8.6065],[158.0902,-8.6221],[158.1046,-8.6464],[158.1082,-8.6846]]],[[[156.6034,-8.1707],[156.5926,-8.1968],[156.5386,-8.0735],[156.5422,-8.011],[156.553,-7.9711],[156.571,-7.9589],[156.6142,-8.0961],[156.6034,-8.1707]]],[[[159.1882,-9.1238],[159.0694,-9.1099],[159.037,-9.0752],[159.0766,-9.0249],[159.1306,-8.9936],[159.1522,-9.0006],[159.1774,-9.0214],[159.2278,-9.0301],[159.235,-9.0943],[159.1882,-9.1238]]],[[[157.6438,-8.7592],[157.6438,-8.794],[157.5862,-8.7836],[157.4566,-8.7297],[157.453,-8.7054],[157.525,-8.6968],[157.579,-8.7037],[157.6222,-8.7349],[157.6438,-8.7592]]],[[[155.8402,-7.0979],[155.7394,-7.1205],[155.6782,-7.0892],[155.7034,-7.0128],[155.7394,-6.9729],[155.8654,-7.0441],[155.8402,-7.0979]]],[[[166.9283,-11.6653],[166.8419,-11.6809],[166.8059,-11.6775],[166.7483,-11.5907],[166.7915,-11.5716],[166.8563,-11.5785],[166.8743,-11.6289],[166.9283,-11.6653]]],[[[159.6886,-8.5075],[159.6418,-8.5214],[159.5698,-8.485],[159.5374,-8.452],[159.5518,-8.3999],[159.595,-8.3791],[159.6418,-8.4138],[159.6454,-8.4502],[159.6886,-8.5075]]],[[[158.2018,-8.8217],[158.1802,-8.8252],[158.155,-8.7853],[158.209,-8.6777],[158.2522,-8.7974],[158.2018,-8.8217]]]]}},{"type":"Feature","properties":{"iso":"706","name":"소말리아","en":"Somalia"},"geometry":{"type":"Polygon","coordinates":[[[41.5318,-1.6954],[40.9774,-0.8708],[40.9774,2.8425],[42.025,4.1375],[42.7918,4.292],[43.1266,4.6444],[43.5838,4.8545],[44.941,4.9118],[47.9795,7.9967],[48.9371,9.4514],[48.9371,11.2586],[50.1107,11.5294],[50.7911,11.9843],[51.2555,11.8315],[51.0827,11.335],[51.1403,10.6562],[51.0323,10.4444],[51.1943,10.5538],[51.3851,10.3871],[50.9315,10.3351],[50.8235,9.4289],[49.8515,7.9619],[49.0487,6.1739],[47.9759,4.4969],[46.0499,2.4744],[44.3326,1.3912],[43.4686,0.6221],[41.9782,-0.9733],[41.5318,-1.6954]]]}},{"type":"Feature","properties":{"iso":"","name":"소말릴란드","en":"Somaliland"},"geometry":{"type":"Polygon","coordinates":[[[48.9371,11.2586],[48.9371,9.4514],[47.9795,7.9967],[46.9787,7.9967],[44.023,8.9862],[43.393,9.4809],[42.655,10.6007],[43.2454,11.4999],[43.8538,10.7847],[44.3866,10.4305],[44.9446,10.4375],[45.8159,10.835],[46.5647,10.7465],[47.4035,11.1735],[48.0191,11.1388],[48.5735,11.3211],[48.9371,11.2586]]]}},{"type":"Feature","properties":{"iso":"710","name":"남아프리카 공화국","en":"South Africa"},"geometry":{"type":"MultiPolygon","coordinates":[[[[29.3637,-22.1942],[29.6625,-22.1456],[31.2861,-22.4025],[31.5453,-23.4823],[31.9521,-24.3295],[31.9485,-25.9578],[31.4157,-25.746],[31.2069,-25.8433],[30.8037,-26.4127],[30.8073,-26.7859],[31.2753,-27.239],[31.7433,-27.3102],[31.9593,-27.3067],[31.9953,-26.8172],[32.8845,-26.8501],[32.3769,-28.4976],[31.3365,-29.3778],[30.2889,-30.9697],[27.8589,-33.0546],[26.6133,-33.7074],[25.8069,-33.7369],[25.5729,-34.0355],[25.0041,-33.973],[24.8276,-34.1691],[24.5972,-34.1743],[23.6972,-33.9921],[23.2688,-34.0806],[22.5524,-34.0094],[21.7892,-34.3722],[20.5292,-34.4625],[20.0216,-34.7854],[19.298,-34.6153],[19.3304,-34.492],[19.1,-34.3497],[18.83,-34.3636],[18.7508,-34.0823],[18.4988,-34.1101],[18.4628,-34.3462],[18.3332,-34.0736],[18.434,-33.7178],[17.8508,-32.8272],[17.966,-32.7092],[18.1244,-32.7491],[18.326,-32.5043],[18.2108,-31.7422],[17.3468,-30.4454],[16.9508,-29.4038],[16.4468,-28.6174],[16.7564,-28.4525],[16.8752,-28.1278],[17.0552,-28.0306],[17.3576,-28.2702],[17.4476,-28.699],[18.1028,-28.8708],[19.2476,-28.9021],[19.5392,-28.574],[19.982,-28.4507],[19.982,-24.7774],[20.432,-25.1471],[20.792,-25.9162],[20.8136,-26.1644],[20.6264,-26.4439],[20.684,-26.8224],[21.6956,-26.8415],[22.5992,-26.1332],[22.88,-25.4579],[23.0564,-25.312],[23.3876,-25.2912],[23.8952,-25.6002],[24.7484,-25.8172],[25.4433,-25.7148],[25.9113,-24.7478],[26.3973,-24.6142],[26.8365,-24.2409],[27.0849,-23.5778],[27.7581,-23.1976],[28.2117,-22.6941],[29.3637,-22.1942]],[[28.7373,-30.1017],[29.0973,-29.9194],[29.1405,-29.7007],[29.2953,-29.567],[29.3925,-29.2701],[29.3025,-29.0896],[28.6257,-28.5809],[27.7365,-28.9403],[27.3585,-29.4559],[27.0561,-29.626],[27.3873,-30.3152],[27.7545,-30.5999],[28.0569,-30.6312],[28.3917,-30.1468],[28.7373,-30.1017]]],[[[37.8562,-46.9444],[37.813,-46.9635],[37.6114,-46.9461],[37.5898,-46.9079],[37.6834,-46.8246],[37.7878,-46.8367],[37.8886,-46.901],[37.8562,-46.9444]]]]}},{"type":"Feature","properties":{"iso":"410","name":"대한민국","en":"South Korea"},"geometry":{"type":"MultiPolygon","coordinates":[[[[126.6331,37.7813],[127.0903,38.2847],[128.0407,38.309],[128.3755,38.6232],[129.4195,37.0591],[129.4051,36.0522],[129.5743,36.0505],[129.5635,35.9481],[129.2143,35.1825],[128.5123,35.1009],[128.4439,34.87],[128.0371,35.0228],[127.7131,34.9551],[127.7167,34.7207],[127.4035,34.8231],[127.4791,34.6252],[127.3243,34.4638],[127.1731,34.5454],[127.2487,34.7554],[126.8959,34.4395],[126.7555,34.5124],[126.5323,34.3145],[126.2659,34.6738],[126.5251,34.6981],[126.5935,34.8249],[126.4207,34.8231],[126.2911,35.1547],[126.6151,35.5713],[126.4891,35.6477],[126.7519,35.8717],[126.5395,36.1668],[126.4891,36.6945],[126.1615,36.7727],[126.4855,37.007],[126.8707,36.8247],[126.9751,36.9393],[126.7447,37.1928],[126.6331,37.7813]]],[[[126.3271,33.2243],[126.2803,33.2017],[126.2407,33.2156],[126.1651,33.3128],[126.2011,33.3683],[126.3379,33.4604],[126.7591,33.5524],[126.8995,33.5159],[126.9319,33.443],[126.8743,33.3406],[126.7087,33.2711],[126.5827,33.2381],[126.3271,33.2243]]],[[[128.7427,34.7988],[128.6455,34.7363],[128.5195,34.8196],[128.4907,34.8648],[128.5843,34.9325],[128.6671,35.0089],[128.7211,35.0141],[128.7427,34.7988]]],[[[126.2335,34.37],[126.1687,34.3544],[126.1327,34.3891],[126.1075,34.3995],[126.1219,34.4447],[126.2263,34.5332],[126.2479,34.5627],[126.3451,34.5454],[126.3811,34.4985],[126.3343,34.4256],[126.2335,34.37]]],[[[128.0659,34.8058],[128.0551,34.7085],[127.9831,34.7033],[127.9435,34.7658],[127.8967,34.7363],[127.8751,34.7346],[127.8391,34.8127],[127.8319,34.8752],[127.9147,34.9203],[127.9651,34.8926],[128.0371,34.8787],[128.0659,34.8058]]],[[[126.5215,37.7361],[126.5143,37.6042],[126.4603,37.6111],[126.4243,37.6233],[126.4063,37.6493],[126.3703,37.7726],[126.4099,37.8229],[126.4927,37.783],[126.5215,37.7361]]],[[[126.1723,34.7311],[126.1579,34.7068],[126.1147,34.7138],[126.0715,34.7832],[126.0535,34.837],[126.0067,34.8683],[126.0787,34.9151],[126.1687,34.8301],[126.1723,34.7311]]],[[[126.4171,36.4932],[126.4027,36.4272],[126.3379,36.4706],[126.3199,36.6129],[126.3883,36.5713],[126.4171,36.4932]]],[[[130.9171,37.4792],[130.8703,37.448],[130.8163,37.4792],[130.8091,37.5105],[130.8379,37.5365],[130.9027,37.5539],[130.9351,37.5295],[130.9171,37.4792]]],[[[126.7519,34.344],[126.7699,34.2971],[126.6907,34.3058],[126.6475,34.3509],[126.6511,34.3909],[126.7015,34.3961],[126.7519,34.344]]],[[[127.7995,34.6148],[127.7887,34.5836],[127.7383,34.6304],[127.7887,34.6825],[127.7995,34.6148]]]]}},{"type":"Feature","properties":{"iso":"724","name":"스페인","en":"Spain"},"geometry":{"type":"MultiPolygon","coordinates":[[[[-1.7946,43.4077],[-1.4094,43.2393],[-1.4274,43.0362],[-1.3014,43.1004],[-0.0414,42.689],[0.6318,42.689],[0.6966,42.8452],[1.3482,42.6907],[1.449,42.4372],[1.7046,42.5032],[1.9854,42.3591],[2.6514,42.34],[3.213,42.4303],[3.3066,42.2897],[3.1662,42.2567],[3.249,41.9442],[2.0826,41.288],[1.0314,41.0623],[0.7146,40.8227],[0.891,40.7221],[0.5958,40.6144],[-0.3258,39.519],[-0.2034,39.0624],[0.1998,38.7586],[-0.5202,38.3177],[-0.8154,37.7691],[-0.7218,37.6302],[-1.3266,37.5608],[-1.6398,37.3872],[-2.1114,36.7761],[-4.3686,36.7188],[-4.6746,36.507],[-5.1715,36.4237],[-5.3623,36.1355],[-5.6251,36.0262],[-6.0391,36.1876],[-6.3847,36.6372],[-6.2155,36.9133],[-6.3955,36.8317],[-6.8635,37.2796],[-7.4071,37.1789],[-7.4431,37.7275],[-6.9571,38.1875],[-7.1047,38.1806],[-7.3423,38.4566],[-6.9967,39.0572],[-7.5367,39.6614],[-6.9751,39.7985],[-6.8959,40.0225],[-7.0327,40.1683],[-6.8095,40.3436],[-6.9283,41.0085],[-6.2119,41.5328],[-6.5431,41.6717],[-6.6187,41.9425],[-7.1479,41.9807],[-7.4035,41.8331],[-8.1523,41.8123],[-8.1379,42.0397],[-8.2675,42.1369],[-8.8507,41.9268],[-8.7283,42.4112],[-8.8111,42.6403],[-9.0343,42.5935],[-8.9263,42.7983],[-9.2359,42.9771],[-9.1783,43.1733],[-8.2495,43.4389],[-8.2567,43.5795],[-7.6987,43.7653],[-7.0615,43.5535],[-5.8483,43.6455],[-4.5234,43.4163],[-3.6054,43.5188],[-2.3382,43.3278],[-1.7946,43.4077]]],[[[3.1446,39.7898],[3.2418,39.7568],[3.3426,39.7864],[3.4506,39.7621],[3.4614,39.6978],[3.2454,39.3871],[3.0726,39.302],[2.799,39.3853],[2.7018,39.5416],[2.6334,39.5555],[2.5002,39.4773],[2.3706,39.5728],[2.3706,39.6128],[2.7846,39.8541],[3.159,39.9704],[3.1986,39.9617],[3.1662,39.9235],[3.1986,39.8905],[3.1446,39.7898]]],[[[-16.3352,28.3791],[-16.418,28.1517],[-16.544,28.0319],[-16.6592,28.0076],[-16.796,28.1499],[-16.904,28.3391],[-16.8428,28.3756],[-16.5584,28.3999],[-16.3208,28.5579],[-16.1228,28.5752],[-16.1192,28.5284],[-16.3352,28.3791]]],[[[-14.1967,28.169],[-14.3335,28.0562],[-14.4919,28.1013],[-14.3551,28.1291],[-14.2327,28.2159],[-14.1535,28.4069],[-14.0275,28.6169],[-14.0023,28.7072],[-13.9555,28.7419],[-13.8583,28.7384],[-13.8259,28.6916],[-13.8259,28.5857],[-13.8619,28.4086],[-13.9267,28.2541],[-14.1967,28.169]]],[[[4.293,39.8419],[4.275,39.8298],[3.969,39.9461],[3.8682,39.9582],[3.843,39.9756],[3.8538,40.0624],[4.059,40.0745],[4.2246,40.0329],[4.3218,39.8975],[4.293,39.8419]]],[[[-13.7143,28.912],[-13.7827,28.8461],[-13.8583,28.8686],[-13.8223,29.0127],[-13.7899,29.0561],[-13.6495,29.1186],[-13.5343,29.1447],[-13.5019,29.2106],[-13.4623,29.2367],[-13.4227,29.1967],[-13.4551,29.1516],[-13.4767,29.0058],[-13.5559,28.9606],[-13.7143,28.912]]],[[[-15.3992,28.1482],[-15.4064,28.0701],[-15.3848,27.9937],[-15.3884,27.8739],[-15.4352,27.8114],[-15.5612,27.7472],[-15.6548,27.7576],[-15.7088,27.7836],[-15.806,27.8878],[-15.8096,27.9937],[-15.7196,28.0649],[-15.6836,28.1534],[-15.4532,28.1378],[-15.4172,28.1586],[-15.3992,28.1482]]],[[[1.4454,38.9184],[1.4094,38.8576],[1.2582,38.8784],[1.2222,38.9045],[1.2546,38.9739],[1.3014,38.9826],[1.3014,39.0312],[1.3482,39.0815],[1.5642,39.1215],[1.6146,39.0867],[1.6254,39.0381],[1.4958,38.9322],[1.4454,38.9184]]],[[[-17.8328,28.4937],[-17.858,28.485],[-17.8832,28.5648],[-18.002,28.7575],[-17.93,28.8443],[-17.7968,28.8461],[-17.7428,28.787],[-17.7248,28.7245],[-17.75,28.6881],[-17.7428,28.6152],[-17.7572,28.5683],[-17.8328,28.4937]]],[[[-17.8868,27.8097],[-17.984,27.6465],[-18.1064,27.7072],[-18.1352,27.7281],[-18.1604,27.7611],[-18.0416,27.768],[-17.9228,27.8496],[-17.8868,27.8097]]],[[[-17.1848,28.0215],[-17.2244,28.0128],[-17.2748,28.0388],[-17.3252,28.1169],[-17.2892,28.176],[-17.2604,28.2037],[-17.2136,28.1985],[-17.1308,28.1551],[-17.102,28.1117],[-17.102,28.084],[-17.1848,28.0215]]],[[[1.593,38.6718],[1.5714,38.6597],[1.5066,38.6718],[1.4058,38.6718],[1.4022,38.7118],[1.4346,38.7691],[1.4958,38.7118],[1.593,38.7014],[1.593,38.6718]]]]}},{"type":"Feature","properties":{"iso":"144","name":"스리랑카","en":"Sri Lanka"},"geometry":{"type":"MultiPolygon","coordinates":[[[[79.9838,9.8125],[80.2538,9.7969],[80.711,9.3664],[81.2258,8.5053],[81.3734,8.4307],[81.8738,7.2884],[81.863,6.9012],[81.6362,6.4256],[80.7254,5.9794],[80.2682,6.0089],[80.0954,6.153],[79.8578,6.8301],[79.7138,8.1824],[79.7498,8.2935],[79.7822,8.0192],[79.9298,8.8994],[80.099,9.2101],[80.0846,9.5782],[80.4266,9.4809],[80.045,9.6493],[79.9838,9.8125]]],[[[79.8758,9.0504],[79.9046,8.9758],[79.8218,9.0261],[79.7678,9.0695],[79.7462,9.1042],[79.8614,9.066],[79.8758,9.0504]]],[[[79.9694,9.6302],[79.9082,9.6198],[79.8578,9.6858],[79.847,9.7153],[79.8578,9.7344],[79.8722,9.7448],[79.8902,9.7413],[79.9118,9.6788],[79.9694,9.6302]]]]}},{"type":"Feature","properties":{"iso":"652","name":"생바르텔레미","en":"St-Barthélemy"},"geometry":{"type":"Polygon","coordinates":[[[-62.8332,17.8763],[-62.8476,17.8745],[-62.8584,17.8832],[-62.8764,17.9127],[-62.8728,17.9231],[-62.8656,17.9179],[-62.8008,17.9092],[-62.8188,17.8849],[-62.8332,17.8763]]]}},{"type":"Feature","properties":{"iso":"663","name":"생마르탱","en":"St-Martin"},"geometry":{"type":"Polygon","coordinates":[[[-63.0096,18.069],[-63.1248,18.069],[-63.114,18.0915],[-63.0636,18.1158],[-63.024,18.1124],[-63.0096,18.1037],[-63.0096,18.069]]]}},{"type":"Feature","properties":{"iso":"659","name":"세인트키츠 네비스","en":"St. Kitts and Nevis"},"geometry":{"type":"MultiPolygon","coordinates":[[[[-62.6316,17.2391],[-62.6568,17.2253],[-62.7036,17.286],[-62.7756,17.3034],[-62.8404,17.3398],[-62.8404,17.3659],[-62.826,17.3867],[-62.7936,17.4023],[-62.7144,17.3537],[-62.6748,17.2912],[-62.6388,17.2617],[-62.6316,17.2391]]],[[[-62.5308,17.1211],[-62.5812,17.1003],[-62.6244,17.1298],[-62.6136,17.1992],[-62.574,17.2009],[-62.5344,17.1697],[-62.5308,17.1211]]]]}},{"type":"Feature","properties":{"iso":"666","name":"생피에르 미클롱","en":"St. Pierre and Miquelon"},"geometry":{"type":"MultiPolygon","coordinates":[[[[-56.2668,46.838],[-56.3532,46.7946],[-56.3856,46.8189],[-56.3784,46.8484],[-56.3316,46.9161],[-56.3856,47.0672],[-56.3784,47.0897],[-56.364,47.0984],[-56.2884,47.0706],[-56.2776,47.0342],[-56.3136,46.9543],[-56.2884,46.9005],[-56.256,46.8606],[-56.2668,46.838]]],[[[-56.1516,46.7616],[-56.1732,46.7529],[-56.2416,46.7668],[-56.2092,46.7981],[-56.184,46.8068],[-56.1516,46.8102],[-56.1372,46.8015],[-56.1408,46.779],[-56.1516,46.7616]]]]}},{"type":"Feature","properties":{"iso":"670","name":"세인트빈센트 그레나딘","en":"St. Vin. and Gren."},"geometry":{"type":"MultiPolygon","coordinates":[[[[-61.1736,13.1578],[-61.2024,13.1422],[-61.278,13.2099],[-61.2672,13.288],[-61.224,13.3314],[-61.1808,13.3557],[-61.1376,13.3592],[-61.1232,13.2932],[-61.134,13.2029],[-61.1736,13.1578]]],[[[-61.2276,12.9946],[-61.242,12.9842],[-61.2348,12.9842],[-61.242,12.9755],[-61.2456,12.9842],[-61.2636,12.9894],[-61.278,12.9894],[-61.278,12.9981],[-61.2636,12.9929],[-61.2384,12.9981],[-61.2384,13.005],[-61.2492,13.0172],[-61.242,13.0259],[-61.2024,13.0519],[-61.1952,13.038],[-61.2096,13.0241],[-61.2276,12.9946]]],[[[-61.3356,12.696],[-61.3428,12.6943],[-61.3536,12.6978],[-61.35,12.7012],[-61.3392,12.703],[-61.3356,12.7099],[-61.3356,12.729],[-61.3284,12.7342],[-61.3212,12.7359],[-61.3176,12.7325],[-61.314,12.7221],[-61.3212,12.7151],[-61.3284,12.7012],[-61.3356,12.696]]]]}},{"type":"Feature","properties":{"iso":"729","name":"수단","en":"Sudan"},"geometry":{"type":"Polygon","coordinates":[[[34.0797,9.4618],[33.8709,9.507],[33.9069,10.1823],[33.1293,10.7465],[33.0717,11.6058],[33.1977,12.2169],[32.7225,12.2238],[32.7369,12.0103],[32.0709,12.0068],[32.3445,11.6943],[32.4201,11.0885],[31.1529,9.7709],[30.7569,9.7309],[30.0045,10.2778],[29.6049,10.0642],[29.4717,9.7691],[28.9785,9.5938],[28.8453,9.3264],[28.0497,9.3282],[27.8805,9.6025],[27.0741,9.6146],[26.6601,9.4844],[25.9185,10.1701],[25.7997,10.4201],[25.0653,10.2934],[24.5324,8.8872],[24.1472,8.665],[23.5388,8.8161],[23.4668,9.1146],[23.6216,9.3403],[23.6468,9.8229],[22.8584,10.9201],[22.9232,11.3454],[22.592,11.5798],[22.3508,12.6613],[21.9296,12.6787],[21.8252,12.7898],[22.2284,13.3297],[22.106,13.8001],[22.538,14.1612],[22.3832,14.5501],[22.6712,14.7219],[22.934,15.1629],[22.934,15.5326],[23.1068,15.7028],[23.9708,15.7219],[23.9816,19.9959],[24.9788,20.0029],[24.9788,21.9958],[31.2105,21.9941],[31.4013,22.2024],[31.4337,21.9958],[36.8698,21.9975],[36.9274,21.5861],[37.2586,21.1087],[37.1398,20.982],[37.1938,20.1209],[37.471,18.8206],[38.6086,18.0047],[38.2198,17.5638],[37.5466,17.3242],[37.4098,17.0621],[37.0102,17.0586],[36.913,16.2965],[36.427,15.1316],[36.5242,14.2567],[36.1246,12.7568],[35.671,12.6231],[35.113,11.8159],[34.9329,10.8645],[34.7709,10.7465],[34.5729,10.8802],[34.3425,10.658],[34.0797,9.4618]]]}},{"type":"Feature","properties":{"iso":"740","name":"수리남","en":"Suriname"},"geometry":{"type":"Polygon","coordinates":[[[-54.1571,5.3597],[-54.4523,5.0142],[-54.4487,4.4847],[-54.3515,4.0542],[-53.9915,3.5889],[-54.4019,2.4623],[-54.6611,2.3269],[-54.9779,2.5977],[-55.7304,2.4067],[-55.9572,2.5213],[-56.1372,2.2592],[-55.914,2.0387],[-55.9644,1.8564],[-56.706,2.037],[-57.21,2.8824],[-57.3036,3.3772],[-57.6456,3.3945],[-58.0308,4.0021],[-57.8796,4.8805],[-57.3072,5.0489],[-57.2064,5.2138],[-57.318,5.3354],[-56.9688,5.9933],[-56.2344,5.8857],[-55.896,5.6999],[-55.8276,5.9621],[-54.3551,5.91],[-54.0527,5.8076],[-54.1571,5.3597]]]}},{"type":"Feature","properties":{"iso":"752","name":"스웨덴","en":"Sweden"},"geometry":{"type":"MultiPolygon","coordinates":[[[[11.3887,59.0369],[11.4715,58.9102],[11.6443,58.9258],[11.7991,59.2904],[11.6803,59.5924],[11.9323,59.8632],[12.4867,60.1063],[12.5875,60.45],[12.2959,61.0021],[12.7063,61.0593],[12.8791,61.3527],[12.1555,61.7208],[12.3031,62.285],[12.1159,62.5922],[12.1087,62.9203],[12.2167,63.0002],[12.0007,63.2918],[12.2131,63.4915],[12.1735,63.5956],[12.7927,64.0001],[13.9591,64.014],[14.1427,64.1737],[14.0779,64.4636],[13.6495,64.5817],[14.4811,65.3021],[14.6359,65.7934],[14.5423,66.1302],[15.4856,66.3055],[15.4244,66.4896],[16.4036,67.0555],[16.436,67.1544],[16.1264,67.4253],[16.1948,67.5051],[16.4576,67.552],[16.7852,67.8957],[17.3252,68.104],[17.9156,67.9652],[18.1784,68.2013],[18.164,68.5276],[19.9712,68.3558],[20.2412,68.4773],[19.9676,68.5415],[20.3492,68.8488],[20.1152,69.0207],[20.8964,68.979],[21.998,68.5207],[22.8548,68.3679],[23.6396,67.9547],[23.5028,67.8749],[23.456,67.46],[23.7332,67.4235],[23.6432,67.1301],[23.9888,66.8107],[23.7008,66.4809],[23.7008,66.2535],[24.1544,65.8056],[23.1032,65.7361],[22.4012,65.8629],[22.2536,65.5973],[21.566,65.408],[21.6092,65.2622],[21.4112,65.3178],[21.5732,65.1251],[21.1376,64.8091],[21.5192,64.4636],[21.0188,64.1772],[20.7632,63.8682],[18.6068,63.179],[18.3116,62.9967],[18.5024,62.988],[18.4628,62.896],[18.1712,62.7901],[17.8796,62.8735],[17.9048,62.6599],[18.038,62.6009],[17.3792,62.462],[17.6348,62.2329],[17.3756,61.8666],[17.4656,61.6843],[17.1956,61.7242],[17.1308,61.5749],[17.2496,60.7],[17.66,60.5351],[17.9552,60.5906],[18.5564,60.2538],[18.5348,60.1531],[18.7868,60.0802],[18.992,59.8285],[17.966,59.3598],[18.6176,59.3268],[18.2864,59.1098],[16.9796,58.655],[16.2128,58.6359],[16.9256,58.4918],[16.652,58.4345],[16.7708,58.214],[16.5548,57.813],[16.652,57.5005],[16.4756,57.2644],[16.5296,57.0683],[15.9212,56.1673],[14.7151,56.1343],[14.7547,56.0336],[14.5603,56.0492],[14.2147,55.8322],[14.3407,55.5284],[14.1751,55.3965],[12.8863,55.4121],[12.9727,55.7489],[12.4723,56.2905],[12.7999,56.2645],[12.6559,56.4398],[12.8575,56.452],[12.8827,56.6169],[12.4219,56.9068],[11.8783,57.6793],[11.7343,57.7175],[11.7019,57.9727],[11.4499,58.1186],[11.4319,58.3408],[11.2483,58.3685],[11.1475,58.9883],[11.3887,59.0369]]],[[[16.5296,56.2905],[16.4324,56.2437],[16.4,56.3114],[16.4108,56.5683],[16.6304,56.8773],[16.7276,56.9016],[16.9976,57.3183],[17.0264,57.3443],[17.1164,57.32],[17.0516,57.2801],[17.0552,57.2071],[16.8824,56.9849],[16.8392,56.8409],[16.778,56.8044],[16.5296,56.2905]]],[[[19.0748,57.8356],[18.992,57.8113],[18.9452,57.7418],[18.8156,57.7054],[18.7904,57.4832],[18.9092,57.3981],[18.7832,57.3617],[18.7004,57.2419],[18.4772,57.1637],[18.3872,57.0874],[18.3404,56.978],[18.146,56.9207],[18.2864,57.0839],[18.2108,57.1325],[18.1064,57.2714],[18.1532,57.3391],[18.1352,57.5561],[18.5384,57.8304],[18.722,57.8634],[18.8048,57.8338],[18.8408,57.8998],[18.902,57.9154],[19.0748,57.8356]]],[[[19.1576,57.9224],[19.1396,57.8599],[19.0856,57.8651],[19.0388,57.9102],[19.136,57.9814],[19.28,57.9779],[19.3304,57.9623],[19.1576,57.9224]]],[[[18.596,59.4709],[18.5708,59.4379],[18.5456,59.4778],[18.5564,59.4865],[18.5708,59.5264],[18.6212,59.5473],[18.6968,59.5351],[18.6968,59.5247],[18.6248,59.4917],[18.596,59.4709]]],[[[18.416,59.03],[18.3728,59.0195],[18.3512,59.023],[18.3764,59.0699],[18.398,59.089],[18.4664,59.1081],[18.4844,59.1046],[18.416,59.03]]]]}},{"type":"Feature","properties":{"iso":"756","name":"스위스","en":"Switzerland"},"geometry":{"type":"Polygon","coordinates":[[[9.5239,47.5237],[9.6247,47.4664],[9.4879,47.0619],[10.1323,46.8519],[10.3483,46.9856],[10.4563,46.8988],[10.4311,46.5498],[10.0855,46.6002],[10.1287,46.2391],[9.9379,46.3623],[9.5275,46.3068],[9.3043,46.496],[8.9551,45.8294],[8.8183,46.0776],[8.4583,46.246],[8.4223,46.4457],[7.7887,45.9214],[7.0543,45.904],[6.7735,46.1644],[6.7591,46.4162],[6.4279,46.43],[6.2011,46.1922],[5.9707,46.1505],[6.1615,46.6106],[6.9535,47.2668],[6.8995,47.3935],[7.0543,47.489],[8.4295,47.5914],[8.5591,47.6244],[8.4043,47.6886],[8.5735,47.7754],[9.5239,47.5237]]]}},{"type":"Feature","properties":{"iso":"760","name":"시리아","en":"Syria"},"geometry":{"type":"Polygon","coordinates":[[[35.8942,35.9168],[36.1534,35.8335],[36.3766,36.172],[36.6358,36.2345],[36.5386,36.4567],[36.6574,36.8022],[37.435,36.6425],[38.191,36.9011],[38.767,36.6928],[39.3574,36.6824],[40.7074,37.0973],[41.5138,37.0886],[42.2014,37.2969],[42.3598,37.1094],[41.7874,36.5973],[41.2942,36.3838],[41.3554,35.6408],[41.1934,34.7693],[40.9882,34.429],[36.8194,32.3181],[36.373,32.3875],[35.7862,32.7347],[35.9122,32.95],[35.8366,33.3302],[36.0346,33.5853],[35.9698,33.7329],[36.3658,33.8388],[36.2974,33.9586],[36.5854,34.2207],[36.5062,34.4325],[36.3298,34.5002],[36.3838,34.6582],[35.977,34.6287],[35.9014,35.4203],[35.7646,35.5713],[35.8942,35.9168]]]}},{"type":"Feature","properties":{"iso":"158","name":"대만","en":"Taiwan"},"geometry":{"type":"MultiPolygon","coordinates":[[[[121.0098,22.6208],[120.8406,21.9246],[120.2322,22.718],[120.0738,23.1502],[120.1314,23.6537],[121.0422,25.0321],[121.593,25.2751],[121.9278,24.973],[121.3986,23.1728],[121.0098,22.6208]]],[[[118.407,24.5217],[118.4502,24.4557],[118.4322,24.414],[118.2954,24.4366],[118.2882,24.4765],[118.3386,24.4696],[118.407,24.5217]]]]}},{"type":"Feature","properties":{"iso":"762","name":"타지키스탄","en":"Tajikistan"},"geometry":{"type":"MultiPolygon","coordinates":[[[[67.7581,37.1719],[67.8625,37.5712],[68.3521,38.2118],[68.0857,38.4739],[68.1325,38.927],[67.6933,38.9947],[67.6501,39.1319],[67.3585,39.2169],[67.4269,39.4652],[67.7185,39.6214],[68.4637,39.5364],[68.6401,39.8384],[68.8705,39.9079],[68.8057,40.0502],[68.9713,40.0902],[68.6293,40.1665],[69.2737,40.1978],[69.2053,40.5658],[69.3565,40.7672],[69.7129,40.6578],[70.4005,41.0345],[70.7497,40.7221],[70.3717,40.3835],[70.6021,40.2134],[70.9477,40.1874],[70.5157,39.9495],[69.9685,40.203],[69.5293,40.0971],[69.4753,39.92],[69.2773,39.9183],[69.2989,39.5242],[70.5013,39.5867],[70.8001,39.394],[71.4697,39.6041],[71.7793,39.2777],[72.0421,39.3524],[72.2293,39.2083],[72.5641,39.3767],[73.6333,39.4496],[73.8025,38.6076],[73.9717,38.533],[74.2777,38.6597],[74.8105,38.46],[74.8933,37.6007],[75.1202,37.3855],[74.8897,37.231],[74.3497,37.4184],[73.7485,37.231],[73.6261,37.2622],[73.7197,37.4184],[73.3813,37.4618],[72.8953,37.2674],[72.6577,37.0296],[71.6641,36.6963],[71.4337,37.1268],[71.5813,37.9097],[71.2789,37.9184],[71.2573,38.3073],[70.8793,38.4566],[70.2133,37.9236],[70.1881,37.5816],[69.4933,37.5539],[69.3025,37.1164],[68.9101,37.3334],[68.0677,36.9497],[67.7581,37.1719]]],[[[70.7029,39.8245],[70.6129,39.7864],[70.5589,39.7916],[70.4905,39.8627],[70.4833,39.8836],[70.5661,39.8662],[70.6633,39.8558],[70.6993,39.8454],[70.7029,39.8245]]],[[[70.6525,40.9373],[70.6237,40.9339],[70.5697,40.9825],[70.5517,41.0154],[70.5733,41.0241],[70.6201,41.0016],[70.6489,40.9616],[70.6525,40.9373]]]]}},{"type":"Feature","properties":{"iso":"834","name":"탄자니아","en":"Tanzania"},"geometry":{"type":"MultiPolygon","coordinates":[[[[32.9205,-9.4068],[31.9413,-9.0544],[31.3509,-8.6065],[30.9693,-8.5509],[30.2133,-7.0371],[29.7093,-6.617],[29.5401,-6.3132],[29.4789,-6.025],[29.6085,-5.723],[29.3241,-4.8984],[29.4033,-4.4487],[29.7165,-4.4557],[29.9469,-4.3081],[30.8109,-3.2006],[30.7785,-2.9853],[30.4257,-2.8239],[30.5337,-2.4263],[30.8289,-2.3378],[30.8757,-2.1433],[30.8109,-1.5635],[30.5085,-1.2076],[30.5193,-1.0618],[33.9789,-1.0028],[37.6438,-3.0461],[37.6078,-3.4974],[39.2206,-4.6918],[38.803,-6.0702],[38.875,-6.3306],[39.5446,-7.0232],[39.289,-7.518],[39.2854,-7.7871],[39.4294,-7.8131],[39.4402,-8.011],[39.3034,-8.4433],[39.6418,-9.1932],[39.7246,-10.0005],[40.4626,-10.464],[39.3214,-11.1219],[38.4934,-11.4136],[37.921,-11.2955],[37.7266,-11.5803],[37.3738,-11.7105],[36.9778,-11.5664],[36.3046,-11.707],[35.9122,-11.4553],[35.563,-11.6028],[34.9581,-11.5785],[34.6089,-11.0803],[34.5693,-10.2418],[34.3209,-9.7314],[33.9969,-9.4953],[33.8889,-9.6706],[32.9205,-9.4068]]],[[[39.4978,-6.1743],[39.5734,-6.3879],[39.5626,-6.4278],[39.4798,-6.4538],[39.4222,-6.3479],[39.3826,-6.3653],[39.3142,-6.2785],[39.2422,-6.275],[39.181,-6.1726],[39.2062,-6.0841],[39.1918,-5.9313],[39.2674,-5.8532],[39.3106,-5.7212],[39.3574,-5.8115],[39.3682,-5.9504],[39.433,-6.1153],[39.4978,-6.1743]]],[[[39.865,-4.9053],[39.8542,-5.256],[39.7966,-5.3949],[39.7498,-5.4435],[39.6742,-5.407],[39.6454,-5.3688],[39.6994,-5.1136],[39.6742,-4.9279],[39.7822,-4.9452],[39.865,-4.9053]]],[[[39.7102,-7.978],[39.6562,-7.9902],[39.6022,-7.9364],[39.6598,-7.8999],[39.7174,-7.8322],[39.847,-7.7298],[39.9082,-7.6499],[39.8974,-7.7281],[39.8254,-7.8999],[39.7606,-7.9121],[39.7102,-7.978]]]]}},{"type":"Feature","properties":{"iso":"764","name":"태국","en":"Thailand"},"geometry":{"type":"MultiPolygon","coordinates":[[[[100.1224,20.3171],[100.3168,20.3865],[100.5184,20.1782],[100.396,19.7563],[100.5148,19.5532],[101.2132,19.548],[101.2852,18.9769],[101.0476,18.4422],[101.1448,18.1419],[100.9576,17.5412],[101.1664,17.4995],[102.1024,18.2113],[102.6604,17.8172],[103.0528,18.029],[103.2868,18.4092],[103.9492,18.3189],[104.7412,17.4613],[104.8204,16.4666],[105.6413,15.6559],[105.4901,15.2566],[105.4757,14.531],[105.0725,14.2272],[104.7772,14.4286],[103.2004,14.3331],[102.9088,14.1369],[102.5452,13.5849],[102.3184,13.5397],[102.4984,12.67],[102.754,12.4269],[102.736,12.0902],[102.934,11.7065],[102.5956,12.203],[102.5416,12.1093],[101.836,12.6405],[100.8964,12.6544],[100.9612,13.4321],[100.6012,13.5675],[100.018,13.354],[99.9892,12.17],[99.1648,10.3194],[99.1612,9.7344],[99.2548,9.2657],[99.8344,9.2882],[99.9892,8.5886],[100.2808,8.2692],[100.5436,7.2276],[100.2556,7.7745],[100.162,7.5991],[100.4248,7.1877],[101.0188,6.8613],[101.4976,6.8648],[102.1024,6.2416],[101.872,5.8249],[101.6776,5.778],[101.5552,5.9082],[101.1124,5.6374],[100.9828,5.7711],[101.0548,6.2433],[100.8748,6.245],[100.756,6.4603],[100.3456,6.5506],[100.2628,6.6825],[100.1188,6.4412],[99.6976,6.8769],[99.5968,7.3561],[99.3592,7.3717],[98.704,8.2571],[98.578,8.3439],[98.362,8.1876],[98.2396,8.4237],[98.758,10.6614],[99.6148,11.7811],[99.406,12.5485],[99.1252,13.0311],[99.136,13.7168],[98.2036,14.9754],[98.1928,15.2045],[98.5564,15.3677],[98.5924,16.05],[98.8876,16.352],[98.6608,16.3312],[98.4376,16.9753],[97.7068,17.7964],[97.6312,18.2912],[97.3756,18.5186],[97.7464,18.588],[97.8184,19.4595],[98.0164,19.7494],[98.9164,19.7737],[99.0748,20.1001],[99.4852,20.1504],[99.46,20.3622],[99.892,20.4247],[100.1224,20.3171]]],[[[98.4088,7.9029],[98.398,7.8283],[98.3584,7.83],[98.2972,7.7762],[98.2612,7.9255],[98.3008,8.1355],[98.3224,8.1668],[98.3512,8.1112],[98.434,8.0852],[98.398,7.9654],[98.4088,7.9029]]],[[[99.6616,6.5211],[99.6436,6.5158],[99.6076,6.5974],[99.6544,6.7138],[99.7012,6.5714],[99.6616,6.5211]]],[[[98.5924,7.9342],[98.5816,7.9168],[98.5312,8.1078],[98.6032,8.0574],[98.5924,7.9342]]],[[[102.4264,11.9895],[102.43,11.9652],[102.3796,11.9825],[102.3616,11.9738],[102.3004,11.9808],[102.2716,12.1197],[102.2788,12.1527],[102.3184,12.1422],[102.3796,12.0728],[102.4264,11.9895]]],[[[99.0784,7.5922],[99.1036,7.4706],[99.0676,7.4967],[99.0388,7.5488],[99.0388,7.6252],[99.046,7.6373],[99.0784,7.5922]]],[[[100.072,9.5868],[100.0756,9.5296],[100.054,9.4618],[99.964,9.4219],[99.9316,9.4757],[99.9388,9.5608],[99.9532,9.5816],[100.0432,9.5764],[100.072,9.5868]]],[[[102.6064,11.677],[102.5884,11.5728],[102.5344,11.6145],[102.5452,11.6683],[102.5704,11.6909],[102.6064,11.677]]],[[[100.0756,9.6962],[100.0648,9.6806],[100.0252,9.7118],[99.9964,9.7483],[99.982,9.7934],[100.0432,9.7917],[100.072,9.7483],[100.0756,9.6962]]],[[[98.308,9.0521],[98.2504,9.04],[98.2576,9.0955],[98.272,9.1303],[98.3008,9.1389],[98.3116,9.0799],[98.308,9.0521]]]]}},{"type":"Feature","properties":{"iso":"626","name":"동티모르","en":"Timor-Leste"},"geometry":{"type":"MultiPolygon","coordinates":[[[[125.0671,-9.5127],[124.959,-9.2141],[125.0995,-9.1898],[125.1499,-9.0422],[124.9374,-9.0526],[124.923,-8.9433],[125.1787,-8.6481],[125.8051,-8.4919],[126.6187,-8.4589],[126.9679,-8.3166],[127.2955,-8.4242],[126.9139,-8.7158],[125.4091,-9.2766],[125.0671,-9.5127]]],[[[124.0374,-9.3408],[124.1994,-9.2557],[124.4442,-9.1898],[124.4118,-9.3148],[124.3182,-9.4137],[124.2822,-9.4276],[124.0914,-9.4172],[124.0518,-9.3755],[124.0374,-9.3408]]],[[[125.6467,-8.1395],[125.5783,-8.3114],[125.5063,-8.2749],[125.5855,-8.1794],[125.6215,-8.1499],[125.6467,-8.1395]]]]}},{"type":"Feature","properties":{"iso":"768","name":"토고","en":"Togo"},"geometry":{"type":"Polygon","coordinates":[[[0.9018,10.993],[0.765,10.3871],[1.3302,9.9965],[1.3842,9.3612],[1.6002,9.0504],[1.6254,6.9967],[1.5318,6.9932],[1.7766,6.2954],[1.1862,6.0888],[0.7362,6.4534],[0.5238,6.8509],[0.6354,7.3543],[0.4986,7.547],[0.6894,8.3039],[0.3726,8.7588],[0.4878,8.8508],[0.5274,9.3993],[0.2322,9.4636],[0.3438,9.6042],[0.2646,9.6441],[0.3798,10.2917],[-0.0918,10.7152],[0.009,11.0208],[-0.0702,11.1163],[0.4914,10.9548],[0.9018,10.993]]]}},{"type":"Feature","properties":{"iso":"776","name":"통가","en":"Tonga"},"geometry":{"type":"MultiPolygon","coordinates":[[[[-175.1616,-21.1699],[-175.1472,-21.1699],[-175.1328,-21.1404],[-175.0788,-21.1283],[-175.0824,-21.1613],[-175.158,-21.2637],[-175.2012,-21.2238],[-175.3344,-21.1578],[-175.3632,-21.1074],[-175.3164,-21.0675],[-175.3236,-21.0988],[-175.302,-21.1126],[-175.2264,-21.1196],[-175.158,-21.1456],[-175.2012,-21.156],[-175.1616,-21.1699]]],[[[-174.9131,-21.3001],[-174.9203,-21.4512],[-174.9671,-21.3817],[-174.9743,-21.3505],[-174.9239,-21.3036],[-174.9131,-21.3001]]],[[[-173.9519,-18.6388],[-173.9915,-18.6979],[-174.0095,-18.6979],[-174.0527,-18.6631],[-174.0707,-18.6406],[-174.0023,-18.5711],[-173.9663,-18.5659],[-173.9231,-18.5885],[-173.9231,-18.6093],[-173.9519,-18.6388]]]]}},{"type":"Feature","properties":{"iso":"780","name":"트리니다드 토바고","en":"Trinidad and Tobago"},"geometry":{"type":"MultiPolygon","coordinates":[[[[-61.0116,10.1337],[-61.1736,10.0781],[-61.9044,10.0694],[-61.6632,10.191],[-61.6344,10.243],[-61.4976,10.2691],[-61.4796,10.6041],[-61.6524,10.7187],[-61.3716,10.7968],[-60.918,10.8402],[-61.0332,10.6701],[-61.0368,10.4826],[-60.9684,10.3229],[-61.0116,10.1337]]],[[[-60.756,11.1788],[-60.81,11.1683],[-60.8028,11.2083],[-60.7092,11.2777],[-60.5616,11.3228],[-60.5256,11.3246],[-60.5472,11.2638],[-60.756,11.1788]]]]}},{"type":"Feature","properties":{"iso":"788","name":"튀니지","en":"Tunisia"},"geometry":{"type":"MultiPolygon","coordinates":[[[[11.5039,33.1826],[11.5039,32.4135],[10.2763,31.6844],[10.1143,31.464],[10.2151,30.7834],[9.8947,30.3876],[9.5203,30.2297],[9.0451,32.0716],[8.3323,32.5437],[8.1127,33.0559],[7.7311,33.2677],[7.5007,33.8319],[7.5151,34.0801],[8.2459,34.7346],[8.3935,35.2033],[8.2459,35.8022],[8.3503,36.3682],[8.2063,36.5192],[8.6023,36.8334],[8.5771,36.9376],[9.6895,37.3403],[9.8371,37.3091],[9.8299,37.1355],[9.8767,37.2535],[10.1971,37.2067],[10.2943,36.7813],[10.4131,36.731],[11.0539,37.073],[11.1259,36.8733],[10.4779,36.1755],[10.5895,35.8873],[11.0035,35.6338],[11.1187,35.2398],[10.6903,34.679],[10.0387,34.1409],[10.3051,33.7277],[10.7119,33.6895],[10.7227,33.5142],[10.9567,33.627],[11.2591,33.3093],[11.2015,33.2486],[11.5039,33.1826]]],[[[10.9567,33.7225],[10.8847,33.6895],[10.8559,33.6878],[10.7839,33.7173],[10.7587,33.7173],[10.7227,33.7381],[10.7443,33.8892],[10.9207,33.8926],[11.0179,33.8232],[11.0359,33.785],[10.9567,33.7225]]],[[[11.2771,34.7537],[11.1223,34.6825],[11.1547,34.745],[11.2555,34.8196],[11.2807,34.8023],[11.2771,34.7537]]]]}},{"type":"Feature","properties":{"iso":"792","name":"튀르키예","en":"Turkey"},"geometry":{"type":"MultiPolygon","coordinates":[[[[41.5102,41.5171],[42.4678,41.439],[42.7882,41.564],[43.6306,40.9286],[43.7242,40.7203],[43.5694,40.4825],[43.6666,40.1266],[44.401,39.9964],[44.8186,39.6509],[44.5882,39.769],[44.3902,39.4218],[44.023,39.3767],[44.2714,38.8368],[44.3002,38.3871],[44.4514,38.3351],[44.2102,37.908],[44.5882,37.7101],[44.5738,37.4358],[44.7934,37.29],[44.7646,37.1424],[44.6062,37.1754],[44.2822,36.9775],[44.113,37.3021],[43.6774,37.2275],[42.7738,37.3716],[42.457,37.1285],[42.2014,37.2969],[41.5138,37.0886],[40.7074,37.0973],[39.3574,36.6824],[38.767,36.6928],[38.191,36.9011],[37.435,36.6425],[36.6574,36.8022],[36.5386,36.4567],[36.6358,36.2345],[36.3766,36.172],[36.1282,35.8317],[35.8942,35.9168],[35.8114,36.3091],[36.1894,36.6598],[36.049,36.9098],[35.3938,36.5747],[34.7025,36.8161],[33.6945,36.1824],[32.7945,36.0366],[31.3509,36.8004],[30.6453,36.8664],[30.4473,36.2692],[29.6877,36.1564],[29.2233,36.3248],[28.9713,36.7154],[28.3053,36.8126],[28.0209,36.6338],[28.0857,36.7518],[27.4557,36.7119],[28.0065,36.8317],[28.2441,37.0296],[27.2613,36.9758],[27.3009,37.1268],[27.5349,37.1633],[27.0669,37.658],[27.2253,37.7257],[27.2325,37.9792],[26.2893,38.2778],[26.4153,38.368],[26.4405,38.6406],[26.6745,38.3351],[27.1425,38.4514],[26.9085,38.4809],[26.7645,38.71],[27.0129,38.8871],[26.8149,38.9618],[26.8545,39.1163],[26.6817,39.2916],[26.8977,39.5503],[26.1129,39.4669],[26.1813,39.9895],[26.7393,40.4009],[27.2829,40.4565],[27.7293,40.328],[27.8481,40.3818],[27.7329,40.4808],[27.8733,40.5137],[27.9885,40.4894],[27.9633,40.3697],[29.0073,40.3905],[28.7877,40.5346],[29.8461,40.7377],[29.1153,40.9373],[29.1477,41.2203],[31.2537,41.1075],[32.3049,41.7289],[33.2841,42.005],[34.7493,41.9564],[35.005,42.064],[35.1562,42.0275],[35.1238,41.8904],[35.2966,41.7289],[36.0526,41.6821],[36.4054,41.2741],[36.7762,41.3626],[37.0678,41.1838],[38.3818,40.9252],[39.4258,41.1057],[40.2646,40.9616],[41.5102,41.5171]]],[[[28.0137,41.9685],[27.9885,41.8557],[28.1973,41.5553],[29.0577,41.229],[28.9569,41.0085],[28.1721,41.0814],[27.4989,40.9738],[27.2577,40.6873],[26.7717,40.4981],[26.2029,40.0745],[26.2533,40.3141],[26.7933,40.6266],[26.1057,40.611],[26.0373,40.7273],[26.3325,40.9547],[26.3325,41.2394],[26.6241,41.4026],[26.5809,41.6005],[26.3289,41.7723],[26.6169,41.965],[27.2433,42.0935],[27.5349,41.9216],[28.0137,41.9685]]],[[[25.9689,40.137],[25.7385,40.1058],[25.6701,40.1353],[25.7421,40.1961],[25.8753,40.2342],[25.9185,40.2377],[25.9761,40.1787],[25.9689,40.137]]]]}},{"type":"Feature","properties":{"iso":"795","name":"투르크메니스탄","en":"Turkmenistan"},"geometry":{"type":"MultiPolygon","coordinates":[[[[55.9788,41.3227],[57.0192,41.2637],[57.12,41.3505],[56.9652,41.8574],[57.2892,42.123],[57.8148,42.189],[58.0272,42.4876],[58.4736,42.3001],[58.1532,42.6282],[58.5888,42.7792],[59.3556,42.3227],[59.9856,42.2116],[59.9424,41.9737],[60.2016,41.8036],[60.0756,41.7602],[60.09,41.3991],[60.4536,41.222],[61.4976,41.2758],[61.9044,41.0936],[62.484,39.9756],[63.762,39.1614],[65.6125,38.2378],[65.9725,38.2448],[66.5737,38.0104],[66.5233,37.349],[65.7637,37.5695],[65.5549,37.2518],[64.8168,37.132],[64.5108,36.3404],[64.0104,36.0123],[63.1284,35.8456],[63.0564,35.4463],[62.3076,35.1703],[61.9836,35.4429],[61.62,35.4325],[61.2636,35.6199],[61.1196,36.6425],[60.342,36.6372],[59.9496,37.0417],[59.4564,37.2535],[59.3016,37.5105],[58.8156,37.6841],[58.2612,37.665],[57.354,37.974],[57.192,38.217],[56.4396,38.25],[56.2704,38.0799],[55.3812,38.0504],[54.8987,37.7778],[54.7007,37.4705],[53.9159,37.3438],[53.8691,38.9496],[53.7035,39.21],[53.3363,39.3402],[53.1563,39.2656],[53.2355,39.6093],[53.6027,39.5468],[53.4731,39.6683],[53.4875,39.9096],[52.9871,39.9877],[53.0339,39.7742],[52.8035,40.0537],[52.7351,40.3992],[52.9439,41.038],[53.1455,40.8245],[53.6135,40.8193],[53.8691,40.6491],[54.3767,40.6925],[54.3191,40.8349],[54.6863,40.8731],[54.7043,41.071],[54.0959,41.5189],[53.8043,42.1178],[53.1635,42.0935],[52.9691,41.9755],[52.8143,41.7116],[52.8503,41.1995],[52.4939,41.781],[53.0555,42.1473],[54.1211,42.3348],[54.8555,41.965],[55.4352,41.2967],[55.9788,41.3227]]],[[[53.1095,38.8038],[53.0987,38.7569],[53.0447,38.8975],[53.0195,39.052],[53.0519,39.0972],[53.0915,39.0937],[53.0555,39.0381],[53.1095,38.8038]]]]}},{"type":"Feature","properties":{"iso":"796","name":"터크스 케이커스 제도","en":"Turks and Caicos Is."},"geometry":{"type":"MultiPolygon","coordinates":[[[[-71.6605,21.7649],[-71.6641,21.751],[-71.7217,21.7909],[-71.8297,21.7909],[-71.8477,21.843],[-71.8045,21.8517],[-71.6677,21.8326],[-71.6353,21.7875],[-71.6605,21.7649]]],[[[-72.3337,21.8517],[-72.2185,21.7962],[-72.1501,21.8048],[-72.1429,21.7927],[-72.1825,21.7805],[-72.1897,21.7701],[-72.3013,21.7545],[-72.3337,21.758],[-72.3409,21.7962],[-72.3337,21.8517]]],[[[-71.8801,21.8413],[-71.8981,21.8291],[-71.9557,21.8639],[-71.9629,21.8916],[-71.9845,21.8934],[-72.0205,21.9177],[-72.0097,21.9507],[-71.9305,21.9524],[-71.8981,21.8621],[-71.8801,21.8413]]]]}},{"type":"Feature","properties":{"iso":"850","name":"미국령 버진아일랜드","en":"U.S. Virgin Is."},"geometry":{"type":"MultiPolygon","coordinates":[[[[-64.7664,17.7947],[-64.68,17.7495],[-64.5792,17.7495],[-64.6872,17.7061],[-64.8888,17.7009],[-64.8852,17.7721],[-64.7664,17.7947]]],[[[-64.8456,18.3294],[-64.9212,18.3207],[-65.0221,18.3675],[-64.9428,18.3849],[-64.8888,18.3745],[-64.8456,18.3294]]],[[[-64.6584,18.3537],[-64.7268,18.3276],[-64.77,18.3311],[-64.788,18.3415],[-64.752,18.3728],[-64.6584,18.3537]]]]}},{"type":"Feature","properties":{"iso":"800","name":"우간다","en":"Uganda"},"geometry":{"type":"Polygon","coordinates":[[[33.9033,-1.0028],[30.8109,-0.9941],[30.3609,-1.074],[29.9289,-1.4698],[29.8245,-1.3361],[29.5761,-1.3882],[29.7165,0.0978],[29.9361,0.4989],[29.9433,0.82],[31.2537,2.0439],[31.1781,2.2696],[30.7281,2.4553],[30.8397,3.49],[31.0485,3.7244],[31.5489,3.6775],[31.7973,3.8025],[32.1357,3.5195],[32.3373,3.707],[32.9961,3.8806],[33.4893,3.7556],[33.9753,4.2209],[34.1661,3.8129],[34.4361,3.6514],[34.4469,3.1636],[34.9041,2.4796],[34.9761,1.7193],[34.7997,1.2453],[34.4829,1.0422],[33.9429,0.1742],[33.9033,-1.0028]]]}},{"type":"Feature","properties":{"iso":"804","name":"우크라이나","en":"Ukraine"},"geometry":{"type":"MultiPolygon","coordinates":[[[[38.2126,47.0915],[37.543,47.0741],[36.7942,46.7147],[35.8258,46.6245],[35.0158,46.1054],[35.2786,46.279],[35.2318,46.4405],[34.8501,46.1905],[34.9473,45.7287],[34.6881,45.9769],[33.8061,46.2078],[33.4281,46.0568],[33.2013,46.1766],[32.4777,46.0828],[31.8297,46.2825],[32.0097,46.43],[31.5561,46.555],[32.3625,46.4752],[32.5785,46.6158],[32.0457,46.6418],[31.7577,47.213],[31.9125,46.9265],[31.8729,46.6505],[31.5309,46.6644],[31.5633,46.7772],[31.4013,46.6279],[30.7965,46.5516],[30.2205,45.8676],[29.6301,45.7218],[29.7057,45.26],[29.4033,45.4197],[28.7625,45.2339],[28.2117,45.4509],[28.4997,45.5169],[28.4925,45.6662],[28.9461,46.0499],[28.9569,46.4578],[29.1873,46.5238],[29.2053,46.3797],[29.7057,46.4491],[29.8389,46.3502],[30.1305,46.4231],[29.9253,46.5394],[29.8785,46.8293],[29.5725,46.9647],[29.5401,47.2703],[29.1333,47.489],[29.2125,47.7754],[29.1261,47.9647],[28.9245,47.9508],[28.7733,48.1192],[28.4637,48.0914],[27.5493,48.4785],[26.8473,48.3865],[26.3073,48.2042],[26.1633,47.9924],[24.8924,47.7182],[24.4856,47.9473],[23.1392,48.0879],[22.8764,47.9473],[22.7684,48.1088],[22.1312,48.4056],[22.142,48.5688],[22.538,49.0722],[22.8404,49.0393],[22.7072,49.1712],[22.7072,49.6069],[23.7116,50.3777],[24.0896,50.5305],[23.978,50.7857],[24.0968,50.8725],[23.6648,51.3099],[23.6072,51.6103],[23.978,51.5912],[24.3632,51.8672],[25.9257,51.9141],[27.1425,51.7526],[27.7005,51.4783],[28.1829,51.6085],[28.7301,51.4332],[29.1009,51.6276],[29.3457,51.3829],[30.1593,51.4783],[30.5445,51.2648],[30.5841,51.6884],[30.9801,52.046],[32.1213,52.0512],[32.4345,52.3064],[33.7341,52.3446],[34.3965,51.7804],[34.1193,51.6797],[34.2129,51.2561],[35.0626,51.204],[35.311,51.0443],[35.4118,50.5392],[35.5918,50.369],[36.1174,50.409],[36.6178,50.2093],[37.4242,50.4107],[38.047,49.9194],[38.2594,50.0531],[38.9182,49.8239],[39.1738,49.8552],[39.7822,49.5722],[40.081,49.5774],[40.1098,49.251],[39.685,49.008],[40.0054,48.8223],[39.793,48.8084],[39.6454,48.5914],[39.8362,48.5428],[39.847,48.3032],[39.9586,48.2685],[39.7786,47.8883],[38.9002,47.8553],[38.3674,47.6105],[38.2126,47.0915]]],[[[32.0133,46.2044],[32.1501,46.154],[31.7001,46.2148],[31.5633,46.2582],[31.5093,46.3728],[31.6389,46.2721],[32.0133,46.2044]]]]}},{"type":"Feature","properties":{"iso":"784","name":"아랍에미리트","en":"United Arab Emirates"},"geometry":{"type":"MultiPolygon","coordinates":[[[[56.2992,25.6501],[56.3892,24.98],[56.0652,24.7387],[56.0004,24.9539],[55.7952,24.8689],[55.7592,24.2422],[55.9284,24.2144],[55.986,24.0634],[55.4676,23.9419],[55.5324,23.8186],[55.1184,22.6242],[52.5551,22.9332],[51.5723,24.1276],[51.6047,24.3377],[51.9071,23.9853],[52.6487,24.1554],[53.8943,24.0773],[54.3983,24.2786],[54.6575,24.7161],[55.9428,25.7942],[56.0796,26.0632],[56.166,26.0476],[56.1444,25.69],[56.2992,25.6501]],[[56.2812,25.2352],[56.2884,25.2786],[56.2776,25.3011],[56.2344,25.3046],[56.2164,25.2664],[56.2092,25.2126],[56.2416,25.2091],[56.2812,25.2352]]],[[[53.9267,24.1779],[53.9267,24.1432],[53.8259,24.1536],[53.8007,24.1363],[53.7143,24.145],[53.6351,24.1693],[53.6891,24.2109],[53.8331,24.2595],[53.8943,24.2144],[53.9267,24.1779]]],[[[53.3327,24.2578],[53.2571,24.2526],[53.1923,24.2908],[53.3327,24.3411],[53.3723,24.3637],[53.4119,24.4106],[53.4443,24.3706],[53.4083,24.3081],[53.3831,24.2804],[53.3327,24.2578]]],[[[54.4667,24.4436],[54.4559,24.4227],[54.4271,24.4245],[54.3587,24.4436],[54.3335,24.4713],[54.3803,24.5043],[54.3983,24.5061],[54.4271,24.4713],[54.4667,24.4436]]],[[[52.6163,24.2891],[52.5983,24.2821],[52.5839,24.3359],[52.5839,24.3515],[52.6307,24.3776],[52.6559,24.3325],[52.6163,24.2891]]]]}},{"type":"Feature","properties":{"iso":"826","name":"영국","en":"United Kingdom"},"geometry":{"type":"MultiPolygon","coordinates":[[[[-2.6694,51.6224],[-3.2922,51.3898],[-3.5622,51.4141],[-3.8898,51.5912],[-4.2354,51.5686],[-4.0914,51.6606],[-4.3866,51.7405],[-4.9014,51.6259],[-5.2615,51.8794],[-4.149,52.3255],[-3.9798,52.5425],[-4.1022,52.9157],[-4.6818,52.8064],[-4.2678,53.1449],[-3.429,53.3411],[-3.0978,53.2595],[-3.1662,53.3949],[-3.0654,53.4261],[-2.7486,53.3098],[-3.0654,53.5129],[-2.8674,54.1778],[-3.1662,54.1275],[-3.591,54.565],[-3.465,54.7733],[-3.0366,54.9538],[-3.5514,54.9469],[-3.9582,54.7802],[-4.8186,54.8462],[-4.9122,54.6899],[-5.1355,54.8583],[-5.1715,54.9851],[-5.0563,54.9885],[-4.6782,55.5007],[-4.8906,55.6986],[-4.8258,55.9295],[-4.5846,55.9381],[-4.8438,56.051],[-4.8006,56.1586],[-5.2291,55.8861],[-5.2219,56.0666],[-4.9986,56.2333],[-5.3839,56.0197],[-5.5567,55.3896],[-5.7691,55.3635],[-5.5063,55.8027],[-5.6215,55.8131],[-5.5351,56.2506],[-5.1895,56.7575],[-5.6539,56.5318],[-6.1327,56.7176],[-5.7295,56.853],[-5.8627,56.9033],[-5.5603,57.2332],[-5.8195,57.4363],[-5.5819,57.5474],[-5.7439,57.6689],[-5.6071,57.8807],[-5.1571,57.8807],[-5.4127,58.0699],[-5.3371,58.2383],[-5.0095,58.2626],[-5.0887,58.3842],[-4.977,58.5803],[-4.4334,58.5126],[-3.0546,58.6341],[-3.213,58.3217],[-3.9906,57.9588],[-4.0338,57.8512],[-3.8574,57.8182],[-4.1346,57.5769],[-3.2958,57.7106],[-1.8666,57.6116],[-1.7802,57.4745],[-2.5002,56.636],[-3.3102,56.3635],[-2.8854,56.3982],[-2.673,56.2541],[-3.3606,56.0284],[-3.789,56.0944],[-2.1474,55.9034],[-1.6542,55.5701],[-1.233,54.7038],[-0.0846,54.1188],[-0.207,54.0216],[0.117,53.6084],[-0.6606,53.7247],[-0.2934,53.6917],[0.2718,53.3359],[0.3546,53.1605],[0.045,52.9053],[0.279,52.8081],[0.5598,52.9661],[1.2726,52.9244],[1.6578,52.7543],[1.7442,52.579],[1.593,52.1189],[1.233,51.9714],[1.2762,51.8446],[0.7506,51.7301],[0.8982,51.6901],[0.891,51.5721],[0.423,51.4662],[1.4166,51.3638],[1.3986,51.1815],[0.9594,50.9263],[0.2034,50.7631],[-1.4166,50.8968],[-1.3338,50.8204],[-2.0322,50.7249],[-2.0358,50.6034],[-3.0006,50.7162],[-3.4038,50.6329],[-3.681,50.2406],[-4.1958,50.3933],[-4.7286,50.2909],[-5.1175,50.0392],[-5.6539,50.0774],[-4.8942,50.534],[-4.1886,51.1884],[-3.1374,51.2058],[-2.4318,51.7405],[-2.6694,51.6224]]],[[[-6.2191,54.0893],[-6.6511,54.058],[-6.6691,54.1848],[-7.0507,54.4087],[-7.3243,54.1327],[-7.6051,54.1431],[-7.8535,54.216],[-8.1451,54.4538],[-7.7527,54.5945],[-7.9111,54.6986],[-7.5511,54.7681],[-7.3783,55.0285],[-7.2199,55.0927],[-7.1011,55.0476],[-6.9463,55.183],[-6.4747,55.2403],[-6.1291,55.2177],[-5.7151,54.8167],[-5.8771,54.6413],[-5.5819,54.6639],[-5.4703,54.5007],[-5.4847,54.4417],[-5.6719,54.5493],[-5.6575,54.3809],[-5.5567,54.3705],[-5.6071,54.2733],[-5.8267,54.2351],[-6.0175,54.0511],[-6.2191,54.0893]]],[[[-6.1435,57.5057],[-6.1651,57.4085],[-6.1363,57.3148],[-5.8807,57.2627],[-5.7043,57.2696],[-5.6683,57.2262],[-5.9887,57.044],[-6.0355,57.2019],[-6.3235,57.2019],[-6.4423,57.3269],[-6.6763,57.3634],[-6.7627,57.4432],[-6.7051,57.4953],[-6.5827,57.5075],[-6.6151,57.563],[-6.3775,57.603],[-6.3595,57.6672],[-6.2479,57.6516],[-6.1651,57.5856],[-6.1435,57.5057]]],[[[-6.1975,58.3633],[-6.3271,58.1897],[-6.5539,58.0925],[-6.4027,58.0752],[-6.4243,58.0213],[-6.6835,57.9102],[-6.7951,57.8269],[-6.8527,57.8269],[-6.9571,57.7505],[-7.0831,57.813],[-6.8563,57.9241],[-7.0579,58.004],[-6.9859,58.0508],[-7.0903,58.096],[-7.0867,58.1828],[-7.0291,58.2227],[-6.8851,58.1828],[-6.7267,58.1897],[-6.7771,58.3008],[-6.2371,58.5022],[-6.1939,58.4345],[-6.1975,58.3633]]],[[[-1.3086,60.5368],[-1.287,60.4674],[-1.2366,60.4847],[-1.1574,60.417],[-1.053,60.4448],[-1.2006,60.0073],[-1.2978,59.8789],[-1.3554,59.9118],[-1.2762,60.115],[-1.2906,60.1531],[-1.323,60.1879],[-1.4814,60.174],[-1.4994,60.2226],[-1.6398,60.2365],[-1.665,60.2833],[-1.4958,60.292],[-1.3734,60.3337],[-1.449,60.4691],[-1.5714,60.4951],[-1.413,60.5993],[-1.3626,60.6097],[-1.3014,60.608],[-1.3086,60.5368]]],[[[-3.0582,59.03],[-3.069,59.0056],[-2.817,58.9813],[-2.763,58.9553],[-2.7918,58.9067],[-2.8278,58.8928],[-2.9934,58.9397],[-3.1662,58.9188],[-3.2238,58.9379],[-3.2418,59.0004],[-3.303,58.9675],[-3.3318,58.9709],[-3.3534,59.0195],[-3.3102,59.1306],[-3.249,59.1445],[-3.1554,59.1358],[-3.051,59.0994],[-3.0186,59.0577],[-3.0582,59.03]]],[[[-5.7763,56.3444],[-6.1759,56.2888],[-6.3127,56.294],[-6.3271,56.3218],[-6.2983,56.3391],[-6.1867,56.3565],[-6.1399,56.4902],[-6.3091,56.5527],[-6.3199,56.57],[-6.2875,56.6117],[-6.1831,56.6429],[-6.1039,56.6464],[-6.0283,56.61],[-5.9455,56.5353],[-5.8375,56.5232],[-5.7619,56.4902],[-5.7763,56.3444]]],[[[-4.1958,53.322],[-4.1562,53.3029],[-4.0482,53.3063],[-4.0842,53.2647],[-4.3722,53.1345],[-4.419,53.1779],[-4.473,53.1761],[-4.5522,53.2612],[-4.5666,53.3862],[-4.4622,53.4192],[-4.3146,53.4175],[-4.1958,53.322]]],[[[-1.0638,50.6902],[-1.1502,50.6555],[-1.197,50.5999],[-1.251,50.5895],[-1.305,50.5878],[-1.5138,50.6694],[-1.5642,50.6659],[-1.5174,50.7041],[-1.3842,50.7336],[-1.3122,50.7735],[-1.143,50.7353],[-1.0638,50.6902]]],[[[-6.1291,55.9312],[-6.0571,55.7229],[-6.0571,55.6951],[-6.0895,55.6569],[-6.2515,55.6066],[-6.3055,55.6066],[-6.2695,55.6708],[-6.3019,55.7281],[-6.2875,55.7732],[-6.3019,55.7802],[-6.3343,55.7749],[-6.4531,55.7038],[-6.4927,55.6968],[-6.4639,55.8079],[-6.4135,55.8548],[-6.3451,55.8739],[-6.3127,55.8565],[-6.1291,55.9312]]],[[[-7.2055,57.6828],[-7.0939,57.6273],[-7.1839,57.5335],[-7.3207,57.5335],[-7.5151,57.6012],[-7.5007,57.6359],[-7.4719,57.6533],[-7.3927,57.6446],[-7.3243,57.6637],[-7.2703,57.6568],[-7.2055,57.6828]]],[[[-5.9707,55.8149],[-5.9923,55.8045],[-6.0427,55.8062],[-6.0715,55.8479],[-6.0715,55.893],[-6.0427,55.926],[-5.9131,55.9746],[-5.9707,55.9919],[-5.9743,56.0041],[-5.9383,56.0458],[-5.7979,56.1083],[-5.7259,56.1187],[-5.7979,56.0058],[-5.9707,55.8149]]],[[[-2.7306,59.1862],[-2.817,59.1619],[-2.853,59.1827],[-2.8602,59.247],[-3.015,59.2921],[-3.051,59.3233],[-3.0438,59.3338],[-2.9754,59.3476],[-2.8602,59.2886],[-2.8134,59.24],[-2.7198,59.2192],[-2.7306,59.1862]]],[[[-5.1067,55.4486],[-5.2327,55.4486],[-5.3299,55.4816],[-5.3911,55.6187],[-5.3695,55.6673],[-5.3191,55.709],[-5.2507,55.7177],[-5.1859,55.6916],[-5.1607,55.6673],[-5.1067,55.5736],[-5.0959,55.4937],[-5.1067,55.4486]]],[[[-7.2487,57.1151],[-7.3459,57.1151],[-7.3819,57.1308],[-7.4143,57.1915],[-7.4215,57.2297],[-7.4071,57.2992],[-7.4107,57.3807],[-7.2955,57.3842],[-7.2667,57.3721],[-7.2487,57.1151]]],[[[-2.5506,59.2313],[-2.6622,59.2296],[-2.6046,59.2886],[-2.5362,59.3042],[-2.4066,59.2973],[-2.4282,59.2713],[-2.5506,59.2313]]],[[[-3.1662,58.7939],[-3.2238,58.7817],[-3.2778,58.7817],[-3.3678,58.839],[-3.4002,58.8824],[-3.393,58.9102],[-3.357,58.9188],[-3.2706,58.905],[-3.2274,58.8564],[-3.2238,58.8251],[-3.213,58.813],[-3.159,58.8008],[-3.1662,58.7939]]],[[[-1.0422,60.5142],[-1.0674,60.5021],[-1.1646,60.6045],[-1.0926,60.7208],[-1.0062,60.7173],[-0.9918,60.6861],[-0.999,60.6583],[-1.0458,60.6549],[-1.0494,60.6462],[-1.035,60.5924],[-1.035,60.5299],[-1.0422,60.5142]]],[[[-6.6079,56.5857],[-6.6655,56.5787],[-6.6691,56.5943],[-6.5683,56.662],[-6.5071,56.6725],[-6.4855,56.6655],[-6.5287,56.6273],[-6.6079,56.5857]]],[[[-6.2803,56.9641],[-6.3091,56.952],[-6.3451,56.9537],[-6.3847,56.9711],[-6.4315,57.0179],[-6.3235,57.0509],[-6.2767,57.0318],[-6.2623,57.0092],[-6.2623,56.9849],[-6.2803,56.9641]]],[[[-0.7758,60.8128],[-0.7758,60.8007],[-0.8262,60.7156],[-0.8262,60.6844],[-0.909,60.6878],[-0.9234,60.6965],[-0.9378,60.7451],[-0.927,60.7972],[-0.9162,60.8111],[-0.891,60.8163],[-0.8658,60.8059],[-0.8226,60.8319],[-0.801,60.8319],[-0.7758,60.8128]]],[[[-7.4179,56.9658],[-7.5043,56.952],[-7.5367,56.9589],[-7.5439,56.9728],[-7.5223,57.0075],[-7.4539,57.0197],[-7.4071,57.0006],[-7.3999,56.9832],[-7.4179,56.9658]]],[[[-2.9286,58.7418],[-2.9394,58.7383],[-2.9754,58.7574],[-3.0366,58.8234],[-2.9394,58.8355],[-2.8962,58.8268],[-2.9142,58.7991],[-2.9286,58.7418]]]]}},{"type":"Feature","properties":{"iso":"840","name":"미국","en":"United States of America"},"geometry":{"type":"MultiPolygon","coordinates":[[[[-74.7097,45.003],[-71.5165,45.0083],[-71.3257,45.2895],[-70.8649,45.2704],[-70.2961,45.9058],[-70.0081,46.7095],[-69.2413,47.463],[-69.0505,47.4265],[-68.9389,47.2112],[-68.3125,47.3553],[-67.8085,47.0828],[-67.8013,45.727],[-67.4341,45.6037],[-67.4737,45.2756],[-67.1245,45.1697],[-67.1065,44.885],[-66.9877,44.8277],[-67.1929,44.6749],[-67.8373,44.576],[-68.0569,44.385],[-68.1505,44.5013],[-68.4493,44.5083],[-68.5321,44.2583],[-68.8129,44.3399],[-68.7085,44.4423],[-68.7625,44.5708],[-68.9605,44.4336],[-69.1369,44.0378],[-69.6229,43.8799],[-69.6517,43.9944],[-69.8101,43.7722],[-70.0621,43.8347],[-70.2709,43.6715],[-70.2025,43.6264],[-70.8289,42.8261],[-70.6129,42.623],[-71.0449,42.3313],[-70.7389,42.2289],[-70.4257,41.7567],[-70.0009,41.8262],[-70.2421,42.0918],[-70.1089,42.0779],[-69.9469,41.6769],[-70.6561,41.5345],[-70.7029,41.7151],[-71.1673,41.4894],[-71.1493,41.7463],[-71.2717,41.6821],[-71.3905,41.7949],[-71.5237,41.3783],[-72.9241,41.2845],[-73.9861,40.7516],[-73.8709,41.0554],[-73.9681,41.2498],[-73.9285,40.9148],[-74.2633,40.5294],[-73.9717,40.4009],[-74.0797,39.7881],[-74.0653,39.9929],[-74.7961,39.0017],[-74.9545,38.9496],[-74.8969,39.1458],[-75.5234,39.4895],[-75.4226,39.7898],[-75.0734,39.9843],[-75.5882,39.6405],[-75.3938,39.092],[-75.0878,38.7777],[-75.1886,38.5902],[-75.0374,38.4271],[-75.9338,37.1511],[-75.9734,37.3976],[-75.6602,37.9531],[-75.851,37.9722],[-75.8582,38.3628],[-76.0526,38.2795],[-76.265,38.4357],[-76.265,38.6007],[-76.0166,38.625],[-76.3406,38.71],[-76.1678,38.8524],[-76.3298,38.9079],[-76.1354,39.0815],[-76.2362,39.1909],[-76.0742,39.3697],[-75.8762,39.3767],[-76.0022,39.4114],[-75.8726,39.5103],[-76.0634,39.5607],[-76.4198,39.2256],[-76.571,39.269],[-76.427,39.1267],[-76.5602,39.0659],[-76.3946,38.3698],[-76.6682,38.5382],[-76.3406,38.0868],[-76.8698,38.3906],[-76.8914,38.2917],[-77.003,38.4444],[-77.2334,38.408],[-77.0318,38.8888],[-77.2622,38.6007],[-77.273,38.3524],[-77.0462,38.3559],[-76.265,37.8941],[-76.3442,37.6754],[-76.4918,37.6823],[-77.111,38.1649],[-76.3046,37.5712],[-76.265,37.3577],[-76.4018,37.3855],[-76.4522,37.2744],[-76.7582,37.5052],[-76.283,37.0521],[-76.4018,36.9914],[-76.6322,37.2223],[-77.2514,37.3299],[-76.6718,37.1737],[-76.4882,36.8976],[-75.9986,36.9133],[-75.5342,35.8196],[-75.9482,36.6598],[-75.9914,36.4741],[-75.8186,36.113],[-76.1462,36.2796],[-76.1498,36.146],[-76.5602,36.0158],[-76.733,36.2293],[-76.7258,35.9585],[-76.0706,35.9706],[-76.085,35.6911],[-75.8546,35.9602],[-75.7574,35.8439],[-75.7754,35.6477],[-76.175,35.3543],[-76.4882,35.3977],[-76.5782,35.5331],[-76.7402,35.4307],[-77.039,35.5279],[-76.5134,35.271],[-76.7798,34.9898],[-77.0714,35.1547],[-76.9742,35.0245],[-76.4558,34.9898],[-76.3622,34.936],[-76.4414,34.8422],[-77.2946,34.6026],[-77.4134,34.7311],[-77.381,34.5263],[-77.7518,34.285],[-77.9282,33.9395],[-77.9534,34.1686],[-78.0146,33.9117],[-78.407,33.9169],[-78.8426,33.7242],[-79.1954,33.2434],[-79.2278,33.4048],[-79.2746,33.1357],[-79.9334,32.8094],[-79.9406,32.667],[-80.6354,32.5125],[-80.4734,32.4222],[-80.5778,32.2868],[-80.801,32.4483],[-80.693,32.2156],[-81.1142,31.8789],[-81.2582,31.5386],[-81.1754,31.5317],[-81.3806,31.3528],[-81.287,31.2643],[-81.4418,31.2001],[-81.5174,30.8025],[-81.251,29.7939],[-80.5238,28.4867],[-80.585,28.2714],[-80.4554,27.8999],[-80.6102,28.1777],[-80.6066,28.5232],[-80.693,28.3444],[-80.6894,28.5787],[-80.837,28.7575],[-80.0486,26.808],[-80.1278,25.8341],[-80.4842,25.23],[-81.1106,25.138],[-81.1358,25.3098],[-80.9414,25.2647],[-81.3662,25.8306],[-81.7154,25.9834],[-81.9602,26.4903],[-81.827,26.6865],[-82.0394,26.5528],[-82.0142,26.9608],[-82.2914,26.8705],[-82.7162,27.4989],[-82.4066,27.8635],[-82.6766,27.9642],[-82.6118,27.7767],[-82.7414,27.709],[-82.8422,27.8461],[-82.6514,28.8877],[-83.6954,29.9259],[-84.0446,30.1047],[-84.311,30.0647],[-84.383,29.9068],[-85.3191,29.6811],[-85.3551,29.8755],[-85.6755,30.122],[-85.6035,30.2869],[-85.7547,30.1672],[-86.4531,30.3998],[-86.1255,30.405],[-86.2587,30.4935],[-87.2019,30.339],[-86.9859,30.431],[-86.9967,30.5699],[-87.1695,30.5387],[-87.2811,30.339],[-88.0047,30.2314],[-87.7887,30.2922],[-88.0119,30.6949],[-88.1343,30.3668],[-88.9047,30.4154],[-89.5887,30.1654],[-90.1251,30.3685],[-90.3303,30.2783],[-90.4131,30.1411],[-90.1755,30.0283],[-89.7363,30.1724],[-89.6643,30.1168],[-89.8155,30.0074],[-89.6319,29.9033],[-89.4015,30.0456],[-89.3547,29.82],[-89.7219,29.6186],[-89.0163,29.2037],[-89.1567,29.0162],[-89.3763,28.9815],[-89.5203,29.2488],[-90.1575,29.537],[-90.0531,29.3373],[-90.2115,29.1047],[-90.3807,29.2957],[-90.7515,29.1308],[-91.2915,29.2887],[-91.1511,29.3183],[-91.2483,29.5648],[-91.5147,29.5561],[-91.8927,29.8356],[-92.2599,29.5561],[-93.1743,29.7783],[-93.8259,29.7245],[-93.8403,29.9797],[-93.8907,29.6898],[-94.7583,29.3842],[-94.5279,29.5474],[-94.7799,29.5474],[-94.7403,29.7505],[-95.0212,29.7019],[-94.8879,29.3703],[-95.2732,28.9641],[-96.2344,28.4884],[-96.0112,28.6325],[-96.4504,28.5943],[-96.6412,28.7089],[-96.4216,28.4572],[-96.6772,28.3409],[-96.7744,28.4225],[-96.8392,28.1951],[-97.156,28.1447],[-97.0336,28.0944],[-97.0732,27.9867],[-97.4332,27.8374],[-97.2892,27.6708],[-97.4404,27.3288],[-97.768,27.4573],[-97.6924,27.2871],[-97.4836,27.2368],[-97.5556,26.9677],[-97.4368,26.4851],[-97.1488,26.065],[-97.3576,25.8706],[-99.1072,26.4469],[-99.4564,27.0562],[-99.5068,27.5475],[-100.2952,28.327],[-100.756,29.1828],[-101.3788,29.7418],[-102.3436,29.8651],[-102.7324,29.6446],[-102.8908,29.2158],[-103.258,29.0006],[-104.3992,29.5734],[-104.9176,30.5838],[-106.4441,31.7678],[-108.2117,31.7799],[-108.2153,31.3303],[-111.0413,31.3251],[-114.8357,32.509],[-114.7241,32.7156],[-117.129,32.5333],[-117.4674,33.2954],[-118.0794,33.7225],[-118.4106,33.7433],[-118.5078,34.0176],[-119.145,34.1114],[-119.6058,34.4186],[-120.4806,34.4724],[-120.6462,34.5801],[-120.6318,35.0766],[-121.8774,36.3317],[-121.809,36.8508],[-122.3958,37.2067],[-122.5002,37.5434],[-122.4462,37.7986],[-122.0718,37.4775],[-122.385,37.9601],[-122.313,38.007],[-121.5246,38.0556],[-122.3922,38.1441],[-122.5218,37.8264],[-122.9322,38.0556],[-122.997,37.9879],[-122.907,38.1962],[-123.7026,38.9079],[-123.8322,39.7759],[-124.3254,40.2516],[-124.3722,40.4912],[-124.1886,40.7724],[-124.0734,41.4599],[-124.5414,42.8122],[-124.149,43.6924],[-123.9294,45.5777],[-123.9906,46.22],[-123.2202,46.154],[-124.0734,46.279],[-124.0446,46.6054],[-123.9474,46.4318],[-123.8898,46.6592],[-124.113,46.8623],[-123.843,46.963],[-124.113,47.0359],[-124.1382,46.9543],[-124.3758,47.6591],[-124.6638,47.9733],[-124.7106,48.3796],[-123.9762,48.1678],[-122.7774,48.1383],[-122.655,47.8813],[-123.1374,47.3553],[-122.9214,47.4074],[-123.0618,47.4543],[-122.5326,47.9195],[-122.6766,47.6123],[-122.5794,47.2928],[-122.7666,47.2182],[-122.8278,47.3362],[-123.0258,47.1383],[-122.7018,47.1106],[-122.3526,47.371],[-122.403,47.7841],[-122.241,48.0115],[-122.5182,48.1591],[-122.4102,48.2945],[-122.6694,48.4646],[-122.4966,48.5063],[-122.511,48.6695],[-122.7882,48.9924],[-95.1616,48.9924],[-95.1544,49.3691],[-94.9383,49.35],[-94.6215,48.7424],[-93.7071,48.5254],[-92.9979,48.6122],[-92.5011,48.4351],[-92.4147,48.2771],[-92.0043,48.3015],[-91.5183,48.0584],[-90.9171,48.2094],[-89.4555,47.9959],[-88.3791,48.3032],[-84.8762,46.9005],[-84.563,46.4578],[-84.1238,46.5273],[-83.9762,46.0846],[-83.6162,46.1176],[-83.4686,45.9943],[-83.591,45.8172],[-82.5506,45.3468],[-82.1366,43.5708],[-82.547,42.6247],[-83.1482,42.1421],[-83.0294,41.8331],[-82.691,41.6751],[-82.439,41.6751],[-81.2762,42.2098],[-80.2466,42.3661],[-79.037,42.8018],[-78.9146,42.9094],[-79.1702,43.4667],[-78.8462,43.583],[-76.8194,43.6281],[-76.1498,44.3034],[-75.1778,44.8989],[-74.7097,45.003]]],[[[-130.0243,55.8878],[-130.1467,55.6552],[-130.0351,55.2975],[-130.5751,54.7698],[-130.8487,54.808],[-131.0467,55.1569],[-130.7479,55.3184],[-131.1403,55.9972],[-131.0323,56.0874],[-131.7847,55.8774],[-131.9467,55.5545],[-132.1195,55.5701],[-132.2059,55.7541],[-131.8423,56.1603],[-131.5507,56.2072],[-132.1807,56.4207],[-132.4867,56.7662],[-132.8035,56.8947],[-132.8251,57.0561],[-133.4659,57.1724],[-133.4371,57.3373],[-133.6495,57.6429],[-133.1167,57.5665],[-133.5379,57.8634],[-133.1959,57.8772],[-133.7215,57.8443],[-134.0311,58.0717],[-134.0455,58.2887],[-133.8763,58.5178],[-134.2075,58.2331],[-134.7763,58.4536],[-135.1328,58.8425],[-135.3632,59.4188],[-135.4856,59.3094],[-135.3992,59.2088],[-135.5036,59.2018],[-135.0896,58.2453],[-135.896,58.3998],[-135.86,58.5769],[-136.0436,58.8216],[-135.8276,58.898],[-136.0184,58.8737],[-136.1336,59.0404],[-136.1228,58.8199],[-136.2272,58.7661],[-136.9904,59.0352],[-137.0588,58.8737],[-136.6124,58.8095],[-136.4108,58.7001],[-136.4828,58.6185],[-136.0616,58.4536],[-136.6088,58.2435],[-137.5448,58.5821],[-138.5132,59.1654],[-139.7732,59.5264],[-139.514,59.6983],[-139.514,59.9535],[-139.3304,59.8771],[-139.2872,59.6115],[-139.2224,59.8198],[-138.9884,59.8355],[-139.4312,60.0125],[-140.4212,59.7105],[-141.4076,59.9032],[-141.2888,60.0039],[-141.4076,60.1184],[-141.6704,59.9691],[-142.9448,60.0976],[-144.1472,60.016],[-144.1868,60.1514],[-144.8996,60.3354],[-144.6908,60.6687],[-145.2489,60.3806],[-145.9005,60.4778],[-145.6737,60.6514],[-146.5701,60.7295],[-146.3937,60.8111],[-146.6349,60.9934],[-146.2857,61.1132],[-146.3829,61.1357],[-147.8085,60.8857],[-148.0065,60.9691],[-147.7509,61.2191],[-148.3413,61.0611],[-148.4097,61.0107],[-148.2081,61.0298],[-148.5573,60.8024],[-148.2693,60.7],[-148.2837,60.6097],[-148.6401,60.4899],[-148.1181,60.575],[-147.9633,60.4847],[-148.1829,60.3927],[-148.1973,60.167],[-148.4313,59.99],[-149.2665,59.9986],[-149.3961,60.1063],[-149.5977,59.7712],[-149.7129,59.9188],[-149.7813,59.7504],[-150.0045,59.7851],[-149.9649,59.6896],[-150.1989,59.5664],[-150.6057,59.5629],[-150.9333,59.2487],[-151.9485,59.2643],[-151.0449,59.7712],[-151.4517,59.6497],[-151.8549,59.7816],[-151.3977,60.2747],[-151.3221,60.7434],[-150.4401,61.0229],[-149.0757,60.8771],[-150.0549,61.1704],[-149.3277,61.4968],[-149.4321,61.5003],[-149.9757,61.2798],[-150.9441,61.1982],[-151.7325,60.91],[-151.7505,60.7555],[-152.2689,60.5281],[-152.3697,60.3372],[-152.6541,60.2382],[-153.0249,60.2955],[-152.6289,60.0403],[-153.2121,59.8424],[-153.0393,59.8112],[-153.0933,59.7087],[-153.6513,59.6462],[-154.0869,59.3633],[-154.1769,59.1549],[-153.4173,58.9605],[-153.3273,58.8841],[-153.4389,58.7557],[-154.2885,58.3043],[-154.2453,58.1602],[-155.0086,58.0161],[-155.779,57.5682],[-156.4342,57.3599],[-156.4018,57.2054],[-156.6286,57.0092],[-158.4142,56.4364],[-158.551,56.3131],[-158.2774,56.1968],[-158.5042,56.0614],[-158.5906,56.1846],[-158.7886,55.9867],[-159.523,55.8097],[-159.6598,55.6256],[-159.7714,55.8409],[-161.179,55.3896],[-161.4634,55.3826],[-161.413,55.5354],[-161.2006,55.5441],[-161.5174,55.6187],[-162.0754,55.1396],[-162.385,55.0528],[-162.6298,55.2472],[-162.673,54.9972],[-163.1194,55.0649],[-163.1302,54.9174],[-163.3354,54.8392],[-163.2778,55.1222],[-162.907,55.1951],[-161.6974,55.9069],[-161.215,56.0215],[-160.8982,55.9937],[-161.0062,55.8878],[-160.8046,55.7541],[-160.7074,55.8704],[-160.2934,55.8045],[-160.5382,56.0058],[-160.3006,56.3148],[-158.9182,56.8825],[-158.6734,56.7957],[-158.6626,57.0388],[-158.3206,57.2974],[-157.8454,57.5283],[-157.4602,57.5057],[-157.6978,57.6793],[-157.6114,58.0508],[-157.1938,58.1949],[-157.489,58.254],[-157.525,58.4206],[-156.9742,58.7366],[-156.8086,59.1341],[-157.1434,58.8772],[-158.191,58.615],[-158.5042,58.8511],[-158.425,58.9987],[-158.0794,58.9779],[-158.4214,59.089],[-158.677,58.9293],[-158.8102,58.9744],[-158.7886,58.4414],[-158.9506,58.405],[-159.6706,58.9119],[-159.919,58.8199],[-160.3618,59.0508],[-161.2474,58.7991],[-161.3626,58.6689],[-162.1438,58.6446],[-161.7226,58.7939],[-161.7874,59.0161],[-161.6434,59.1098],[-161.9818,59.1463],[-162.025,59.2834],[-161.827,59.5889],[-162.421,60.2833],[-161.9458,60.6844],[-162.1366,60.6861],[-162.6838,60.2695],[-162.5254,60.1983],[-162.5722,59.99],[-163.9078,59.8059],[-164.6638,60.3042],[-165.0599,60.4118],[-165.0275,60.5003],[-165.3551,60.542],[-164.8042,60.8927],[-164.3182,60.7712],[-164.3722,60.5924],[-163.9978,60.766],[-163.7314,60.5906],[-163.4218,60.7573],[-163.9078,60.8545],[-163.5874,60.9031],[-165.1139,60.9326],[-164.869,61.1114],[-165.3443,61.1982],[-165.2723,61.2746],[-165.3803,61.1062],[-165.5675,61.1027],[-165.8627,61.3354],[-165.8447,61.5367],[-166.0931,61.5072],[-166.1687,61.6513],[-165.8087,61.6965],[-166.0787,61.8024],[-165.6143,61.8701],[-165.7079,62.1009],[-165.1931,62.4742],[-164.7574,62.4968],[-164.8438,62.5818],[-164.5882,62.7085],[-164.7934,62.6235],[-164.8006,62.9186],[-164.383,63.0297],[-164.5234,63.1269],[-164.4082,63.2155],[-163.9438,63.2467],[-163.6162,63.1252],[-163.7386,63.0158],[-163.2886,63.0471],[-162.6226,63.2658],[-162.2842,63.5297],[-161.5066,63.4689],[-160.927,63.6599],[-160.7794,63.8196],[-160.9882,64.2519],[-161.4922,64.4341],[-160.9306,64.58],[-160.8874,64.7952],[-161.1286,64.9254],[-161.7586,64.8161],[-162.7126,64.3768],[-163.2022,64.6529],[-163.303,64.606],[-163.051,64.5192],[-163.1446,64.4237],[-163.7134,64.5886],[-164.977,64.4532],[-166.1435,64.5834],[-166.4819,64.7275],[-166.4135,64.9272],[-166.9283,65.1563],[-166.1579,65.2865],[-167.4035,65.4219],[-168.0875,65.658],[-166.3991,66.1441],[-165.6287,66.1319],[-165.8123,66.2882],[-164.4622,66.5885],[-163.6378,66.5746],[-163.8934,66.5764],[-163.7746,66.5312],[-164.0338,66.2153],[-163.6954,66.0833],[-161.935,66.0434],[-161.4562,66.2812],[-161.035,66.1892],[-161.1214,66.3351],[-161.917,66.4114],[-161.8882,66.493],[-162.6082,66.894],[-162.3598,66.9479],[-162.0178,66.7847],[-162.0502,66.6666],[-161.9098,66.559],[-161.5894,66.46],[-160.2322,66.4201],[-160.3618,66.6128],[-160.8658,66.6701],[-161.3986,66.5521],[-161.8558,66.6996],[-161.8774,66.8038],[-161.6218,66.9791],[-161.719,67.0208],[-163.5334,67.1024],[-164.1238,67.6075],[-166.7879,68.3592],[-166.3811,68.4252],[-166.2083,68.8852],[-163.8682,69.0363],[-163.1626,69.3887],[-162.9538,69.7585],[-161.881,70.3313],[-161.7622,70.2584],[-162.0754,70.1612],[-160.9954,70.3053],[-160.117,70.5917],[-159.9622,70.5674],[-160.0954,70.3331],[-159.865,70.2793],[-159.8146,70.4963],[-159.3862,70.524],[-160.081,70.6351],[-159.6814,70.7862],[-157.9102,70.8608],[-156.4702,71.4077],[-156.5674,71.3417],[-155.581,71.1212],[-156.1462,70.9285],[-155.9734,70.8417],[-154.9437,71.083],[-154.6737,70.9875],[-154.7853,70.8938],[-154.1949,70.8018],[-153.2337,70.932],[-152.3013,70.8469],[-152.4705,70.6542],[-151.7685,70.5605],[-151.9449,70.4529],[-149.2701,70.5015],[-147.7041,70.2168],[-145.8249,70.1595],[-144.6188,69.9824],[-143.2184,70.1161],[-141.4076,69.6526],[-141.0008,69.6508],[-141.0008,60.3007],[-139.9748,60.1827],[-139.676,60.3285],[-139.0784,60.3441],[-139.1864,60.0837],[-137.5916,59.2261],[-137.4368,58.9032],[-136.58,59.1515],[-136.4648,59.4587],[-136.2776,59.4796],[-136.3208,59.6046],[-135.4748,59.7938],[-135.05,59.5785],[-134.9455,59.2886],[-133.4011,58.4102],[-132.2311,57.1985],[-132.3391,57.0787],[-132.0331,57.0266],[-132.1051,56.8565],[-131.8675,56.7922],[-131.8243,56.5891],[-130.0963,56.11],[-130.0243,55.8878]]],[[[-171.4643,63.6408],[-170.8739,63.5939],[-170.4311,63.6981],[-169.5563,63.3734],[-168.7175,63.3109],[-168.8507,63.1721],[-169.3655,63.1703],[-169.6751,62.9568],[-169.8191,63.1217],[-170.5283,63.3786],[-170.9531,63.4533],[-171.5183,63.3318],[-171.7919,63.4255],[-171.7451,63.7033],[-171.4643,63.6408]]],[[[-152.8989,57.8234],[-152.8917,57.7696],[-152.4273,57.8252],[-152.4813,57.7036],[-152.2149,57.5769],[-152.4129,57.4554],[-152.9421,57.4988],[-152.9961,57.4693],[-152.7801,57.4537],[-152.6793,57.3443],[-153.7341,57.0526],[-153.6441,56.9606],[-153.9717,56.7749],[-154.0725,56.82],[-153.7917,56.9901],[-154.1013,57.0214],[-154.0365,57.1221],[-154.2453,57.1429],[-154.3821,57.096],[-154.2381,57.0874],[-154.1841,57.0058],[-154.3389,56.9207],[-154.7061,57.3356],[-154.5369,57.5596],[-154.1157,57.6516],[-153.6873,57.3044],[-153.8385,57.6359],[-153.6945,57.6637],[-153.9069,57.7904],[-153.8421,57.8634],[-153.6945,57.872],[-153.4893,57.7314],[-153.2157,57.7957],[-153.1689,57.9102],[-153.2265,57.9571],[-153.1617,57.9727],[-152.8521,57.8963],[-152.8989,57.8234]]],[[[-72.5101,40.9859],[-72.5821,40.9217],[-71.9017,41.0606],[-73.1941,40.6544],[-73.8997,40.571],[-73.7989,40.6405],[-74.0149,40.5814],[-74.0329,40.6387],[-73.8781,40.7915],[-73.6513,40.8384],[-73.5721,40.92],[-72.6253,40.9911],[-72.2725,41.1526],[-72.5101,40.9859]]],[[[-166.1363,60.384],[-165.7295,60.3146],[-165.7115,60.0698],[-165.6323,60.0282],[-165.5927,59.9136],[-166.1003,59.8493],[-166.1471,59.7643],[-167.1371,60.0091],[-167.4359,60.207],[-166.8347,60.2174],[-166.7843,60.2972],[-166.4747,60.3823],[-166.1363,60.384]]],[[[-163.4758,54.9799],[-163.3786,54.8149],[-163.0834,54.6691],[-163.357,54.7351],[-163.5838,54.6257],[-164.0734,54.6205],[-164.5918,54.4035],[-164.8222,54.4191],[-164.905,54.5441],[-164.887,54.6084],[-164.707,54.6917],[-164.4802,54.9069],[-164.275,54.9],[-163.807,55.0493],[-163.609,55.051],[-163.4758,54.9799]]],[[[-133.5667,56.3391],[-133.2031,56.3201],[-133.0807,56.1933],[-133.0951,56.0909],[-132.5983,55.8947],[-132.1735,55.4798],[-132.5119,55.5944],[-132.6307,55.4729],[-132.4183,55.4833],[-132.1591,55.3236],[-132.2059,55.2246],[-131.9755,55.209],[-132.0223,54.7264],[-132.1879,54.7351],[-132.3427,54.9069],[-132.5479,54.9521],[-132.6235,55.1361],[-132.7027,55.1309],[-132.7027,55.0302],[-132.7819,55.0493],[-133.1203,55.3271],[-132.9583,55.3948],[-133.0807,55.5041],[-133.0339,55.5892],[-133.2967,55.6066],[-133.3687,55.6881],[-133.5523,55.6916],[-133.6819,55.7854],[-133.5847,55.8357],[-133.4119,55.7975],[-133.2427,55.9208],[-133.2895,56.018],[-133.3723,56.0353],[-133.7431,55.9642],[-133.5307,56.1465],[-133.5955,56.2159],[-133.5667,56.3391]]],[[[-135.7304,58.2435],[-135.5864,58.1463],[-135.6152,58.0578],[-135.6944,58.0387],[-135.6116,57.9918],[-135.3452,58.1238],[-134.9563,58.0161],[-134.9707,57.8165],[-135.23,57.8165],[-135.338,57.7679],[-134.9779,57.7245],[-134.8735,57.5891],[-134.9311,57.4814],[-135.5648,57.6672],[-135.608,57.6516],[-135.6188,57.4797],[-135.6908,57.4207],[-135.9104,57.4467],[-136.076,57.6741],[-136.5692,57.9727],[-136.5116,58.096],[-136.3712,58.1429],[-136.3208,58.2192],[-136.1444,58.0977],[-136.094,58.1984],[-135.7304,58.2435]]],[[[-166.6151,53.9001],[-166.5719,53.8532],[-166.4963,53.8827],[-166.3739,53.999],[-166.2299,53.933],[-166.4891,53.7855],[-166.5503,53.7004],[-166.3091,53.6969],[-166.7699,53.4765],[-167.6303,53.2595],[-167.8103,53.3237],[-167.1371,53.5268],[-167.0147,53.6987],[-166.8959,53.6969],[-166.8203,53.6414],[-166.7411,53.7126],[-167.0723,53.7838],[-167.1191,53.8723],[-167.0399,53.9417],[-166.6727,54.006],[-166.6259,53.9955],[-166.6151,53.9001]]],[[[-152.4165,58.3599],[-152.3157,58.4137],[-152.1249,58.3737],[-152.0781,58.313],[-151.9737,58.3095],[-151.9809,58.2435],[-152.1105,58.162],[-152.2689,58.2522],[-152.3337,58.2088],[-152.3085,58.1342],[-152.5389,58.1012],[-152.5713,58.1689],[-152.6829,58.063],[-152.9277,57.9936],[-153.3813,58.0873],[-152.9745,58.2974],[-152.7729,58.2783],[-152.7693,58.346],[-152.8413,58.4171],[-152.6109,58.4449],[-152.4165,58.3599]]],[[[-134.9707,57.3512],[-134.8231,57.1568],[-134.6323,56.7627],[-134.6107,56.603],[-134.6575,56.5232],[-134.6287,56.3027],[-134.6827,56.2159],[-134.8483,56.3235],[-134.9815,56.5197],[-134.9671,56.5961],[-134.8735,56.6707],[-135.0176,56.6603],[-135.158,56.7245],[-135.1616,56.8235],[-135.3308,56.8218],[-135.3164,56.9311],[-135.2012,57.0266],[-135.3416,57.0822],[-135.374,57.1881],[-135.4532,57.2488],[-135.5036,57.2436],[-135.662,57.0335],[-135.8132,57.0092],[-135.7664,57.1013],[-135.824,57.2801],[-135.626,57.3547],[-135.4496,57.5335],[-135.3452,57.5335],[-134.9707,57.3512]]],[[[-155.581,19.0116],[-155.6818,18.9682],[-155.8798,19.0706],[-155.8906,19.3831],[-156.049,19.7494],[-155.8186,20.015],[-155.8942,20.1678],[-155.8726,20.2598],[-155.833,20.2754],[-155.1994,19.9942],[-155.0878,19.8761],[-155.0662,19.7477],[-154.9905,19.732],[-154.9509,19.6452],[-154.8033,19.5237],[-155.0518,19.3189],[-155.311,19.2598],[-155.5342,19.1088],[-155.581,19.0116]]],[[[-134.6791,58.162],[-134.2399,58.1446],[-133.9663,57.8738],[-133.8223,57.629],[-133.9267,57.6707],[-134.2111,58.0387],[-134.3083,58.0352],[-134.2687,57.8842],[-133.9375,57.5821],[-133.9195,57.4919],[-133.9735,57.4519],[-133.9087,57.3686],[-134.0995,57.3009],[-134.2615,57.1464],[-134.4343,57.0561],[-134.5531,57.0579],[-134.6143,57.1377],[-134.4883,57.4814],[-134.6611,57.6377],[-134.7799,58.0786],[-134.9059,58.2626],[-134.9239,58.3546],[-134.6791,58.162]]],[[[-167.9651,53.3445],[-168.2711,53.2386],[-168.5051,53.0425],[-169.0883,52.8324],[-168.7967,53.0442],[-168.7787,53.1484],[-168.6887,53.2265],[-168.3791,53.2838],[-168.3971,53.4088],[-168.2891,53.5008],[-167.9867,53.5581],[-167.8031,53.4852],[-167.8643,53.3879],[-167.9651,53.3445]]],[[[-174.6791,52.0356],[-175.2156,51.9939],[-175.2948,52.0217],[-174.3047,52.2161],[-174.2579,52.2682],[-174.4343,52.3168],[-174.1679,52.421],[-174.0167,52.3325],[-174.0563,52.2457],[-174.1787,52.2005],[-174.1211,52.1345],[-174.6791,52.0356]]],[[[-97.1704,26.1587],[-97.1848,26.1136],[-97.4008,26.8201],[-97.3864,27.1969],[-97.3504,26.801],[-97.1704,26.1587]]],[[[-133.3651,57.004],[-133.3003,56.9728],[-133.2643,57.0058],[-133.0699,56.9745],[-132.9547,56.8808],[-132.9583,56.6777],[-133.0051,56.6239],[-133.3291,56.8304],[-133.1563,56.6117],[-133.1455,56.5284],[-133.2139,56.4641],[-133.4839,56.452],[-133.6315,56.4832],[-133.6891,56.7107],[-133.6819,56.7975],[-133.8223,56.9242],[-133.9807,57.0092],[-133.9627,57.044],[-133.8655,57.0683],[-133.3651,57.004]]],[[[-173.5523,52.1363],[-173.0231,52.079],[-173.4623,52.0408],[-173.8367,52.0477],[-173.9303,52.0721],[-173.9915,52.1241],[-173.7935,52.105],[-173.6567,52.1432],[-173.5523,52.1363]]],[[[172.8107,53.013],[172.9835,52.98],[173.1023,52.9956],[173.4371,52.8515],[173.0807,52.8151],[172.9367,52.7526],[172.7747,52.7977],[172.7207,52.8862],[172.4939,52.9383],[172.6775,53.0078],[172.8107,53.013]]],[[[-147.7365,59.8129],[-147.8481,59.799],[-147.8733,59.8285],[-147.7689,59.9431],[-147.3369,60.1861],[-147.1821,60.358],[-147.0201,60.332],[-146.9589,60.2886],[-147.3189,60.075],[-147.3765,59.9917],[-147.4485,59.9605],[-147.5385,59.8667],[-147.7365,59.8129]]],[[[-130.9783,55.4885],[-131.0827,55.2663],[-131.1871,55.2055],[-131.2627,55.2194],[-131.3167,55.268],[-131.4211,55.2767],[-131.4499,55.3166],[-131.4211,55.3687],[-131.4463,55.4086],[-131.5219,55.3409],[-131.6407,55.2993],[-131.7631,55.1656],[-131.8099,55.2229],[-131.8423,55.3583],[-131.8459,55.4156],[-131.6479,55.5857],[-131.6263,55.8322],[-131.2699,55.9555],[-131.1223,55.8565],[-130.9963,55.7281],[-130.9675,55.669],[-130.9783,55.4885]]],[[[-133.9879,56.8443],[-133.9231,56.7749],[-133.8295,56.7818],[-133.7395,56.6499],[-133.7683,56.5995],[-133.8079,56.6117],[-133.8547,56.5822],[-133.8835,56.485],[-133.8835,56.2923],[-133.9483,56.1274],[-133.9951,56.1013],[-134.0671,56.1326],[-134.1211,56.077],[-134.1895,56.077],[-134.2435,56.2037],[-134.1967,56.4138],[-134.0851,56.4572],[-134.2903,56.5805],[-134.2795,56.6169],[-134.3839,56.7245],[-134.3731,56.8391],[-134.2759,56.919],[-134.1427,56.9329],[-133.9879,56.8443]]],[[[-172.7423,60.4569],[-172.5263,60.391],[-172.3859,60.3979],[-172.2311,60.299],[-172.3967,60.332],[-172.6343,60.3285],[-173.0735,60.4934],[-173.0483,60.5681],[-172.9223,60.6062],[-172.8611,60.5056],[-172.7423,60.4569]]],[[[-132.8611,54.8948],[-132.8143,54.8896],[-132.7711,54.926],[-132.6163,54.8931],[-132.6487,54.7559],[-132.7063,54.6847],[-132.8071,54.709],[-133.0087,54.8549],[-133.1239,54.9694],[-133.2499,55.1743],[-133.4191,55.2107],[-133.4551,55.2611],[-133.4299,55.3045],[-133.2967,55.3253],[-133.0987,55.2142],[-132.9943,55.1101],[-132.9835,55.0337],[-132.8611,54.8948]]],[[[179.4528,51.3724],[179.2764,51.3724],[178.6464,51.6433],[178.6932,51.6554],[178.9092,51.6155],[179.1828,51.4697],[179.4528,51.3724]]],[[[-156.4882,20.9334],[-156.4594,20.9143],[-156.2758,20.9507],[-156.1498,20.8847],[-155.9914,20.7563],[-156.013,20.7146],[-156.1066,20.6452],[-156.3082,20.5983],[-156.409,20.6053],[-156.4378,20.6174],[-156.481,20.8014],[-156.5422,20.7893],[-156.6142,20.8223],[-156.6898,20.9021],[-156.697,20.949],[-156.6574,21.0254],[-156.5854,21.034],[-156.4882,20.9334]]],[[[-80.1854,27.2784],[-80.171,27.2055],[-80.3762,27.643],[-80.4374,27.8513],[-80.3942,27.794],[-80.1854,27.2784]]],[[[-157.7986,21.4559],[-157.7194,21.4576],[-157.705,21.3778],[-157.6366,21.3083],[-157.6906,21.2806],[-157.7986,21.2684],[-157.903,21.3413],[-157.957,21.3274],[-157.9786,21.3778],[-158.0182,21.3674],[-157.9822,21.3153],[-158.1118,21.3187],[-158.137,21.3778],[-158.2378,21.4889],[-158.2378,21.5323],[-158.2738,21.5861],[-158.1226,21.6],[-158.0218,21.692],[-157.9642,21.7007],[-157.8526,21.5531],[-157.831,21.4715],[-157.7986,21.4559]]],[[[-132.1123,56.11],[-132.1339,55.9433],[-132.3679,55.9399],[-132.4075,55.959],[-132.4219,55.9798],[-132.4075,56.0284],[-132.4507,56.0562],[-132.6595,56.0787],[-132.6919,56.1308],[-132.6991,56.1985],[-132.5983,56.2419],[-132.3787,56.4989],[-132.3175,56.4867],[-132.0655,56.2437],[-132.1123,56.11]]],[[[-177.1488,51.7162],[-177.2316,51.6936],[-177.4764,51.7005],[-177.6564,51.6762],[-177.6708,51.7005],[-177.6672,51.7214],[-177.2568,51.8047],[-177.1668,51.9089],[-177.1092,51.928],[-177.0624,51.9019],[-177.1344,51.8064],[-177.1488,51.7162]]],[[[-146.3937,60.45],[-146.3721,60.4222],[-146.1813,60.4292],[-146.1021,60.4118],[-146.2029,60.3684],[-146.5953,60.2677],[-146.6169,60.2729],[-146.7033,60.3962],[-146.6709,60.4326],[-146.5593,60.4813],[-146.3937,60.45]]],[[[-97.354,27.2993],[-97.3864,27.242],[-97.3756,27.3288],[-97.2964,27.5232],[-97.1308,27.7784],[-97.0588,27.8218],[-97.2496,27.5406],[-97.354,27.2993]]],[[[-157.2154,21.2146],[-157.003,21.1885],[-156.9526,21.199],[-156.9166,21.1781],[-156.7114,21.1556],[-156.7474,21.1035],[-156.859,21.0566],[-157.021,21.0983],[-157.291,21.1122],[-157.255,21.1799],[-157.2514,21.2302],[-157.2154,21.2146]]],[[[-75.545,35.2398],[-75.6782,35.212],[-75.689,35.2224],[-75.5378,35.278],[-75.4802,35.5713],[-75.5018,35.7692],[-75.455,35.5644],[-75.509,35.2797],[-75.545,35.2398]]],[[[-177.8796,51.6502],[-177.9012,51.6172],[-177.9264,51.6172],[-178.0596,51.6728],[-178.0776,51.6919],[-177.9984,51.7179],[-177.9768,51.737],[-177.9876,51.7648],[-178.1928,51.8828],[-178.1172,51.9158],[-177.9552,51.9193],[-177.8652,51.8603],[-177.8004,51.8394],[-177.6456,51.8255],[-177.7716,51.7787],[-177.8256,51.6867],[-177.8796,51.6502]]],[[[-176.5944,51.8672],[-176.5872,51.8325],[-176.472,51.8377],[-176.436,51.8203],[-176.436,51.7544],[-176.4684,51.7318],[-176.5116,51.7457],[-176.5584,51.7127],[-176.7708,51.6294],[-176.8356,51.6762],[-176.9616,51.6033],[-176.8752,51.7908],[-176.7348,51.8394],[-176.7456,51.895],[-176.6988,51.9853],[-176.598,51.9818],[-176.5512,51.9436],[-176.5512,51.9193],[-176.5944,51.8672]]],[[[-159.3718,21.9316],[-159.4618,21.876],[-159.5122,21.9003],[-159.6094,21.909],[-159.6454,21.9524],[-159.7498,21.9906],[-159.7894,22.0427],[-159.7282,22.1399],[-159.5806,22.2232],[-159.3538,22.2197],[-159.3034,22.1538],[-159.2998,22.1052],[-159.3286,22.0513],[-159.343,21.9732],[-159.3718,21.9316]]],[[[-153.0069,57.1256],[-153.1581,57.0943],[-153.2337,57.0283],[-153.2949,57.0006],[-153.3741,57.0526],[-153.3561,57.1325],[-153.2841,57.1846],[-152.9349,57.1672],[-152.9061,57.1394],[-153.0069,57.1256]]],[[[-122.5722,48.1574],[-122.5254,48.0254],[-122.5038,48.0792],[-122.367,47.9855],[-122.367,47.9386],[-122.3814,47.923],[-122.4102,47.9178],[-122.493,47.982],[-122.5578,47.9924],[-122.6046,48.0549],[-122.6046,48.1279],[-122.6226,48.1522],[-122.691,48.1747],[-122.7414,48.2251],[-122.7486,48.239],[-122.7234,48.2806],[-122.6298,48.3848],[-122.5722,48.3587],[-122.5362,48.3205],[-122.5434,48.2945],[-122.6982,48.2285],[-122.5974,48.2008],[-122.5722,48.1574]]],[[[-133.3039,55.5441],[-133.2823,55.4972],[-133.4263,55.4312],[-133.4623,55.3774],[-133.5487,55.3166],[-133.6495,55.2698],[-133.6351,55.4139],[-133.7359,55.4972],[-133.6351,55.5388],[-133.4551,55.5215],[-133.3471,55.5597],[-133.3039,55.5441]]],[[[-75.3326,37.8889],[-75.3794,37.8715],[-75.2246,38.0729],[-75.0986,38.2986],[-75.1346,38.1806],[-75.3326,37.8889]]],[[[177.4152,51.8828],[177.3288,51.8412],[177.2604,51.8828],[177.2496,51.9037],[177.3792,51.9766],[177.48,51.9922],[177.5196,52.0182],[177.5628,52.1102],[177.6708,52.1033],[177.6528,52.0599],[177.5952,51.9939],[177.5952,51.9471],[177.4152,51.8828]]],[[[-160.9198,58.5769],[-160.9918,58.5612],[-161.071,58.5699],[-161.1322,58.6689],[-161.0854,58.6706],[-160.9846,58.7366],[-160.7146,58.7956],[-160.9198,58.5769]]],[[[-165.8411,54.0702],[-165.9095,54.0494],[-165.9347,54.0598],[-166.0355,54.0476],[-166.0571,54.0546],[-166.1039,54.1136],[-166.1075,54.1448],[-166.0895,54.1691],[-166.0427,54.1917],[-165.9671,54.2108],[-165.8915,54.2073],[-165.7043,54.1205],[-165.6935,54.0997],[-165.7367,54.0806],[-165.8411,54.0702]]],[[[-132.7783,56.2471],[-132.8323,56.2437],[-132.8899,56.2593],[-133.0339,56.3409],[-133.0375,56.3652],[-133.0159,56.3912],[-132.9007,56.4537],[-132.7063,56.4485],[-132.6451,56.4346],[-132.6307,56.4121],[-132.6307,56.3878],[-132.6523,56.3652],[-132.6451,56.3131],[-132.6703,56.2871],[-132.7783,56.2471]]],[[[-96.7636,28.1534],[-96.7996,28.1482],[-96.7564,28.202],[-96.6808,28.2298],[-96.5188,28.3339],[-96.454,28.3409],[-96.4036,28.3808],[-96.4144,28.3374],[-96.7636,28.1534]]],[[[-80.3834,25.1414],[-80.5814,24.9539],[-80.4554,25.1501],[-80.405,25.1796],[-80.3546,25.2334],[-80.351,25.2977],[-80.2574,25.348],[-80.3834,25.1414]]],[[[-159.8722,55.1292],[-159.9334,55.1066],[-159.9514,55.0788],[-160.0378,55.0441],[-160.171,54.9417],[-160.2286,54.9226],[-160.153,55.0389],[-160.171,55.1222],[-160.135,55.1205],[-160.1026,55.1344],[-160.0378,55.1934],[-159.9802,55.1986],[-159.919,55.268],[-159.8866,55.2732],[-159.8722,55.2628],[-159.8974,55.2212],[-159.8398,55.183],[-159.8722,55.1292]]],[[[-84.9086,29.6429],[-85.0095,29.6064],[-85.1175,29.6325],[-85.0491,29.6377],[-85.0023,29.6273],[-84.8114,29.7175],[-84.7358,29.7332],[-84.9086,29.6429]]],[[[-132.7459,56.5249],[-132.7567,56.511],[-132.8863,56.5127],[-132.9295,56.5249],[-132.9475,56.5666],[-132.9367,56.6065],[-132.8719,56.6968],[-132.8431,56.794],[-132.6559,56.6846],[-132.5983,56.636],[-132.5695,56.5752],[-132.7135,56.5423],[-132.7459,56.5249]]],[[[-144.5648,59.8181],[-144.6152,59.8129],[-144.446,59.95],[-144.3524,59.9969],[-144.2372,60.016],[-144.248,59.9813],[-144.4028,59.9205],[-144.5648,59.8181]]],[[[-131.3383,55.0805],[-131.2375,54.9503],[-131.2303,54.9035],[-131.3311,54.8878],[-131.4067,54.8948],[-131.4463,54.9087],[-131.4571,54.9312],[-131.4319,54.9972],[-131.4823,55.0354],[-131.5399,55.0493],[-131.5939,55.025],[-131.5939,55.091],[-131.5543,55.1378],[-131.5795,55.2003],[-131.5795,55.2489],[-131.5651,55.2646],[-131.5111,55.2628],[-131.4031,55.2125],[-131.3383,55.0805]]],[[[173.7215,52.3602],[173.6567,52.3568],[173.6171,52.3915],[173.4011,52.4054],[173.4227,52.4383],[173.5163,52.4522],[173.6567,52.5043],[173.7755,52.4956],[173.7431,52.447],[173.7215,52.3602]]],[[[-119.883,34.0801],[-119.6778,34.028],[-119.5698,34.0523],[-119.5482,34.028],[-119.5626,34.0072],[-119.811,33.9673],[-119.8866,33.995],[-119.8938,34.0315],[-119.919,34.068],[-119.883,34.0801]]],[[[-160.6858,55.3149],[-160.639,55.3218],[-160.5742,55.3791],[-160.5526,55.3809],[-160.5814,55.308],[-160.531,55.2333],[-160.4842,55.1969],[-160.4878,55.1847],[-160.6102,55.1587],[-160.7002,55.1778],[-160.7506,55.1708],[-160.7938,55.1448],[-160.8262,55.1743],[-160.8478,55.3114],[-160.8406,55.3357],[-160.7902,55.3826],[-160.7254,55.4052],[-160.6714,55.3791],[-160.6678,55.36],[-160.6858,55.3149]]],[[[-148.0209,60.0646],[-148.0749,60.0351],[-148.2729,60.0525],[-148.2297,60.1132],[-148.0785,60.1514],[-147.9129,60.0924],[-148.0209,60.0646]]],[[[-134.3119,58.2297],[-134.3191,58.2036],[-134.4559,58.2071],[-134.5927,58.2435],[-134.6611,58.2904],[-134.6467,58.313],[-134.5207,58.3321],[-134.3983,58.2869],[-134.3119,58.2297]]],[[[-154.6845,56.4364],[-154.7529,56.4121],[-154.7745,56.4207],[-154.7781,56.4398],[-154.7277,56.5023],[-154.6233,56.5614],[-154.5189,56.6013],[-154.4649,56.5978],[-154.4433,56.5735],[-154.5117,56.5214],[-154.6845,56.4364]]],[[[-166.1111,66.2274],[-166.1471,66.2222],[-166.1471,66.2378],[-166.0319,66.2778],[-165.8231,66.3281],[-165.8303,66.3177],[-165.9419,66.2778],[-166.1111,66.2274]]],[[[-95.0392,29.1464],[-95.0896,29.136],[-94.8699,29.2905],[-94.8267,29.3408],[-94.7691,29.3391],[-94.8663,29.2523],[-95.0392,29.1464]]],[[[-70.5085,41.3765],[-70.7857,41.3279],[-70.8289,41.3592],[-70.7605,41.3731],[-70.6741,41.4477],[-70.6165,41.4564],[-70.5265,41.4147],[-70.5085,41.3765]]],[[[-76.5026,34.6426],[-76.5278,34.6322],[-76.4378,34.7572],[-76.2578,34.9151],[-76.2074,34.9394],[-76.3586,34.804],[-76.5026,34.6426]]],[[[-147.6573,60.45],[-147.6573,60.424],[-147.6897,60.3997],[-147.6609,60.3528],[-147.7329,60.2226],[-147.7617,60.1896],[-147.7869,60.1775],[-147.8157,60.1844],[-147.8229,60.2035],[-147.8049,60.2313],[-147.8697,60.2295],[-147.8913,60.299],[-147.8553,60.3215],[-147.7941,60.4604],[-147.7797,60.4656],[-147.7617,60.4396],[-147.7365,60.4483],[-147.6897,60.4917],[-147.6573,60.45]]],[[[-172.4651,52.2717],[-172.5407,52.2578],[-172.6199,52.2734],[-172.5839,52.3255],[-172.4687,52.388],[-172.3823,52.3724],[-172.3139,52.329],[-172.4651,52.2717]]],[[[-169.6931,52.848],[-169.7075,52.8064],[-169.7219,52.7925],[-169.8767,52.8133],[-169.9811,52.8064],[-169.9919,52.8307],[-169.9811,52.8515],[-169.8191,52.8828],[-169.7543,52.8845],[-169.7111,52.8671],[-169.6931,52.848]]],[[[-169.7543,56.6343],[-169.6247,56.6152],[-169.5491,56.6273],[-169.4843,56.6169],[-169.4735,56.5943],[-169.5851,56.5423],[-169.6319,56.5457],[-169.7651,56.6082],[-169.7543,56.6343]]],[[[179.7264,51.9054],[179.6436,51.8811],[179.55,51.8932],[179.496,51.9332],[179.5032,51.98],[179.6256,52.0304],[179.7804,51.9662],[179.7264,51.9054]]],[[[-152.4849,58.4848],[-152.5173,58.4779],[-152.5893,58.5092],[-152.6361,58.5421],[-152.6037,58.5664],[-152.4633,58.6185],[-152.3661,58.6116],[-152.3553,58.5942],[-152.3625,58.5716],[-152.3913,58.5404],[-152.4849,58.4848]]],[[[-153.2409,57.8495],[-153.2697,57.8217],[-153.2949,57.8286],[-153.4641,57.9102],[-153.5181,57.9415],[-153.5217,57.9554],[-153.4821,57.971],[-153.3453,57.9328],[-153.2913,57.8981],[-153.2409,57.8495]]],[[[-88.8291,29.8078],[-88.8543,29.7766],[-88.8291,29.9276],[-88.8687,30.0561],[-88.8255,30.0005],[-88.8111,29.9328],[-88.8291,29.8078]]],[[[-170.1611,57.1846],[-170.2655,57.136],[-170.3591,57.1533],[-170.3879,57.2037],[-170.1179,57.2419],[-170.1611,57.1846]]],[[[-118.3494,33.3857],[-118.299,33.3128],[-118.371,33.3215],[-118.4466,33.3163],[-118.4934,33.4135],[-118.5078,33.4274],[-118.5582,33.4326],[-118.569,33.4638],[-118.5546,33.4777],[-118.3926,33.4152],[-118.3494,33.3857]]],[[[-162.5542,54.4018],[-162.6406,54.3792],[-162.7342,54.4018],[-162.8134,54.4452],[-162.8206,54.4938],[-162.6442,54.4625],[-162.6082,54.4469],[-162.5542,54.4018]]],[[[-120.045,33.9187],[-120.1134,33.9048],[-120.1674,33.9187],[-120.2502,34.0141],[-120.0702,34.0263],[-119.9838,33.9725],[-120.045,33.9187]]],[[[-69.9793,41.2654],[-70.0549,41.2498],[-70.2313,41.2863],[-70.0621,41.3279],[-70.0405,41.3974],[-69.9865,41.2984],[-69.9793,41.2654]]],[[[-91.7919,29.5005],[-91.8315,29.4866],[-91.9971,29.5734],[-92.0079,29.6099],[-91.9251,29.6446],[-91.8747,29.6412],[-91.7667,29.5839],[-91.7559,29.5665],[-91.7631,29.5387],[-91.7919,29.5005]]],[[[-165.5603,54.1362],[-165.6035,54.1292],[-165.6143,54.1396],[-165.6215,54.183],[-165.6539,54.2525],[-165.5891,54.2785],[-165.5495,54.2837],[-165.4883,54.2212],[-165.4091,54.1969],[-165.4667,54.1813],[-165.5603,54.1362]]],[[[-88.0731,30.2522],[-88.1595,30.2314],[-88.2891,30.2331],[-88.3179,30.2401],[-88.2639,30.254],[-88.1091,30.2731],[-88.0731,30.2522]]],[[[-81.4202,30.9709],[-81.4634,30.7279],[-81.4814,30.8147],[-81.485,30.898],[-81.4526,30.9466],[-81.4202,30.9709]]],[[[-170.7335,52.5807],[-170.7983,52.5495],[-170.8163,52.5616],[-170.8271,52.6015],[-170.6831,52.697],[-170.6075,52.6849],[-170.5859,52.6675],[-170.5859,52.6432],[-170.6147,52.6102],[-170.6507,52.5929],[-170.6939,52.5929],[-170.7335,52.5807]]],[[[-156.8482,20.7719],[-156.9094,20.7441],[-156.9742,20.758],[-156.9886,20.8257],[-157.0498,20.9125],[-156.9418,20.9299],[-156.8806,20.9056],[-156.8086,20.8309],[-156.8482,20.7719]]],[[[-118.3494,32.8285],[-118.407,32.818],[-118.4718,32.8389],[-118.5294,32.9361],[-118.5906,33.0107],[-118.5582,33.0333],[-118.5078,32.9604],[-118.3494,32.8285]]],[[[-122.781,48.673],[-122.7702,48.6504],[-122.8098,48.6296],[-122.8386,48.6261],[-122.8818,48.6608],[-122.9034,48.6643],[-122.8854,48.6122],[-122.8926,48.5948],[-122.9862,48.6261],[-123.0042,48.6521],[-122.9754,48.6799],[-122.9178,48.7077],[-122.8962,48.7111],[-122.781,48.673]]],[[[-97.0156,27.9017],[-97.0372,27.8999],[-96.9868,27.9815],[-96.9796,28.0145],[-96.9004,28.1169],[-96.8572,28.1326],[-96.8392,28.0892],[-96.922,28.0163],[-97.0156,27.9017]]],[[[-154.2093,56.5145],[-154.2561,56.5127],[-154.3317,56.5388],[-154.3209,56.57],[-154.2165,56.6082],[-154.1121,56.603],[-154.1013,56.5822],[-154.1157,56.544],[-154.2093,56.5145]]],[[[-68.1865,44.3329],[-68.2441,44.3139],[-68.3089,44.3208],[-68.3089,44.2687],[-68.3161,44.2496],[-68.4133,44.2948],[-68.4097,44.3642],[-68.3485,44.4302],[-68.2981,44.4562],[-68.2369,44.4388],[-68.1901,44.3642],[-68.1865,44.3329]]],[[[-160.1818,21.8413],[-160.1998,21.7962],[-160.2358,21.8031],[-160.243,21.843],[-160.2214,21.8968],[-160.1638,21.9437],[-160.099,22.0149],[-160.0486,22.0045],[-160.0774,21.9576],[-160.081,21.9073],[-160.153,21.8795],[-160.1818,21.8413]]],[[[-74.1337,39.6805],[-74.2489,39.5294],[-74.2525,39.5589],[-74.1049,39.7464],[-74.1337,39.6805]]],[[[-176.022,52.0026],[-176.0436,51.9731],[-176.1444,52.0043],[-176.1768,52.0304],[-176.184,52.0564],[-176.1552,52.0998],[-176.076,52.0998],[-176.0328,52.0825],[-175.9896,52.0495],[-175.9752,52.0287],[-176.022,52.0026]]],[[[-82.0826,26.5528],[-82.0862,26.4938],[-82.1366,26.5927],[-82.169,26.7004],[-82.1222,26.6656],[-82.0826,26.5528]]],[[[-81.0458,24.7161],[-81.089,24.6935],[-81.1358,24.7109],[-81.0854,24.7335],[-80.9306,24.7595],[-80.9882,24.7283],[-81.0458,24.7161]]],[[[-75.7826,35.1894],[-75.9626,35.1182],[-75.9842,35.1234],[-75.8654,35.1738],[-75.7826,35.1894]]],[[[-162.2986,54.8462],[-162.3202,54.8427],[-162.3922,54.8722],[-162.4174,54.8965],[-162.4354,54.9312],[-162.295,54.9833],[-162.2662,54.9833],[-162.2374,54.9556],[-162.2338,54.9312],[-162.2734,54.867],[-162.2986,54.8462]]],[[[-176.0076,51.8117],[-176.094,51.7908],[-176.2056,51.8342],[-176.1948,51.8863],[-176.0724,51.8429],[-176.0076,51.8117]]],[[[-147.9309,60.8267],[-148.0569,60.818],[-148.1145,60.8302],[-148.1253,60.8441],[-148.1001,60.8944],[-148.1001,60.9153],[-148.0389,60.9239],[-147.9633,60.8996],[-147.9417,60.8753],[-147.9309,60.8267]]],[[[-71.2429,41.4911],[-71.2897,41.4651],[-71.3473,41.4685],[-71.3185,41.5067],[-71.3077,41.5605],[-71.2789,41.6196],[-71.2645,41.6387],[-71.2321,41.6543],[-71.2429,41.4911]]],[[[-160.3294,55.3375],[-160.3438,55.2594],[-160.4806,55.3097],[-160.5166,55.334],[-160.4914,55.3531],[-160.3618,55.3566],[-160.3294,55.3375]]],[[[-123.0114,48.5011],[-122.9862,48.4681],[-123.0942,48.4889],[-123.141,48.508],[-123.1698,48.5862],[-123.1626,48.607],[-123.1158,48.6139],[-123.0258,48.5393],[-123.0114,48.5011]]],[[[-145.1193,60.3372],[-145.1517,60.3129],[-145.2381,60.3215],[-145.2849,60.3372],[-145.1265,60.4014],[-145.1013,60.3875],[-145.1193,60.3372]]],[[[-152.0205,60.3615],[-152.0673,60.358],[-152.0061,60.4066],[-151.9593,60.5038],[-151.8981,60.4899],[-151.8873,60.4726],[-151.9881,60.3736],[-152.0205,60.3615]]],[[[-155.5666,55.8218],[-155.6062,55.7888],[-155.6818,55.7923],[-155.725,55.8027],[-155.7358,55.8305],[-155.6206,55.9138],[-155.5954,55.9242],[-155.5738,55.9208],[-155.563,55.8861],[-155.5666,55.8218]]],[[[-159.5158,55.1517],[-159.5194,55.0719],[-159.5338,55.0597],[-159.5626,55.0805],[-159.6166,55.058],[-159.649,55.0753],[-159.6346,55.1031],[-159.6382,55.1239],[-159.5986,55.1257],[-159.5878,55.1656],[-159.595,55.1812],[-159.5734,55.2177],[-159.5446,55.2264],[-159.5158,55.1517]]],[[[-82.0358,26.4538],[-82.0718,26.4278],[-82.1438,26.4469],[-82.1834,26.4816],[-82.2014,26.5476],[-82.1402,26.4764],[-82.115,26.4608],[-82.0358,26.4538]]],[[[-74.1877,40.5224],[-74.2345,40.5189],[-74.1877,40.6144],[-74.1013,40.6578],[-74.0689,40.6491],[-74.0689,40.6162],[-74.0797,40.5867],[-74.1373,40.5415],[-74.1877,40.5224]]],[[[-88.5591,30.2158],[-88.5699,30.2054],[-88.6599,30.2262],[-88.7139,30.2453],[-88.7211,30.2644],[-88.5735,30.2297],[-88.5591,30.2158]]],[[[-89.2251,30.0838],[-89.2215,30.037],[-89.2683,30.0613],[-89.3403,30.063],[-89.2863,30.0942],[-89.2755,30.1116],[-89.1855,30.1689],[-89.2107,30.1255],[-89.2251,30.0838]]],[[[-166.2083,53.723],[-166.2227,53.7213],[-166.2479,53.7456],[-166.2515,53.7681],[-166.1867,53.8219],[-166.1543,53.8358],[-166.1147,53.8428],[-166.1039,53.8324],[-166.1399,53.7872],[-166.1831,53.7577],[-166.2083,53.723]]],[[[-119.4366,33.2173],[-119.4834,33.2156],[-119.5446,33.2243],[-119.5734,33.2781],[-119.5266,33.2815],[-119.4798,33.2746],[-119.4438,33.2329],[-119.4366,33.2173]]],[[[-122.3958,47.3953],[-122.3994,47.3727],[-122.4354,47.3553],[-122.457,47.3588],[-122.457,47.3866],[-122.4678,47.39],[-122.511,47.3588],[-122.5074,47.4213],[-122.4858,47.489],[-122.4678,47.4907],[-122.4426,47.4456],[-122.3958,47.3953]]],[[[-120.3078,34.0246],[-120.3582,34.0228],[-120.441,34.0332],[-120.4122,34.0558],[-120.369,34.0732],[-120.3078,34.0246]]],[[[-176.2884,51.7926],[-176.3496,51.7335],[-176.3964,51.7596],[-176.4144,51.8412],[-176.3784,51.862],[-176.2812,51.803],[-176.2884,51.7926]]],[[[178.5744,51.9158],[178.5132,51.8985],[178.4772,51.9419],[178.4736,51.9679],[178.5096,51.9939],[178.5708,51.9783],[178.6068,51.9523],[178.5744,51.9158]]],[[[-122.8206,48.4317],[-122.835,48.4212],[-122.889,48.4351],[-122.9214,48.4577],[-122.9322,48.4855],[-122.9106,48.5375],[-122.8854,48.5514],[-122.8674,48.548],[-122.8602,48.5011],[-122.8134,48.4525],[-122.8206,48.4317]]],[[[-76.5458,34.6547],[-76.5674,34.653],[-76.607,34.6634],[-76.661,34.6842],[-76.6754,34.6999],[-76.6214,34.6947],[-76.5458,34.6547]]],[[[-122.4966,47.5949],[-122.5038,47.5758],[-122.5578,47.5984],[-122.5758,47.6192],[-122.5722,47.6661],[-122.5614,47.6973],[-122.5506,47.7043],[-122.5074,47.6834],[-122.4966,47.5949]]],[[[-81.3338,24.6501],[-81.3662,24.6293],[-81.3806,24.6363],[-81.3806,24.6658],[-81.4202,24.7335],[-81.4202,24.7508],[-81.323,24.6849],[-81.3194,24.6675],[-81.3338,24.6501]]],[[[-75.635,35.856],[-75.6494,35.8352],[-75.7178,35.9463],[-75.6494,35.9099],[-75.635,35.8803],[-75.635,35.856]]],[[[-71.3653,41.4859],[-71.3941,41.4668],[-71.4049,41.5154],[-71.3833,41.571],[-71.3653,41.571],[-71.3545,41.5415],[-71.3653,41.4859]]],[[[-159.361,54.9729],[-159.3934,54.9677],[-159.4222,54.9781],[-159.4582,55.0354],[-159.4618,55.058],[-159.3898,55.0406],[-159.3646,54.999],[-159.361,54.9729]]],[[[-81.5678,24.5998],[-81.6326,24.5894],[-81.5786,24.6293],[-81.5606,24.6883],[-81.5318,24.6432],[-81.5318,24.6137],[-81.5678,24.5998]]],[[[-88.8903,29.7123],[-88.9443,29.6602],[-88.9407,29.6811],[-88.9011,29.7332],[-88.8723,29.7523],[-88.8903,29.7123]]],[[[-122.853,47.2043],[-122.8638,47.1852],[-122.8782,47.1869],[-122.907,47.2269],[-122.9106,47.2546],[-122.8854,47.2755],[-122.8494,47.2164],[-122.853,47.2043]]],[[[-68.6221,44.1958],[-68.6617,44.1767],[-68.7013,44.1819],[-68.7013,44.2323],[-68.6905,44.2479],[-68.6761,44.2566],[-68.6545,44.2427],[-68.6221,44.1958]]],[[[-81.7838,24.5442],[-81.809,24.5425],[-81.8126,24.5581],[-81.7694,24.5772],[-81.737,24.5755],[-81.7406,24.5547],[-81.7838,24.5442]]],[[[-80.8298,24.8029],[-80.8478,24.8029],[-80.8406,24.8185],[-80.801,24.8463],[-80.7866,24.8359],[-80.7866,24.8203],[-80.8298,24.8029]]],[[[-80.639,24.9036],[-80.6642,24.8984],[-80.6246,24.9418],[-80.6138,24.9383],[-80.639,24.9036]]]]}},{"type":"Feature","properties":{"iso":"858","name":"우루과이","en":"Uruguay"},"geometry":{"type":"Polygon","coordinates":[[[-53.3723,-33.7421],[-53.7863,-34.3809],[-54.1679,-34.6708],[-54.9023,-34.933],[-55.6728,-34.775],[-56.2488,-34.9017],[-57.1704,-34.4521],[-57.8724,-34.4469],[-58.4016,-33.9122],[-58.4376,-33.7195],[-58.362,-33.1831],[-58.092,-32.9678],[-58.1892,-31.9245],[-57.9876,-31.6207],[-58.0344,-31.4158],[-57.8112,-30.8586],[-57.8724,-30.5912],[-57.6456,-30.2267],[-57.2136,-30.284],[-57.12,-30.1451],[-56.832,-30.1069],[-56.0436,-30.777],[-56.004,-31.079],[-55.6044,-30.8516],[-55.1724,-31.2804],[-54.5891,-31.4853],[-54.2219,-31.855],[-53.7611,-32.0564],[-53.6027,-32.4036],[-53.1239,-32.7369],[-53.5307,-33.1709],[-53.5307,-33.6553],[-53.3723,-33.7421]]]}},{"type":"Feature","properties":{"iso":"860","name":"우즈베키스탄","en":"Uzbekistan"},"geometry":{"type":"MultiPolygon","coordinates":[[[[70.9477,42.248],[71.2285,42.1629],[70.1773,41.5397],[70.6885,41.4494],[70.7821,41.262],[71.3941,41.1231],[71.4193,41.3418],[71.5849,41.3331],[71.6641,41.5415],[71.8801,41.1943],[72.1645,41.1734],[72.1861,41.0259],[73.1365,40.8106],[72.6037,40.5259],[72.4021,40.578],[72.3589,40.4009],[72.1321,40.4391],[71.6929,40.1527],[71.3041,40.2863],[70.6021,40.2134],[70.3681,40.4113],[70.7497,40.7394],[70.4005,41.0345],[69.7129,40.6578],[69.3565,40.7672],[69.2053,40.5658],[69.2737,40.1978],[68.6293,40.1665],[68.9713,40.0902],[68.8057,40.0502],[68.8705,39.9079],[68.6401,39.8384],[68.5069,39.5624],[67.7185,39.6214],[67.4269,39.4652],[67.3585,39.2169],[67.6501,39.1319],[67.6933,38.9947],[68.1325,38.927],[68.0857,38.4739],[68.3521,38.2118],[67.8625,37.5712],[67.7581,37.1719],[66.5233,37.349],[66.5737,38.0104],[65.9725,38.2448],[65.6125,38.2378],[63.762,39.1614],[62.484,39.9756],[61.9044,41.0936],[61.4976,41.2758],[60.4536,41.222],[60.09,41.3991],[60.0756,41.7602],[60.2016,41.8036],[59.9424,41.9737],[59.9856,42.2116],[59.3556,42.3227],[58.5888,42.7792],[58.1532,42.6282],[58.4736,42.3001],[58.0272,42.4876],[57.8148,42.189],[57.2892,42.123],[56.9652,41.8574],[57.12,41.3505],[57.0192,41.2637],[55.9788,41.3227],[55.9752,44.9944],[58.5564,45.5551],[61.008,44.3937],[61.9908,43.4927],[63.2076,43.6281],[64.4424,43.5517],[64.9068,43.7149],[65.4973,43.3104],[65.8033,42.8764],[66.1021,42.991],[66.0085,42.005],[66.4981,41.9946],[66.7105,41.1786],[67.9345,41.196],[68.1145,41.0293],[68.0461,40.8089],[68.4133,40.6196],[68.5717,40.6231],[68.5825,40.8766],[69.1549,41.4251],[70.9477,42.248]],[[70.6525,40.9373],[70.6489,40.9616],[70.6201,41.0016],[70.5733,41.0241],[70.5517,41.0154],[70.5697,40.9825],[70.6237,40.9339],[70.6525,40.9373]]],[[[71.2069,39.8923],[71.1565,39.8836],[71.0629,39.8853],[71.0125,39.8957],[71.0449,39.9756],[71.0449,39.9929],[70.9729,40.0381],[70.9621,40.0884],[70.9765,40.1336],[71.0053,40.1527],[71.0233,40.1492],[71.0809,40.0797],[71.1313,40.0589],[71.2285,40.0485],[71.1781,39.9791],[71.2141,39.9061],[71.2069,39.8923]]],[[[71.7793,39.9495],[71.7541,39.9079],[71.7073,39.9183],[71.6677,39.9461],[71.6821,39.9686],[71.7361,39.9808],[71.7649,39.9929],[71.7901,39.9947],[71.7793,39.9495]]]]}},{"type":"Feature","properties":{"iso":"548","name":"바누아투","en":"Vanuatu"},"geometry":{"type":"MultiPolygon","coordinates":[[[[166.7447,-14.8266],[166.8095,-15.1582],[166.9247,-15.1391],[166.9859,-14.9394],[167.0759,-14.9359],[167.0687,-15.0714],[167.1299,-15.1356],[167.2019,-15.4429],[167.1983,-15.4863],[167.0939,-15.58],[166.9355,-15.5783],[166.8275,-15.6356],[166.7591,-15.6303],[166.7591,-15.5661],[166.6295,-15.4064],[166.6475,-15.212],[166.5287,-14.8509],[166.5251,-14.7606],[166.5683,-14.6426],[166.6079,-14.6374],[166.7447,-14.8266]]],[[[167.4143,-16.0956],[167.4827,-16.1182],[167.4971,-16.1668],[167.6411,-16.264],[167.6807,-16.2605],[167.7131,-16.3143],[167.7743,-16.3404],[167.8355,-16.4497],[167.7599,-16.5157],[167.6123,-16.4983],[167.5259,-16.5747],[167.4503,-16.5556],[167.3495,-16.1546],[167.3171,-16.1147],[167.2163,-16.1546],[167.1515,-16.08],[167.1983,-15.8855],[167.2523,-15.8769],[167.3351,-15.9168],[167.4143,-16.0956]]],[[[168.2135,-15.9706],[168.1955,-15.9723],[168.1235,-15.6807],[168.1595,-15.462],[168.1847,-15.5088],[168.2675,-15.8925],[168.2567,-15.955],[168.2135,-15.9706]]],[[[168.4475,-17.5417],[168.5447,-17.684],[168.5843,-17.6962],[168.5231,-17.7986],[168.4007,-17.8073],[168.2531,-17.7813],[168.3071,-17.7465],[168.2783,-17.7066],[168.2315,-17.6979],[168.1811,-17.717],[168.1595,-17.7101],[168.1919,-17.6441],[168.2747,-17.5521],[168.4475,-17.5417]]],[[[168.1883,-15.3283],[168.1703,-15.3908],[168.1307,-15.3196],[168.1055,-15.0158],[168.1163,-14.988],[168.1379,-14.9863],[168.1883,-15.1963],[168.1883,-15.3283]]],[[[169.3331,-18.9409],[169.2899,-18.9878],[169.2467,-18.9826],[168.9875,-18.8715],[168.9983,-18.8246],[168.9875,-18.7083],[169.0163,-18.6441],[169.0883,-18.618],[169.1423,-18.6319],[169.1783,-18.7256],[169.2575,-18.7638],[169.1999,-18.7951],[169.2971,-18.8663],[169.3331,-18.9409]]],[[[168.2963,-16.3369],[168.1811,-16.3473],[168.0227,-16.3161],[167.9579,-16.2727],[167.9291,-16.2293],[167.9831,-16.1963],[168.0659,-16.1807],[168.1631,-16.0817],[168.1991,-16.1199],[168.2351,-16.231],[168.2963,-16.2987],[168.2963,-16.3369]]],[[[168.4475,-16.7796],[168.4763,-16.7935],[168.4619,-16.8351],[168.3215,-16.7883],[168.1811,-16.8039],[168.1487,-16.7657],[168.1235,-16.6893],[168.1343,-16.6372],[168.1991,-16.5938],[168.2639,-16.6702],[168.2963,-16.6841],[168.3647,-16.7588],[168.4475,-16.7796]]],[[[169.4915,-19.5398],[169.4375,-19.6492],[169.3475,-19.6232],[169.2611,-19.545],[169.2179,-19.4756],[169.2467,-19.3454],[169.2899,-19.3211],[169.3367,-19.3298],[169.3583,-19.4582],[169.4915,-19.5398]]],[[[167.9111,-15.4359],[167.8427,-15.4811],[167.7203,-15.4776],[167.6735,-15.4515],[167.8247,-15.3127],[168.0011,-15.2831],[167.9111,-15.4359]]],[[[167.4899,-13.9065],[167.4755,-13.9169],[167.4503,-13.91],[167.3927,-13.7884],[167.4071,-13.7485],[167.4827,-13.7103],[167.5475,-13.7763],[167.5547,-13.8145],[167.5547,-13.8457],[167.5439,-13.8735],[167.4971,-13.8839],[167.4899,-13.9065]]],[[[167.5835,-14.2606],[167.5439,-14.311],[167.4287,-14.2954],[167.4035,-14.2815],[167.4107,-14.1981],[167.4395,-14.1686],[167.5079,-14.1426],[167.5979,-14.1843],[167.5835,-14.2606]]],[[[169.8947,-20.1874],[169.8623,-20.2412],[169.8083,-20.2412],[169.7363,-20.203],[169.7507,-20.1526],[169.8299,-20.144],[169.8515,-20.1474],[169.8947,-20.1874]]],[[[167.2199,-15.7241],[167.2019,-15.7501],[167.0939,-15.6859],[167.1191,-15.6234],[167.2343,-15.6442],[167.2199,-15.7241]]]]}},{"type":"Feature","properties":{"iso":"336","name":"바티칸","en":"Vatican"},"geometry":{"type":"Polygon","coordinates":[[[12.4399,41.8991],[12.4291,41.8973],[12.4291,41.906],[12.4399,41.906],[12.4399,41.8991]]]}},{"type":"Feature","properties":{"iso":"862","name":"베네수엘라","en":"Venezuela"},"geometry":{"type":"MultiPolygon","coordinates":[[[[-60.018,8.5487],[-59.8488,8.2484],[-60.5148,7.8126],[-60.72,7.5366],[-60.6336,7.2102],[-60.324,7.1339],[-60.3528,7.0037],[-60.7164,6.7676],[-61.1448,6.6947],[-61.1304,6.2138],[-61.3896,5.9395],[-60.6732,5.1635],[-60.6264,4.8927],[-61.0044,4.5351],[-61.2816,4.5177],[-61.5552,4.2886],[-62.7108,4.0177],[-62.8584,3.5942],[-63.3372,3.9431],[-64.0212,3.9292],[-64.194,4.1271],[-64.5756,4.1393],[-64.788,4.2764],[-64.2228,3.5872],[-64.0464,2.5022],[-63.3876,2.4119],[-63.3948,2.2227],[-64.0068,1.9311],[-64.2048,1.53],[-65.0257,1.1585],[-65.5549,0.6881],[-65.6449,0.9711],[-66.3001,0.7523],[-66.8761,1.2228],[-67.2109,2.3894],[-67.6177,2.7939],[-67.8589,2.7939],[-67.3117,3.4153],[-67.6609,3.865],[-67.8553,4.5073],[-67.8265,5.2711],[-67.4737,5.9308],[-67.4809,6.1808],[-67.8589,6.2902],[-69.4285,6.1235],[-70.1305,6.9533],[-70.7389,7.0905],[-71.1277,6.9863],[-72.0061,7.0332],[-72.2077,7.37],[-72.4705,7.5245],[-72.3625,8.1529],[-72.7981,9.1094],[-73.0573,9.2587],[-73.3669,9.1945],[-73.0069,9.79],[-72.6901,10.835],[-72.2473,11.1961],[-71.9593,11.6666],[-71.3185,11.8627],[-71.9557,11.5694],[-71.6425,11.0138],[-71.7325,10.9947],[-71.5957,10.658],[-72.1141,9.816],[-71.6857,9.073],[-71.2429,9.1598],[-71.0845,9.349],[-71.0521,9.7066],[-71.5453,10.7795],[-71.4697,10.9635],[-70.2313,11.3732],[-70.0981,11.519],[-69.8065,11.4739],[-69.8173,11.6718],[-70.1917,11.6249],[-70.2853,11.8853],[-70.2025,12.0988],[-70.0045,12.1787],[-69.6301,11.4791],[-68.8273,11.4322],[-68.3989,11.1614],[-68.1397,10.493],[-66.2461,10.6319],[-65.8501,10.2569],[-65.1301,10.0694],[-64.1868,10.4583],[-63.7332,10.5034],[-64.2984,10.6354],[-61.8792,10.7413],[-62.3796,10.5468],[-62.9124,10.5312],[-62.6856,10.2899],[-62.7396,10.0556],[-62.5488,10.1996],[-62.322,9.783],[-62.0772,9.9757],[-61.7352,9.632],[-61.7676,9.8143],[-61.5876,9.8941],[-60.792,9.3612],[-61.0224,9.1546],[-61.2456,8.6008],[-61.62,8.5973],[-61.3032,8.4098],[-60.7992,8.5921],[-60.018,8.5487]]],[[[-63.8484,11.1301],[-63.816,10.9999],[-63.9168,10.8871],[-64.0536,10.8836],[-64.1004,10.901],[-64.1616,10.9583],[-64.2192,10.9409],[-64.4028,10.9808],[-64.3488,11.052],[-64.212,11.0867],[-64.1832,11.0433],[-64.1112,11.0052],[-64.0284,11.0017],[-64.0068,11.0676],[-63.8916,11.1666],[-63.8484,11.1301]]],[[[-60.9972,8.8681],[-61.0584,8.8473],[-61.0692,8.948],[-61.0512,8.974],[-60.9432,9.0556],[-60.9144,9.0695],[-60.8928,9.0539],[-60.9,9.0313],[-60.8496,8.9949],[-60.8604,8.9497],[-60.918,8.8994],[-60.9972,8.8681]]],[[[-60.8208,9.1389],[-60.9396,9.106],[-60.9396,9.132],[-60.9072,9.1789],[-60.846,9.191],[-60.8208,9.2084],[-60.7812,9.2188],[-60.7596,9.2171],[-60.7344,9.2032],[-60.792,9.1771],[-60.8208,9.1389]]],[[[-65.2129,10.9062],[-65.2669,10.8836],[-65.3641,10.9062],[-65.4145,10.9374],[-65.3821,10.9739],[-65.3029,10.9739],[-65.2273,10.9305],[-65.2129,10.9062]]]]}},{"type":"Feature","properties":{"iso":"704","name":"베트남","en":"Vietnam"},"geometry":{"type":"MultiPolygon","coordinates":[[[[107.9741,21.508],[107.4089,21.284],[107.3549,21.0549],[107.1641,20.949],[106.6817,21.0011],[106.7537,20.7355],[106.5521,20.5271],[106.5197,20.2893],[105.9833,19.9386],[105.6233,18.9665],[105.8897,18.503],[106.4981,17.9457],[106.4801,17.72],[106.3541,17.7652],[107.8337,16.3225],[108.0281,16.3312],[108.8201,15.3781],[109.3025,13.8557],[109.2701,13.2793],[109.4465,12.5988],[109.3349,12.7516],[109.2197,12.6457],[109.2593,11.9547],[108.9857,11.3367],[107.2613,10.3976],[107.0057,10.6597],[106.9481,10.401],[106.7285,10.5364],[106.6061,10.4653],[106.7429,10.4444],[106.7573,10.2951],[106.4657,10.2986],[106.7861,10.1163],[106.5953,9.8594],[106.1381,10.2222],[106.5737,9.6407],[106.3793,9.5556],[105.8321,10],[106.1597,9.5938],[106.1669,9.3959],[105.5009,9.0938],[105.1157,8.6286],[104.77,8.5973],[104.896,8.7466],[104.8456,9.6059],[105.0941,9.9445],[104.428,10.4114],[104.8492,10.5347],[105.0473,10.7014],[105.0473,10.9114],[105.3137,10.8454],[105.7565,10.9895],[106.1633,10.7951],[106.1597,11.0364],[105.8573,11.2951],[105.8501,11.6353],[106.0049,11.7586],[106.4009,11.6874],[106.4153,11.9478],[107.5061,12.3644],[107.4737,13.0311],[107.6069,13.4373],[107.3297,14.1265],[107.5349,14.6508],[107.4809,14.9806],[107.6537,15.2549],[107.1677,15.8017],[107.3981,16.043],[106.8509,16.5152],[106.6565,16.4927],[106.5017,16.9544],[105.6917,17.7374],[105.4577,18.154],[105.1625,18.338],[105.1481,18.6505],[103.8916,19.305],[104.0644,19.4821],[104.032,19.6748],[104.5864,19.6192],[104.9284,20.0185],[104.8492,20.2025],[104.3668,20.4421],[104.5828,20.6469],[104.1004,20.9455],[103.636,20.6973],[103.1032,20.8917],[102.8512,21.2667],[102.9484,21.6816],[102.8152,21.8066],[102.6604,21.6764],[102.1276,22.3794],[102.4696,22.751],[102.9808,22.4489],[103.3264,22.77],[103.492,22.5878],[103.6216,22.7822],[103.942,22.5409],[104.1436,22.7996],[104.3704,22.7041],[104.6872,22.8221],[104.8636,23.1363],[105.2741,23.3447],[105.8429,22.9228],[106.1489,22.9697],[106.7789,22.7787],[106.5521,22.501],[106.6637,21.9784],[106.9697,21.9246],[107.3513,21.6087],[107.7581,21.6555],[107.9741,21.508]]],[[[104.0644,10.3906],[104.0824,10.3403],[104.0752,10.2257],[104.0356,10.1111],[104.05,10.0608],[104.0176,10.0295],[103.9528,10.243],[103.8664,10.3351],[103.8484,10.3715],[103.8988,10.368],[103.9852,10.4271],[104.0284,10.4288],[104.0644,10.3906]]],[[[107.6033,21.2163],[107.4593,21.0913],[107.4053,21.0931],[107.4521,21.2354],[107.4773,21.2684],[107.5637,21.2198],[107.6033,21.2163]]],[[[107.5205,20.9264],[107.4665,20.9004],[107.3981,20.9038],[107.4773,20.9525],[107.5205,21.0132],[107.5529,21.034],[107.5493,20.982],[107.5205,20.9264]]],[[[107.0309,20.7476],[106.9913,20.7424],[106.9121,20.824],[106.9517,20.8674],[107.0453,20.8361],[107.0633,20.817],[107.0633,20.7997],[107.0309,20.7476]]],[[[106.8653,20.8153],[106.8545,20.7962],[106.8041,20.8431],[106.7681,20.8639],[106.7969,20.9281],[106.8545,20.8587],[106.8653,20.8153]]],[[[107.1677,10.3976],[107.0849,10.3368],[107.0777,10.3871],[107.1497,10.4201],[107.1749,10.4462],[107.1965,10.4462],[107.1677,10.3976]]],[[[106.6169,8.6824],[106.5881,8.6806],[106.5665,8.7015],[106.6601,8.7657],[106.6493,8.7223],[106.6529,8.7015],[106.6169,8.6824]]]]}},{"type":"Feature","properties":{"iso":"732","name":"서사하라","en":"W. Sahara"},"geometry":{"type":"Polygon","coordinates":[[[-8.6851,27.6569],[-8.6815,25.9955],[-12.0151,25.9955],[-12.0223,23.4679],[-12.6199,23.2718],[-13.1527,22.8204],[-13.0159,21.3344],[-16.9652,21.3292],[-17.0984,20.857],[-17.0048,21.4212],[-14.7511,21.501],[-14.6323,21.8604],[-14.2219,22.31],[-13.8907,23.6919],[-13.3111,23.9818],[-13.0627,24.4002],[-12.4327,24.8307],[-12.0619,25.9903],[-11.7199,26.1049],[-11.3383,26.6327],[-11.3923,26.8826],[-10.7587,27.0198],[-9.8191,26.8497],[-9.4123,27.0892],[-8.7931,27.1205],[-8.8183,27.6569],[-8.6851,27.6569]]]}},{"type":"Feature","properties":{"iso":"876","name":"월리스 푸투나","en":"Wallis and Futuna Is."},"geometry":{"type":"MultiPolygon","coordinates":[[[[-178.0452,-14.3179],[-178.1028,-14.3249],[-178.1604,-14.3127],[-178.1928,-14.2554],[-178.1784,-14.2311],[-178.1424,-14.2433],[-178.1064,-14.2849],[-178.0452,-14.304],[-178.0452,-14.3179]]],[[[-176.1624,-13.3336],[-176.1768,-13.3406],[-176.1948,-13.3024],[-176.1696,-13.2433],[-176.148,-13.2225],[-176.1264,-13.2676],[-176.1624,-13.3336]]]]}},{"type":"Feature","properties":{"iso":"887","name":"예멘","en":"Yemen"},"geometry":{"type":"MultiPolygon","coordinates":[[[[53.0843,16.6489],[52.3283,16.293],[52.1735,15.9562],[52.2167,15.6559],[51.6047,15.3365],[49.3511,14.6386],[48.6671,14.0501],[47.9903,14.0484],[47.4071,13.6612],[46.7879,13.4651],[45.6575,13.3383],[45.0383,12.8158],[44.617,12.8175],[44.005,12.6075],[43.4866,12.6995],[43.231,13.2672],[43.2814,13.6925],[43.0906,14.0102],[42.9358,14.9389],[42.6586,15.2323],[42.799,15.3261],[42.7162,15.6542],[42.799,16.3711],[43.1662,16.6888],[43.1554,17.2044],[43.3462,17.4857],[43.9186,17.3242],[45.1463,17.4266],[45.5351,17.3016],[46.7267,17.2652],[46.9751,16.9527],[47.1443,16.9475],[47.4431,17.1124],[47.5799,17.4492],[48.1739,18.1575],[49.4447,18.6557],[51.9791,18.996],[53.0843,16.6489]]],[[[53.7647,12.637],[54.1859,12.6648],[54.5099,12.5519],[54.1283,12.361],[53.7179,12.3193],[53.5991,12.3419],[53.3147,12.5328],[53.4299,12.663],[53.5343,12.7151],[53.6387,12.7082],[53.7647,12.637]]],[[[42.5902,15.3035],[42.5578,15.2809],[42.5506,15.3209],[42.5686,15.4077],[42.601,15.432],[42.6262,15.3677],[42.6118,15.333],[42.5902,15.3035]]],[[[42.7882,13.972],[42.7738,13.9494],[42.7558,13.9546],[42.6946,14.0084],[42.763,14.0675],[42.799,14.0119],[42.7882,13.972]]],[[[42.7558,13.7046],[42.691,13.6734],[42.7342,13.7532],[42.781,13.7689],[42.7954,13.7654],[42.7558,13.7046]]]]}},{"type":"Feature","properties":{"iso":"894","name":"잠비아","en":"Zambia"},"geometry":{"type":"Polygon","coordinates":[[[30.3969,-15.6425],[29.4861,-15.6963],[28.9137,-15.988],[28.7589,-16.5313],[27.9309,-16.8959],[27.0201,-17.9583],[26.7789,-18.0417],[25.4505,-17.8455],[24.734,-17.5174],[23.3804,-17.6406],[22.1492,-16.5973],[22.0412,-16.2623],[21.98,-13.0003],[23.9636,-12.9882],[23.8808,-12.7989],[24.0464,-11.4049],[23.9672,-10.872],[24.3668,-11.1306],[24.3776,-11.4171],[25.2885,-11.2122],[25.3497,-11.6237],[26.0265,-11.891],[26.8257,-11.9656],[27.1605,-11.5785],[27.5745,-12.2278],[28.4133,-12.5177],[29.0145,-13.3683],[29.5545,-13.2486],[29.7741,-13.4378],[29.7957,-12.1549],[29.5077,-12.2278],[29.4861,-12.4187],[29.0649,-12.3493],[28.4817,-11.8129],[28.3557,-11.483],[28.6473,-10.5508],[28.6041,-9.6793],[28.3989,-9.2245],[28.8705,-8.7853],[28.8993,-8.485],[30.7497,-8.1933],[31.0341,-8.5978],[31.3509,-8.6065],[31.6749,-8.9085],[32.4345,-9.1568],[32.9205,-9.4068],[32.9961,-9.622],[33.1941,-9.6255],[33.3525,-9.8616],[33.3129,-10.0387],[33.6621,-10.5525],[33.2625,-10.8928],[33.3813,-11.1584],[33.2337,-11.4171],[33.2517,-12.1132],[33.3417,-12.3076],[33.5109,-12.3476],[33.0213,-12.6305],[32.9673,-13.2242],[32.6721,-13.5905],[32.9925,-14.0228],[33.2013,-14.0141],[30.2313,-14.9898],[30.3969,-15.6425]]]}},{"type":"Feature","properties":{"iso":"716","name":"짐바브웨","en":"Zimbabwe"},"geometry":{"type":"Polygon","coordinates":[[[31.2861,-22.4025],[29.6625,-22.1456],[29.3637,-22.1942],[29.0433,-22.0188],[29.0253,-21.7966],[28.0137,-21.5536],[27.6681,-21.064],[27.7005,-20.5311],[27.2793,-20.479],[27.1785,-20.1006],[26.1669,-19.5381],[25.9401,-18.9392],[25.2417,-17.9687],[25.2597,-17.7934],[25.9977,-17.9705],[26.7789,-18.0417],[27.0201,-17.9583],[27.9309,-16.8959],[28.7589,-16.5313],[28.9137,-15.988],[29.7309,-15.6442],[30.3969,-15.6425],[30.4365,-15.9949],[31.2357,-16.0244],[31.9413,-16.4289],[32.9493,-16.7119],[32.9925,-18.3593],[32.7009,-18.9409],[32.8485,-19.1041],[32.7765,-19.3888],[32.9925,-19.9842],[32.4921,-20.6596],[32.3553,-21.137],[32.4309,-21.2967],[31.2861,-22.4025]]]}}]}
