{"generatedAt":"2026-07-19T22:29:26.349Z","regions":{"dongtan":{"south":37.14960053901502,"north":37.23862335149952,"west":127.04218621445547,"east":127.15616063942464,"zoom":14,"width":1328,"height":1302},"giheung":{"south":37.214881297555515,"north":37.3296019851605,"west":127.05566464888385,"east":127.17283398154184,"zoom":14,"width":1365,"height":1680}}}